0,1,2
0,860,2026-05-13 01:11:38
1,978,2022-06-23 20:36:06
2,371,2025-07-25 04:21:47
3,618,2022-09-01 11:20:10
4,167,2020-12-29 22:42:40
5,158,2023-10-07 14:00:16
6,988,2022-10-19 22:04:22
7,872,2021-03-18 23:00:03
8,159,2024-11-29 23:26:10
9,892,2024-08-22 15:56:24
10,554,2026-02-14 12:06:53
11,445,2026-06-25 20:48:43
12,891,2021-10-28 14:04:51
13,995,2020-05-16 09:01:20
14,190,2021-03-04 02:21:10
15,378,2024-03-17 05:46:04
16,276,2021-01-16 10:38:39
17,309,2025-05-31 22:01:27
18,952,2021-11-06 19:56:27
19,961,2020-08-07 03:21:13
20,952,2022-02-17 13:44:35
21,622,2026-01-21 08:42:18
22,771,2022-08-30 03:03:25
23,690,2026-03-01 15:09:03
24,174,2020-01-16 13:05:18
25,152,2025-05-21 06:06:01
26,724,2021-11-30 20:18:05
27,875,2021-04-18 09:50:25
28,139,2025-06-26 21:16:05
29,624,2026-02-06 12:11:23
30,541,2024-04-11 11:11:28
31,871,2022-12-14 14:29:16
32,891,2023-01-05 18:03:09
33,455,2021-01-31 02:42:22
34,920,2026-01-26 13:48:37
35,223,2026-03-17 01:53:24
36,905,2025-11-10 13:34:43
37,726,2025-04-28 18:56:15
38,320,2023-05-09 02:25:57
39,419,2020-05-22 16:36:57
40,957,2026-05-29 21:39:09
41,296,2025-01-13 05:10:13
42,920,2022-02-28 04:02:27
43,342,2024-11-18 06:52:40
44,512,2022-11-22 10:58:46
45,119,2020-10-01 02:24:35
46,489,2026-03-11 10:54:17
47,517,2025-02-19 00:50:44
48,383,2026-08-03 16:50:26
49,696,2024-08-24 04:09:36
50,739,2026-07-14 03:59:06
51,854,2021-02-17 09:55:34
52,269,2023-11-09 13:16:24
53,287,2025-06-11 18:38:30
54,732,2021-12-06 08:25:09
55,966,2024-07-03 01:25:56
56,269,2023-09-19 22:15:03
57,513,2025-04-30 08:57:23
58,249,2023-10-15 09:19:17
59,924,2025-07-06 22:43:06
60,754,2022-07-22 04:19:47
61,157,2023-08-07 08:46:26
62,176,2020-12-31 06:28:13
63,391,2024-07-25 23:31:48
64,957,2024-03-11 01:32:50
65,282,2020-09-25 09:45:32
66,378,2021-07-09 16:56:36
67,153,2021-12-12 06:56:53
68,303,2020-08-24 07:02:29
69,185,2024-01-16 22:12:17
70,379,2025-03-16 16:25:40
71,860,2021-05-22 21:01:15
72,283,2025-06-25 19:28:11
73,301,2025-04-27 18:35:22
74,135,2021-10-31 08:47:53
75,990,2021-01-05 09:01:24
76,185,2021-10-29 18:49:13
77,854,2022-06-25 20:14:43
78,724,2023-01-07 20:26:32
79,249,2020-02-06 15:58:08
80,517,2021-12-10 19:51:00
81,382,2022-10-30 19:51:19
82,217,2023-02-01 13:57:24
83,816,2023-11-29 14:16:13
84,749,2023-05-22 21:33:52
85,383,2024-06-14 18:06:00
86,261,2024-03-12 17:41:38
87,220,2023-03-03 09:43:06
88,235,2020-09-18 10:17:40
89,873,2023-02-08 08:41:45
90,970,2023-05-08 06:09:33
91,352,2022-09-11 01:51:54
92,423,2024-07-13 21:20:43
93,712,2020-04-14 20:31:18
94,178,2024-09-10 12:24:47
95,391,2026-07-16 22:36:52
96,688,2023-11-06 23:45:14
97,334,2025-12-29 20:50:30
98,743,2024-01-08 16:19:54
99,346,2026-04-05 05:18:06
100,139,2021-06-08 23:16:46
101,920,2026-04-08 05:43:57
102,957,2020-12-31 07:22:14
103,513,2023-06-11 13:50:56
104,713,2024-03-02 08:37:18
105,615,2021-04-27 15:03:55
106,345,2026-07-18 18:39:04
107,139,2022-03-07 16:07:55
108,420,2024-04-12 16:19:26
109,805,2021-09-09 04:12:21
110,207,2026-05-21 14:09:20
111,631,2022-01-08 02:31:21
112,386,2021-12-25 10:40:03
113,993,2025-01-25 08:13:48
114,365,2021-11-21 18:48:10
115,921,2020-12-26 04:39:27
116,345,2024-10-24 12:27:30
117,711,2020-01-20 01:34:12
118,911,2024-03-08 00:57:20
119,713,2025-12-15 06:01:43
120,993,2022-10-16 07:44:56
121,135,2023-07-02 04:06:24
122,170,2026-08-08 09:10:04
123,152,2020-07-06 09:18:29
124,119,2025-11-01 19:33:21
125,793,2021-07-02 10:57:31
126,730,2022-02-10 05:58:58
127,449,2024-07-10 00:14:14
128,119,2021-06-21 06:46:01
129,739,2025-08-28 05:07:23
130,217,2020-06-02 12:56:40
131,716,2025-12-30 19:03:38
132,710,2021-03-18 20:53:01
133,710,2021-04-19 13:28:24
134,290,2026-02-19 08:30:44
135,495,2022-04-21 22:43:40
136,313,2023-05-18 13:42:06
137,242,2025-11-01 08:39:38
138,514,2021-07-15 13:53:57
139,795,2025-09-26 23:39:07
140,645,2021-04-11 03:31:12
141,220,2022-03-29 08:53:33
142,952,2022-04-06 11:45:26
143,557,2021-10-18 01:35:31
144,858,2022-04-30 22:59:30
145,713,2022-08-18 00:00:42
146,183,2021-03-28 18:42:31
147,211,2021-01-03 16:04:46
148,333,2021-02-18 08:41:14
149,608,2023-04-27 08:29:03
150,394,2021-12-16 01:54:18
151,174,2023-07-04 13:47:07
152,941,2020-07-06 00:54:08
153,242,2021-11-29 10:22:57
154,825,2023-01-03 23:05:23
155,387,2023-11-04 05:07:25
156,506,2025-02-12 08:53:24
157,128,2025-05-12 13:41:56
158,989,2021-11-14 03:08:44
159,830,2020-08-28 05:06:26
160,858,2026-08-16 15:51:36
161,323,2024-11-29 05:39:24
162,594,2024-01-08 19:01:55
163,708,2021-06-19 15:58:31
164,696,2024-08-11 14:02:04
165,190,2023-07-11 00:45:55
166,323,2025-11-19 23:36:46
167,888,2022-07-06 21:55:21
168,162,2025-11-12 22:44:39
169,941,2024-11-07 21:46:15
170,235,2023-11-17 21:43:41
171,159,2021-08-31 17:57:39
172,805,2020-02-17 20:59:10
173,435,2025-04-06 15:55:10
174,539,2025-07-06 10:15:21
175,214,2023-02-13 01:32:14
176,909,2024-03-30 12:52:15
177,342,2025-02-23 14:51:36
178,169,2020-12-26 15:28:20
179,579,2025-07-30 23:41:01
180,102,2024-07-10 13:02:35
181,909,2020-01-01 02:50:38
182,257,2023-06-01 16:35:13
183,287,2025-02-11 10:23:52
184,805,2022-07-02 14:21:35
185,893,2025-04-21 22:42:23
186,435,2025-01-27 03:06:48
187,338,2022-06-27 00:21:22
188,788,2023-04-10 17:33:23
189,822,2021-03-11 01:57:10
190,475,2021-07-29 22:47:46
191,207,2021-03-14 08:39:12
192,310,2021-05-09 12:13:29
193,991,2022-02-19 22:21:06
194,713,2024-08-24 01:59:40
195,689,2026-08-08 03:49:57
196,508,2025-02-16 21:37:32
197,608,2025-08-05 00:33:47
198,710,2026-03-16 13:53:37
199,936,2025-09-13 05:44:37
200,687,2021-06-09 03:24:42
201,435,2023-08-11 16:56:24
202,569,2022-10-13 08:25:21
203,214,2023-04-19 14:51:08
204,409,2024-08-17 19:44:56
205,615,2025-09-29 09:53:44
206,276,2023-07-09 22:47:59
207,320,2022-06-09 06:13:39
208,840,2023-04-05 21:22:58
209,851,2021-06-27 22:41:11
210,170,2026-01-31 22:40:20
211,983,2021-04-17 11:35:30
212,541,2026-05-26 21:45:26
213,395,2025-12-26 09:56:54
214,747,2020-02-22 16:06:01
215,849,2021-08-18 01:42:03
216,303,2022-12-29 05:18:43
217,236,2021-08-22 01:44:50
218,557,2022-04-15 17:02:22
219,262,2025-01-27 03:39:55
220,395,2026-04-20 07:47:41
221,412,2024-05-11 07:32:50
222,814,2023-03-24 22:42:03
223,963,2024-04-11 12:26:50
224,952,2023-07-04 17:03:00
225,138,2022-10-26 06:39:55
226,154,2024-12-19 07:58:40
227,225,2024-02-15 18:34:47
228,976,2022-03-15 23:12:18
229,169,2021-12-27 21:04:11
230,628,2021-12-12 23:32:07
231,452,2020-06-15 13:17:35
232,629,2021-06-16 05:37:54
233,716,2020-01-24 10:29:45
234,371,2021-09-26 01:09:59
235,218,2020-07-27 20:39:53
236,208,2023-05-18 15:50:36
237,909,2024-01-06 02:50:45
238,978,2025-11-22 07:11:33
239,738,2025-08-31 05:26:34
240,373,2024-07-10 02:22:14
241,892,2022-05-23 21:21:21
242,174,2023-04-17 06:48:39
243,107,2025-04-29 17:52:48
244,464,2020-02-06 03:42:22
245,617,2022-09-11 20:39:58
246,335,2022-09-25 01:43:56
247,939,2024-04-11 03:24:16
248,515,2023-03-04 00:58:33
249,799,2024-03-15 16:51:32
250,617,2025-06-16 01:18:57
251,580,2022-02-27 10:32:05
252,682,2021-01-28 05:49:34
253,605,2020-01-31 20:04:13
254,136,2022-05-23 21:27:53
255,795,2022-04-22 17:53:44
256,605,2024-11-17 20:52:04
257,251,2021-09-21 00:29:45
258,713,2020-06-04 02:04:03
259,912,2022-10-28 17:04:36
260,799,2022-07-21 08:26:24
261,508,2024-07-14 13:20:01
262,755,2021-04-29 17:00:41
263,678,2020-09-16 23:37:02
264,514,2020-10-24 11:59:32
265,758,2023-04-02 21:19:38
266,890,2023-02-27 14:24:25
267,799,2020-05-06 15:10:34
268,756,2021-07-12 23:25:50
269,989,2026-02-13 09:40:09
270,771,2024-03-08 00:35:55
271,105,2021-08-02 03:02:00
272,862,2024-06-02 17:35:05
273,958,2022-05-10 23:47:57
274,830,2023-11-09 06:26:57
275,248,2025-09-30 04:10:11
276,192,2022-11-01 06:07:11
277,136,2026-05-12 01:54:48
278,456,2026-02-26 14:41:35
279,707,2023-04-05 21:04:16
280,954,2022-03-19 23:37:31
281,970,2023-09-17 11:08:42
282,287,2022-08-18 03:18:39
283,844,2022-03-03 10:31:28
284,429,2023-06-06 22:37:09
285,888,2026-05-10 11:51:20
286,807,2024-10-20 05:00:20
287,748,2022-06-26 22:47:41
288,126,2023-02-07 11:08:43
289,497,2023-09-20 15:29:28
290,730,2023-06-05 15:35:06
291,325,2020-12-01 08:54:52
292,712,2026-01-15 06:16:46
293,541,2020-11-09 23:04:57
294,668,2025-09-08 20:01:52
295,314,2026-06-29 12:49:37
296,478,2020-05-30 17:16:34
297,309,2026-01-19 15:41:49
298,211,2024-02-07 12:14:57
299,321,2026-08-12 23:54:18
300,608,2025-03-18 16:32:05
301,489,2024-01-30 16:00:42
302,575,2021-11-10 16:08:28
303,282,2022-01-03 18:36:42
304,729,2021-08-21 23:46:30
305,222,2024-01-09 01:14:48
306,596,2022-08-07 02:16:23
307,219,2020-06-24 21:13:33
308,743,2024-01-19 12:30:58
309,548,2020-07-09 01:41:20
310,102,2025-11-05 20:53:17
311,190,2022-12-14 18:34:36
312,325,2024-03-22 20:24:23
313,996,2020-11-14 16:16:24
314,952,2022-07-01 16:25:22
315,297,2023-11-14 15:50:30
316,378,2020-01-28 16:56:08
317,345,2021-11-09 07:04:32
318,240,2023-02-24 06:09:11
319,961,2024-01-23 19:45:52
320,579,2022-08-01 13:51:21
321,678,2021-04-09 15:43:30
322,445,2022-05-13 18:10:41
323,975,2024-08-10 00:15:02
324,844,2026-06-07 18:10:08
325,760,2025-09-30 01:57:36
326,512,2020-08-17 05:16:59
327,249,2025-10-17 12:38:36
328,282,2020-03-17 23:46:42
329,799,2023-03-07 02:13:28
330,186,2025-04-14 15:10:14
331,998,2024-08-09 19:09:50
332,541,2022-01-14 19:42:32
333,629,2021-11-17 23:43:21
334,860,2025-01-31 19:37:04
335,794,2024-03-29 12:08:06
336,738,2022-04-08 16:55:58
337,435,2024-09-15 04:38:06
338,435,2025-05-03 19:38:02
339,605,2025-12-16 16:48:07
340,350,2025-05-29 21:08:57
341,976,2026-01-17 00:57:49
342,323,2024-11-02 16:26:23
343,951,2020-06-26 22:33:27
344,794,2025-05-28 12:22:37
345,588,2026-06-17 03:27:08
346,716,2025-05-08 07:58:54
347,505,2023-03-06 19:56:34
348,207,2022-11-21 06:00:45
349,138,2020-01-30 18:33:07
350,517,2020-01-30 12:41:13
351,990,2023-07-17 13:23:06
352,100,2024-10-11 20:37:16
353,190,2026-01-04 13:36:23
354,167,2023-02-02 21:25:48
355,108,2024-08-19 17:50:35
356,936,2022-01-02 11:35:35
357,936,2022-11-05 09:36:22
358,365,2024-06-18 23:08:54
359,824,2021-05-02 23:14:28
360,352,2021-10-24 03:13:32
361,646,2023-10-18 17:39:44
362,708,2020-08-01 05:24:40
363,993,2021-01-08 04:30:59
364,435,2024-11-18 02:04:16
365,192,2024-02-27 02:38:02
366,333,2024-04-23 12:39:41
367,517,2023-03-19 22:38:03
368,963,2021-12-18 20:31:28
369,828,2022-04-06 21:59:51
370,162,2023-03-17 06:02:50
371,729,2025-09-22 16:44:14
372,609,2021-11-25 21:02:23
373,575,2020-01-02 05:05:17
374,154,2024-06-24 11:42:25
375,766,2026-07-28 06:33:00
376,913,2020-10-08 02:35:18
377,830,2026-04-09 18:22:22
378,257,2023-02-06 07:38:12
379,548,2024-07-12 18:00:16
380,325,2024-07-25 16:06:35
381,707,2025-08-22 09:21:07
382,588,2025-10-03 08:56:34
383,262,2026-06-12 08:44:28
384,376,2024-03-24 18:30:49
385,683,2023-10-23 14:43:29
386,572,2026-07-31 00:30:07
387,178,2020-10-03 12:40:50
388,756,2022-07-30 10:26:22
389,957,2026-01-03 00:44:53
390,775,2022-10-13 09:05:25
391,851,2023-11-01 02:35:59
392,912,2025-05-05 10:22:13
393,309,2026-06-07 08:11:47
394,560,2022-02-17 15:47:12
395,992,2022-09-18 08:13:14
396,710,2022-10-19 19:22:09
397,594,2021-03-12 03:58:05
398,182,2025-07-10 19:00:48
399,854,2026-01-26 01:54:30
400,283,2023-07-15 15:57:56
401,572,2026-06-11 08:31:11
402,352,2025-09-24 08:25:14
403,838,2026-06-20 04:03:33
404,802,2024-09-29 15:34:02
405,170,2023-11-23 12:55:43
406,469,2021-12-16 14:07:44
407,162,2025-02-27 10:44:00
408,627,2022-05-13 12:37:06
409,873,2024-01-21 19:55:16
410,728,2026-02-24 08:15:17
411,139,2023-11-06 11:11:31
412,250,2022-05-12 13:44:48
413,283,2024-02-04 12:17:28
414,249,2026-05-29 04:36:43
415,794,2021-02-13 23:17:51
416,992,2026-03-24 13:54:24
417,527,2021-08-20 23:09:30
418,534,2020-02-09 05:26:31
419,608,2025-10-18 17:46:20
420,279,2025-06-16 09:16:35
421,859,2026-05-14 01:25:06
422,128,2021-10-31 01:13:52
423,716,2025-05-05 20:06:28
424,513,2023-10-02 08:23:23
425,309,2026-04-02 08:22:01
426,735,2021-05-11 11:55:43
427,257,2022-03-25 18:36:41
428,464,2026-01-14 05:49:18
429,549,2023-08-24 21:32:31
430,365,2025-01-04 02:24:39
431,720,2025-03-14 20:09:55
432,243,2023-10-13 13:40:39
433,690,2024-07-15 02:05:10
434,336,2022-07-23 10:20:41
435,371,2022-12-31 19:41:25
436,383,2024-12-27 11:47:37
437,517,2025-01-18 13:10:11
438,419,2020-04-04 04:46:15
439,208,2022-10-27 23:44:47
440,342,2022-05-12 05:25:06
441,941,2020-09-18 15:35:03
442,286,2024-06-14 16:48:05
443,795,2022-12-11 19:09:05
444,287,2024-05-15 09:14:15
445,913,2023-03-09 14:40:08
446,618,2025-11-27 05:01:02
447,242,2024-01-01 10:55:30
448,305,2026-01-23 08:35:28
449,535,2026-01-17 05:37:38
450,608,2026-04-29 13:33:40
451,800,2025-12-26 09:58:22
452,235,2026-01-19 07:51:05
453,157,2023-06-15 11:26:16
454,100,2023-05-28 00:00:33
455,387,2021-07-12 11:18:30
456,605,2020-02-04 22:59:31
457,963,2025-05-08 09:00:49
458,342,2023-04-14 19:14:50
459,796,2026-02-23 11:12:26
460,988,2026-04-15 13:25:15
461,218,2024-05-15 12:14:16
462,342,2024-09-25 20:15:33
463,352,2023-01-18 09:41:47
464,280,2023-01-06 13:12:54
465,844,2022-01-17 04:18:07
466,282,2025-02-08 19:28:17
467,514,2025-07-08 06:20:01
468,870,2020-07-22 17:01:11
469,754,2021-02-22 09:17:08
470,435,2024-11-30 23:00:14
471,562,2021-09-09 00:31:13
472,336,2024-09-17 09:50:51
473,746,2024-03-01 14:44:50
474,353,2023-09-14 02:53:48
475,970,2021-08-21 01:17:49
476,860,2020-10-19 17:30:11
477,732,2022-10-21 12:53:00
478,485,2022-10-16 12:49:28
479,748,2020-05-17 06:29:47
480,655,2021-01-19 16:42:13
481,875,2024-05-12 21:19:59
482,218,2021-10-11 20:46:02
483,513,2026-03-01 16:07:16
484,235,2023-05-08 06:23:56
485,965,2022-06-11 03:15:40
486,793,2023-08-22 00:10:50
487,175,2026-07-22 03:25:50
488,683,2020-02-06 01:37:50
489,128,2025-04-30 22:38:09
490,283,2021-01-01 07:10:31
491,562,2023-10-18 20:03:03
492,472,2021-09-22 22:34:50
493,758,2021-05-30 15:14:20
494,467,2023-11-23 14:46:12
495,249,2024-03-27 11:46:08
496,236,2020-06-10 15:45:28
497,309,2023-04-22 17:44:31
498,688,2026-05-10 05:34:22
499,218,2025-04-02 08:55:53
500,729,2026-03-21 05:04:33
501,100,2025-01-14 09:52:16
502,631,2024-02-12 14:00:49
503,282,2025-09-03 12:46:11
504,892,2020-03-17 19:54:23
505,469,2022-09-05 10:46:04
506,338,2026-01-16 12:12:33
507,560,2025-07-30 17:09:39
508,645,2023-08-14 13:41:20
509,511,2021-01-29 16:42:04
510,871,2021-06-15 05:55:02
511,710,2021-03-14 15:12:06
512,353,2026-05-27 20:53:24
513,377,2025-06-29 16:39:44
514,183,2022-11-14 01:23:14
515,186,2020-10-17 00:59:58
516,834,2025-07-05 02:29:51
517,800,2020-09-05 11:35:47
518,222,2024-08-30 11:50:45
519,992,2022-12-24 16:02:46
520,784,2023-05-29 02:13:33
521,432,2021-02-18 23:14:34
522,159,2022-02-15 06:33:42
523,663,2026-05-23 20:11:35
524,615,2026-04-05 13:47:06
525,893,2026-06-19 11:43:29
526,822,2024-10-15 03:10:50
527,249,2026-03-02 12:32:21
528,377,2021-10-09 17:38:28
529,456,2023-12-14 10:35:20
530,150,2024-03-02 13:48:40
531,342,2023-08-17 19:15:36
532,794,2022-05-26 12:49:35
533,963,2022-11-06 11:28:28
534,301,2024-06-14 00:46:02
535,799,2020-03-07 16:08:56
536,149,2020-01-27 09:14:13
537,854,2023-07-13 00:49:52
538,952,2023-02-04 17:32:35
539,690,2026-05-30 04:06:02
540,329,2023-12-27 04:08:16
541,349,2026-07-12 07:14:16
542,449,2023-05-15 02:36:25
543,101,2022-06-09 23:04:46
544,873,2025-05-30 05:31:52
545,100,2026-06-18 03:38:41
546,366,2020-06-02 23:51:36
547,849,2020-11-17 01:58:49
548,957,2023-11-26 13:26:59
549,921,2021-05-08 07:47:41
550,297,2020-02-16 20:49:40
551,849,2020-08-09 09:33:02
552,987,2026-01-20 18:09:20
553,170,2022-06-23 04:03:43
554,911,2024-05-28 14:48:38
555,753,2025-08-29 02:14:27
556,691,2024-06-03 04:08:21
557,505,2025-05-03 18:47:03
558,276,2024-06-23 08:05:25
559,344,2024-11-14 22:08:48
560,535,2025-05-23 17:12:31
561,177,2026-05-29 06:35:39
562,216,2025-11-17 07:15:04
563,446,2024-10-27 10:43:59
564,753,2021-01-01 03:42:26
565,747,2024-02-05 11:12:20
566,135,2020-04-09 09:10:22
567,489,2024-12-16 19:09:28
568,871,2022-08-14 06:43:23
569,100,2020-12-17 03:47:03
570,683,2021-08-27 09:00:21
571,505,2021-03-31 09:28:30
572,225,2023-09-21 06:47:34
573,478,2022-04-14 17:33:48
574,178,2026-02-25 15:39:46
575,143,2020-03-16 12:37:57
576,242,2025-11-27 01:16:10
577,879,2023-03-09 06:50:44
578,966,2023-01-16 01:29:41
579,811,2020-02-04 02:24:42
580,383,2024-01-15 03:01:18
581,921,2024-05-02 07:24:32
582,983,2021-02-11 10:31:55
583,566,2025-12-17 02:11:12
584,344,2025-02-18 17:59:45
585,225,2020-06-11 07:59:33
586,958,2023-09-28 15:25:47
587,961,2020-03-16 11:43:22
588,549,2023-05-23 07:32:17
589,449,2020-09-10 20:16:56
590,727,2020-04-30 17:17:14
591,870,2023-10-31 12:42:08
592,890,2024-04-14 16:43:39
593,729,2022-07-20 13:15:36
594,495,2024-10-12 09:58:38
595,429,2025-01-13 17:08:13
596,967,2021-07-21 18:34:43
597,802,2022-04-08 04:19:44
598,110,2025-11-15 04:27:58
599,952,2021-08-17 20:59:36
600,626,2021-10-09 10:04:35
601,280,2021-04-29 05:20:53
602,269,2021-08-19 23:01:48
603,987,2024-08-22 13:19:28
604,513,2023-01-26 04:49:12
605,758,2021-06-22 05:01:48
606,167,2022-12-29 19:36:39
607,776,2022-08-09 07:43:01
608,730,2020-11-21 22:49:30
609,608,2025-08-19 19:30:45
610,464,2024-03-11 05:54:24
611,765,2025-04-24 04:10:12
612,891,2020-05-12 13:48:00
613,873,2023-01-10 13:14:47
614,136,2022-04-10 06:04:11
615,963,2024-12-04 19:31:44
616,873,2025-02-17 07:27:25
617,469,2020-06-20 19:47:52
618,669,2023-07-05 12:39:47
619,690,2026-01-05 16:41:56
620,225,2020-06-06 16:06:28
621,608,2020-06-22 07:33:34
622,177,2020-06-09 17:24:33
623,352,2020-07-20 06:18:28
624,489,2023-06-01 09:29:10
625,747,2023-04-20 19:58:03
626,128,2025-10-18 04:29:53
627,248,2025-01-24 02:46:32
628,696,2022-01-06 18:57:44
629,794,2021-07-08 12:26:20
630,508,2020-04-12 05:29:37
631,572,2022-04-07 14:05:16
632,218,2021-11-02 22:46:07
633,562,2021-04-12 22:28:40
634,581,2020-12-15 16:45:24
635,119,2025-09-26 19:10:24
636,909,2024-04-07 01:49:10
637,391,2023-10-04 18:55:42
638,631,2021-09-06 05:55:09
639,912,2020-07-29 13:19:19
640,158,2025-01-01 09:40:11
641,579,2021-06-22 06:00:39
642,352,2022-11-02 00:29:31
643,419,2025-08-04 17:51:00
644,220,2025-07-14 07:13:37
645,338,2025-05-02 14:26:28
646,342,2020-01-27 07:56:35
647,596,2026-04-02 06:03:11
648,512,2020-08-13 20:22:02
649,804,2020-05-12 21:36:53
650,976,2023-05-07 10:58:05
651,185,2021-03-22 13:11:10
652,851,2023-03-10 19:42:44
653,514,2026-06-02 17:11:29
654,615,2026-06-29 11:59:02
655,350,2023-05-10 10:23:57
656,669,2020-10-04 13:53:35
657,324,2023-04-14 15:08:07
658,505,2023-01-29 10:33:26
659,859,2022-05-09 22:13:39
660,992,2021-03-23 18:46:40
661,596,2020-12-25 15:46:44
662,176,2023-03-22 13:38:54
663,978,2022-11-29 16:36:39
664,549,2021-06-15 19:36:31
665,517,2025-07-31 15:51:11
666,892,2022-08-11 22:18:12
667,458,2021-04-29 00:29:40
668,814,2021-04-28 23:54:13
669,802,2024-08-25 13:02:21
670,554,2026-04-14 20:13:00
671,800,2022-04-04 22:18:16
672,571,2020-10-04 09:19:32
673,909,2023-08-19 00:07:43
674,785,2023-10-30 12:46:36
675,489,2020-04-29 05:12:21
676,975,2023-10-16 21:30:58
677,875,2020-05-25 20:08:30
678,100,2025-03-01 17:57:21
679,192,2024-08-22 23:03:53
680,517,2023-05-11 18:46:43
681,573,2026-03-24 17:01:13
682,193,2023-09-20 11:04:09
683,638,2020-05-07 10:24:40
684,605,2021-11-10 18:38:24
685,728,2021-04-23 09:45:54
686,573,2020-05-09 08:26:05
687,473,2022-08-31 11:28:53
688,256,2023-05-24 06:33:19
689,325,2021-04-04 11:50:02
690,594,2022-04-07 02:28:32
691,286,2025-05-30 16:09:12
692,160,2025-06-03 23:55:33
693,201,2023-09-02 04:49:55
694,954,2025-10-15 21:08:13
695,333,2020-05-29 14:24:45
696,824,2025-11-09 03:00:19
697,456,2020-06-29 21:54:38
698,729,2020-12-22 10:29:56
699,985,2021-02-26 16:49:42
700,513,2023-07-03 00:36:48
701,548,2022-05-09 10:12:12
702,720,2023-02-07 17:20:49
703,345,2021-04-26 08:09:10
704,349,2021-04-13 00:39:35
705,982,2021-02-23 06:34:22
706,909,2023-07-28 08:09:45
707,588,2023-03-06 18:15:10
708,784,2023-06-29 19:57:21
709,515,2024-12-22 01:08:01
710,139,2020-07-25 03:24:03
711,890,2024-10-12 12:11:45
712,566,2024-12-31 19:22:19
713,785,2022-03-22 22:48:42
714,550,2025-12-25 02:59:48
715,352,2025-03-22 18:08:05
716,262,2025-04-02 03:29:19
717,708,2025-03-21 15:14:14
718,189,2022-11-22 11:25:11
719,514,2023-09-15 10:29:31
720,416,2020-09-24 15:07:22
721,445,2025-03-04 05:18:49
722,809,2026-06-11 04:32:06
723,766,2021-03-14 10:35:41
724,784,2023-05-22 17:29:25
725,183,2024-08-20 07:39:15
726,276,2021-10-13 15:24:04
727,160,2022-05-02 22:37:27
728,223,2024-11-18 18:50:21
729,542,2022-08-25 05:42:42
730,618,2026-06-09 15:07:37
731,566,2025-03-11 10:35:06
732,799,2024-12-28 05:19:25
733,844,2021-03-21 21:52:38
734,655,2024-04-01 10:31:41
735,208,2020-09-08 02:13:52
736,712,2026-07-06 20:51:00
737,713,2021-08-23 21:09:28
738,280,2023-04-08 12:39:36
739,617,2022-03-12 06:43:56
740,978,2023-05-12 18:50:58
741,323,2023-06-01 13:45:58
742,135,2020-12-31 18:00:39
743,261,2024-07-13 04:54:18
744,214,2024-02-21 17:03:00
745,225,2026-04-12 11:07:55
746,645,2020-05-07 07:27:44
747,183,2024-06-02 20:20:45
748,849,2024-07-21 12:27:34
749,478,2021-12-11 15:08:12
750,105,2024-04-24 11:53:26
751,495,2023-03-27 21:08:08
752,828,2020-10-20 20:01:09
753,622,2025-06-16 21:27:08
754,668,2021-07-16 20:51:26
755,258,2025-02-10 22:38:59
756,250,2022-01-06 14:32:27
757,783,2025-01-17 12:22:14
758,728,2024-10-05 19:00:36
759,746,2022-08-27 22:32:17
760,735,2026-02-15 18:23:02
761,732,2026-05-16 15:45:23
762,696,2026-07-04 15:44:05
763,143,2025-11-26 08:29:33
764,342,2025-11-13 19:05:15
765,139,2020-11-15 21:40:34
766,989,2026-07-02 09:39:03
767,281,2023-11-08 17:49:00
768,556,2025-02-02 16:57:30
769,862,2023-09-19 13:22:51
770,564,2023-03-30 05:02:44
771,860,2023-05-30 23:50:36
772,190,2020-09-08 20:30:37
773,938,2026-06-04 01:42:18
774,550,2020-04-21 09:31:05
775,341,2025-09-01 02:54:50
776,596,2022-10-29 04:39:17
777,349,2022-11-18 00:47:07
778,176,2021-12-16 18:47:09
779,338,2025-01-03 11:51:11
780,190,2022-08-25 15:11:51
781,596,2020-05-15 10:05:09
782,906,2021-09-23 15:48:26
783,655,2024-04-18 07:42:28
784,830,2021-11-16 06:36:46
785,924,2023-11-14 01:41:16
786,126,2021-04-20 01:10:29
787,506,2025-05-04 09:30:47
788,682,2025-12-21 07:24:43
789,110,2024-05-16 15:16:09
790,107,2024-11-15 00:18:59
791,989,2025-01-12 12:43:20
792,628,2025-12-11 21:02:06
793,626,2025-12-16 20:22:54
794,896,2023-01-21 10:17:17
795,423,2021-02-06 08:41:37
796,860,2025-03-03 21:47:15
797,497,2026-08-08 06:33:21
798,182,2022-01-06 10:35:00
799,851,2020-02-04 02:00:26
800,954,2025-11-21 03:43:28
801,554,2022-06-17 23:18:16
802,732,2020-05-19 00:39:05
803,992,2022-06-07 19:40:07
804,846,2021-05-06 02:54:38
805,404,2024-03-19 21:48:57
806,517,2026-05-07 05:57:07
807,772,2022-01-24 08:18:29
808,208,2020-11-06 20:29:59
809,175,2024-10-14 22:57:42
810,655,2023-08-17 08:10:49
811,707,2023-02-09 01:24:24
812,785,2020-09-03 08:52:16
813,912,2024-12-09 02:31:59
814,303,2024-05-27 05:41:31
815,756,2021-08-12 17:49:27
816,445,2021-03-11 14:45:16
817,102,2020-05-22 02:04:36
818,119,2022-10-23 14:01:57
819,473,2021-09-01 20:40:00
820,456,2020-06-03 21:24:17
821,870,2023-09-12 12:36:00
822,982,2025-07-02 15:27:25
823,150,2020-10-14 17:14:00
824,711,2025-05-28 03:36:34
825,191,2024-01-10 10:43:19
826,646,2020-08-14 20:41:05
827,349,2025-12-29 10:05:53
828,329,2023-04-02 20:12:11
829,320,2020-06-10 12:42:12
830,366,2024-05-16 03:40:44
831,730,2025-06-15 02:56:40
832,825,2022-02-15 04:02:12
833,286,2022-09-03 15:24:04
834,666,2026-01-23 20:19:31
835,605,2025-01-14 00:02:21
836,925,2023-10-15 23:02:25
837,579,2022-05-17 20:42:33
838,431,2026-01-06 04:47:37
839,219,2020-10-22 01:47:09
840,921,2020-03-19 15:58:58
841,966,2020-07-06 07:44:41
842,404,2020-02-28 05:40:03
843,217,2023-06-12 03:29:39
844,346,2026-08-17 02:52:52
845,758,2021-04-12 15:38:51
846,489,2022-06-22 02:51:12
847,214,2023-10-13 23:43:25
848,873,2021-05-09 21:36:34
849,409,2023-08-10 06:48:02
850,928,2021-12-11 10:04:07
851,349,2021-08-01 13:10:44
852,558,2026-03-16 05:28:15
853,873,2026-07-11 01:08:06
854,666,2024-03-20 05:01:56
855,596,2020-11-26 00:00:11
856,963,2020-12-31 22:41:37
857,378,2023-03-08 13:44:51
858,666,2025-05-03 22:08:13
859,189,2023-01-14 16:28:26
860,575,2021-12-15 19:44:02
861,566,2022-01-07 22:31:39
862,256,2020-12-26 20:52:50
863,149,2023-11-25 13:00:35
864,992,2022-02-25 03:33:06
865,966,2024-01-22 17:32:14
866,615,2022-05-02 08:03:12
867,696,2021-09-03 21:54:58
868,875,2025-07-30 05:10:42
869,860,2020-06-25 01:41:23
870,799,2022-05-08 13:16:21
871,489,2025-01-30 01:06:47
872,965,2026-01-10 05:10:50
873,153,2025-06-09 16:07:04
874,297,2022-08-21 23:28:37
875,575,2023-08-28 13:12:47
876,182,2023-08-27 07:49:07
877,873,2022-07-21 03:15:47
878,730,2022-03-30 12:57:14
879,707,2025-04-13 18:31:03
880,539,2024-11-20 04:13:59
881,836,2025-02-06 05:24:23
882,535,2025-02-17 23:12:40
883,730,2023-01-09 06:21:08
884,353,2026-05-18 01:17:08
885,511,2025-03-21 14:26:10
886,293,2023-11-08 07:56:18
887,176,2021-10-04 20:39:57
888,346,2026-06-25 17:54:14
889,890,2024-08-13 16:31:55
890,163,2026-08-20 15:53:29
891,596,2020-02-29 23:27:47
892,729,2022-10-07 07:20:27
893,575,2022-06-29 18:09:58
894,862,2020-01-21 13:02:02
895,556,2025-08-27 01:27:33
896,152,2025-05-17 22:52:06
897,424,2025-07-21 07:05:35
898,455,2020-02-20 22:46:26
899,256,2022-06-11 04:22:18
900,575,2021-01-06 00:30:42
901,958,2021-10-24 22:29:54
902,690,2026-07-18 00:29:29
903,321,2021-07-21 22:25:11
904,571,2024-02-26 20:29:45
905,345,2020-01-06 20:04:24
906,309,2023-09-25 16:02:18
907,214,2023-01-10 22:39:34
908,753,2022-04-28 21:05:39
909,269,2023-10-07 23:59:03
910,982,2024-01-30 01:07:24
911,349,2025-03-21 19:02:23
912,349,2021-12-18 20:35:45
913,738,2026-04-15 22:49:13
914,409,2023-10-03 07:34:07
915,464,2025-05-13 23:48:37
916,729,2022-05-09 23:48:14
917,939,2023-12-15 08:32:43
918,747,2023-02-09 01:04:23
919,135,2025-01-27 15:32:33
920,788,2021-05-17 15:45:34
921,323,2025-12-22 09:28:39
922,379,2020-09-25 06:57:56
923,431,2020-12-23 02:25:57
924,912,2023-03-27 02:06:10
925,175,2021-04-03 22:09:31
926,870,2022-04-16 16:40:01
927,564,2024-09-02 21:34:59
928,618,2025-04-25 11:26:28
929,913,2020-03-28 09:12:04
930,225,2022-08-09 16:41:21
931,735,2026-06-28 10:41:41
932,279,2023-08-29 15:37:42
933,772,2025-12-11 17:28:29
934,907,2026-05-12 04:57:50
935,958,2021-12-04 08:14:30
936,283,2023-03-26 01:09:22
937,799,2025-02-10 05:39:59
938,718,2026-01-01 09:11:11
939,340,2021-09-20 05:15:07
940,340,2023-07-20 18:08:28
941,190,2024-02-23 05:13:35
942,846,2020-05-22 21:20:22
943,512,2024-03-07 14:34:10
944,605,2023-05-20 03:58:01
945,766,2025-08-07 04:29:59
946,987,2021-10-01 00:47:34
947,952,2025-09-09 10:41:45
948,557,2025-04-25 09:48:36
949,842,2021-08-25 18:46:58
950,860,2024-12-15 10:44:07
951,911,2025-05-15 01:08:43
952,783,2021-04-23 09:01:25
953,966,2022-06-21 14:22:05
954,610,2020-08-13 19:41:12
955,541,2025-11-26 07:50:59
956,893,2023-02-12 06:01:05
957,659,2024-12-29 21:42:05
958,952,2025-09-27 12:12:31
959,978,2025-09-26 01:58:42
960,174,2024-06-16 04:45:54
961,214,2024-02-23 12:23:00
962,799,2023-11-13 11:19:28
963,951,2026-04-16 02:13:46
964,378,2024-12-24 23:26:51
965,157,2023-03-28 05:51:46
966,214,2024-10-02 23:57:26
967,712,2026-08-02 19:05:09
968,834,2023-05-27 15:55:33
969,957,2020-09-27 18:48:24
970,183,2020-01-28 13:40:58
971,225,2024-08-24 05:35:29
972,983,2026-05-15 04:12:11
973,975,2024-04-12 09:35:31
974,340,2023-05-21 18:19:31
975,309,2025-03-13 07:01:50
976,493,2021-09-22 08:19:40
977,190,2025-04-19 03:41:42
978,309,2023-03-24 13:11:31
979,743,2022-09-29 00:07:48
980,175,2025-07-12 02:38:47
981,581,2026-07-08 15:36:27
982,921,2022-11-22 20:43:30
983,952,2021-05-04 11:32:46
984,753,2020-03-12 08:10:37
985,992,2021-08-21 10:29:56
986,462,2021-07-08 11:10:03
987,225,2024-01-19 13:40:58
988,934,2023-12-29 01:18:18
989,107,2020-11-10 16:12:49
990,729,2022-01-20 03:38:48
991,243,2026-02-05 10:55:20
992,575,2023-05-18 08:43:44
993,990,2024-01-24 03:34:37
994,664,2021-08-11 00:08:33
995,645,2024-03-07 15:26:21
996,795,2021-10-29 03:13:09
997,170,2022-06-24 06:50:57
998,309,2025-11-23 17:45:35
999,822,2021-04-11 13:29:58
1000,618,2021-04-22 04:59:01
1001,445,2023-11-27 09:44:23
1002,712,2024-12-15 19:33:48
1003,214,2023-11-02 05:45:19
1004,153,2021-04-30 07:08:54
1005,505,2021-08-06 22:14:19
1006,341,2022-05-09 04:05:27
1007,128,2021-04-02 02:01:49
1008,936,2024-11-01 01:12:06
1009,353,2025-10-04 18:03:30
1010,579,2022-11-02 01:04:19
1011,842,2020-02-12 03:50:07
1012,795,2022-04-21 18:57:12
1013,375,2023-12-10 00:05:09
1014,995,2023-02-10 18:22:22
1015,718,2025-08-12 23:39:15
1016,435,2026-05-24 02:06:52
1017,575,2020-02-27 16:13:45
1018,732,2023-02-28 05:57:48
1019,659,2020-01-18 23:06:59
1020,219,2025-08-27 22:30:23
1021,325,2026-08-11 05:28:43
1022,807,2021-03-15 05:53:22
1023,669,2024-10-03 06:32:14
1024,765,2021-04-07 10:07:29
1025,511,2025-10-29 04:31:48
1026,174,2023-03-26 17:46:02
1027,505,2023-09-05 15:07:24
1028,799,2025-02-14 19:47:19
1029,334,2024-12-23 07:35:26
1030,691,2024-10-18 06:54:04
1031,297,2025-05-02 21:23:11
1032,627,2025-07-06 21:06:25
1033,825,2025-11-10 21:43:05
1034,296,2021-08-10 12:25:44
1035,183,2021-02-20 23:59:57
1036,938,2020-09-22 11:12:21
1037,303,2024-07-13 03:14:53
1038,250,2025-08-06 08:48:45
1039,893,2026-07-11 18:17:48
1040,571,2024-06-27 11:30:42
1041,976,2024-07-14 15:32:17
1042,512,2025-02-05 03:07:16
1043,921,2025-07-29 07:40:08
1044,416,2021-02-11 23:03:53
1045,738,2025-08-02 21:01:11
1046,849,2023-09-01 04:19:39
1047,383,2021-01-29 02:42:48
1048,517,2025-07-09 14:12:18
1049,208,2025-08-01 15:32:16
1050,631,2023-11-08 17:34:01
1051,970,2020-05-09 13:56:58
1052,579,2024-04-20 14:20:54
1053,581,2024-12-17 14:02:02
1054,435,2026-03-30 21:55:49
1055,907,2021-11-03 15:27:08
1056,548,2024-05-12 15:48:07
1057,101,2025-07-02 21:35:43
1058,515,2026-06-01 15:30:35
1059,419,2021-10-02 16:03:25
1060,775,2025-07-19 18:24:39
1061,182,2023-12-15 09:20:03
1062,153,2026-08-15 01:08:53
1063,349,2023-11-29 23:37:01
1064,352,2023-10-29 12:06:27
1065,135,2024-01-03 13:22:03
1066,208,2022-09-27 07:15:41
1067,548,2020-12-13 22:04:55
1068,958,2021-04-13 10:10:01
1069,659,2023-08-28 01:29:42
1070,824,2024-09-26 18:32:57
1071,803,2022-12-28 00:44:30
1072,739,2020-04-01 10:24:36
1073,755,2023-08-13 18:06:51
1074,921,2021-02-13 22:43:13
1075,792,2025-07-27 16:51:48
1076,842,2023-10-22 05:39:19
1077,653,2024-11-20 06:31:40
1078,995,2020-11-04 17:13:18
1079,629,2020-07-13 09:36:25
1080,588,2022-07-14 19:47:05
1081,665,2026-06-26 03:37:21
1082,225,2020-10-02 18:51:33
1083,320,2024-10-15 06:22:50
1084,618,2023-05-21 16:51:19
1085,896,2026-01-20 10:12:26
1086,646,2022-10-26 19:32:29
1087,136,2026-02-20 05:56:01
1088,729,2025-10-15 05:36:31
1089,219,2025-03-29 08:59:40
1090,280,2024-11-11 18:46:40
1091,879,2025-11-09 06:23:29
1092,512,2022-09-11 04:47:43
1093,352,2023-05-14 13:26:20
1094,258,2020-09-20 20:13:54
1095,730,2022-12-29 09:41:10
1096,872,2022-08-25 12:15:07
1097,211,2022-02-25 00:15:51
1098,575,2023-06-25 14:31:35
1099,126,2024-09-24 20:57:02
1100,710,2021-10-14 08:08:01
1101,178,2023-02-11 21:35:11
1102,240,2020-06-21 23:31:50
1103,249,2020-08-14 02:20:38
1104,771,2020-09-17 13:57:23
1105,136,2021-01-04 12:53:46
1106,924,2021-07-29 07:07:36
1107,216,2025-08-11 03:33:42
1108,788,2026-07-05 16:16:31
1109,892,2021-01-04 07:38:07
1110,321,2023-07-07 10:53:37
1111,913,2024-05-16 23:47:15
1112,191,2024-09-28 06:09:06
1113,325,2022-05-26 08:28:26
1114,716,2026-08-11 01:31:34
1115,826,2021-04-07 10:34:27
1116,320,2022-10-06 08:56:50
1117,371,2021-08-16 11:30:45
1118,379,2023-06-16 00:41:57
1119,186,2020-05-22 23:42:51
1120,241,2020-08-11 22:58:50
1121,136,2022-09-08 08:35:24
1122,201,2024-01-26 21:07:34
1123,726,2022-08-26 14:24:00
1124,925,2024-05-28 08:19:05
1125,371,2022-08-22 09:13:55
1126,539,2021-10-18 14:40:20
1127,269,2024-07-22 01:17:55
1128,471,2025-07-06 15:47:26
1129,963,2023-09-24 22:27:56
1130,924,2021-02-15 05:44:16
1131,550,2020-09-28 11:26:38
1132,158,2026-02-21 23:20:29
1133,505,2020-04-22 01:41:41
1134,375,2024-12-21 20:08:00
1135,646,2022-03-30 20:19:20
1136,753,2020-12-02 03:10:15
1137,957,2021-06-16 19:43:26
1138,666,2023-08-01 14:30:55
1139,216,2021-06-30 08:11:43
1140,928,2023-09-03 09:12:05
1141,247,2024-02-14 05:25:56
1142,452,2026-05-25 07:01:01
1143,860,2026-04-06 20:39:40
1144,794,2020-12-30 14:12:16
1145,822,2021-11-22 01:25:39
1146,801,2022-12-01 04:05:23
1147,346,2026-05-12 03:00:45
1148,394,2024-11-17 14:52:43
1149,389,2021-04-30 07:45:13
1150,688,2022-12-26 09:47:31
1151,849,2021-06-17 13:54:13
1152,435,2022-06-01 09:46:43
1153,310,2024-09-09 05:26:50
1154,804,2020-04-27 09:16:15
1155,966,2025-01-21 07:23:37
1156,708,2025-02-19 02:00:30
1157,608,2023-08-17 22:25:43
1158,478,2024-04-19 22:27:47
1159,566,2022-11-15 02:06:35
1160,879,2020-08-01 10:59:15
1161,139,2023-12-22 19:42:51
1162,729,2020-07-05 00:16:32
1163,313,2024-04-09 09:25:42
1164,558,2021-06-25 17:02:37
1165,912,2022-12-02 05:32:31
1166,946,2023-10-21 14:08:05
1167,978,2025-12-12 13:09:16
1168,157,2023-07-07 01:08:31
1169,729,2023-02-24 23:23:59
1170,342,2023-03-04 08:39:53
1171,293,2022-12-16 16:20:27
1172,309,2021-11-06 10:47:31
1173,352,2021-09-11 17:54:59
1174,377,2024-12-07 01:12:09
1175,805,2022-07-30 05:02:30
1176,190,2021-10-31 22:29:27
1177,157,2025-07-20 01:28:22
1178,983,2026-04-16 15:29:31
1179,696,2021-08-29 03:22:05
1180,108,2023-03-09 05:53:10
1181,615,2025-09-14 08:36:57
1182,242,2026-07-26 06:37:00
1183,394,2026-05-26 05:26:58
1184,618,2022-10-05 15:43:06
1185,378,2023-09-08 00:18:43
1186,420,2021-05-14 12:23:37
1187,436,2021-03-10 10:09:01
1188,471,2025-02-28 22:42:30
1189,548,2023-01-08 19:42:00
1190,429,2020-06-28 20:39:28
1191,873,2026-05-20 04:13:55
1192,710,2023-03-04 10:51:03
1193,138,2020-10-16 17:38:24
1194,350,2024-06-21 08:11:15
1195,376,2024-06-21 02:01:54
1196,834,2021-10-29 12:49:25
1197,799,2021-09-23 03:19:31
1198,423,2024-11-05 23:51:58
1199,201,2021-06-21 11:42:06
1200,975,2024-02-14 16:12:31
1201,617,2024-05-08 15:17:36
1202,435,2024-09-28 02:48:27
1203,449,2024-02-17 19:11:27
1204,760,2024-10-10 02:02:32
1205,160,2025-03-13 21:14:41
1206,334,2021-09-27 15:33:40
1207,517,2025-11-19 02:18:29
1208,126,2020-11-20 15:19:09
1209,844,2023-05-15 07:33:27
1210,557,2026-05-17 01:35:04
1211,626,2020-07-03 16:06:32
1212,250,2024-08-18 03:29:42
1213,678,2026-05-17 08:22:16
1214,153,2020-11-30 16:01:07
1215,398,2025-03-10 05:50:11
1216,924,2024-05-28 01:05:26
1217,605,2023-05-04 10:37:46
1218,548,2025-01-16 19:51:16
1219,160,2022-02-05 06:11:05
1220,251,2022-11-28 21:06:27
1221,605,2020-03-14 00:25:07
1222,627,2021-12-04 20:30:29
1223,462,2024-07-17 21:47:38
1224,830,2025-06-16 09:39:52
1225,952,2024-01-17 22:43:44
1226,395,2024-06-05 09:05:08
1227,535,2020-02-26 06:07:52
1228,738,2022-02-09 00:13:30
1229,464,2021-08-17 20:15:27
1230,924,2026-01-15 06:05:19
1231,655,2025-03-13 04:30:27
1232,225,2021-04-22 05:57:09
1233,845,2024-12-28 15:30:01
1234,258,2025-01-15 18:15:12
1235,564,2026-05-21 12:03:21
1236,313,2021-02-24 20:54:45
1237,896,2024-08-29 15:47:37
1238,566,2026-03-20 09:02:31
1239,506,2025-06-14 16:37:46
1240,167,2025-06-21 07:45:03
1241,596,2020-03-18 13:36:20
1242,320,2020-09-17 08:57:41
1243,956,2025-04-22 03:31:39
1244,222,2023-11-21 14:44:27
1245,249,2021-10-22 09:46:12
1246,556,2023-11-09 14:14:32
1247,756,2026-08-04 21:21:58
1248,976,2025-04-02 04:56:18
1249,333,2024-05-17 13:53:43
1250,967,2024-01-15 15:51:54
1251,718,2022-04-28 09:44:47
1252,890,2025-05-31 04:11:12
1253,961,2025-07-08 03:50:26
1254,952,2025-07-15 09:15:13
1255,467,2020-07-11 00:22:56
1256,190,2024-01-02 21:10:11
1257,575,2025-08-24 01:51:04
1258,792,2024-10-29 03:39:14
1259,296,2026-04-20 07:31:16
1260,160,2023-12-26 01:49:56
1261,467,2022-12-31 04:54:44
1262,951,2025-10-12 19:42:06
1263,110,2020-07-25 14:51:29
1264,628,2021-03-30 03:50:39
1265,836,2021-02-21 17:02:32
1266,795,2021-11-15 20:07:55
1267,724,2024-01-21 05:46:18
1268,846,2024-12-13 16:31:46
1269,125,2021-02-10 04:41:23
1270,957,2021-07-18 03:54:12
1271,825,2024-08-29 00:15:53
1272,550,2025-04-24 10:18:32
1273,346,2020-12-15 08:23:45
1274,126,2024-08-26 11:40:42
1275,494,2021-09-12 16:26:50
1276,223,2021-07-19 13:26:58
1277,207,2025-02-22 16:50:43
1278,581,2020-05-01 14:09:49
1279,828,2025-10-20 02:05:21
1280,573,2024-07-03 05:27:03
1281,152,2020-05-31 21:59:41
1282,870,2026-06-11 01:40:45
1283,802,2025-10-30 09:26:25
1284,541,2026-03-17 09:46:47
1285,633,2023-11-10 00:52:17
1286,100,2025-12-01 19:58:09
1287,514,2024-07-12 14:41:13
1288,378,2026-02-07 19:50:39
1289,580,2024-12-16 22:22:56
1290,449,2024-07-14 06:56:19
1291,668,2020-05-31 17:21:24
1292,830,2021-05-31 16:34:18
1293,219,2021-01-15 16:35:19
1294,517,2023-10-27 20:10:01
1295,153,2026-01-20 18:16:15
1296,975,2023-05-29 23:27:32
1297,511,2020-09-02 11:16:40
1298,550,2023-12-22 03:03:48
1299,580,2021-05-25 14:19:36
1300,913,2020-01-22 14:21:15
1301,534,2026-07-10 18:45:57
1302,222,2025-12-24 19:14:22
1303,366,2023-03-11 21:50:52
1304,435,2026-06-04 21:08:45
1305,452,2025-10-29 23:15:06
1306,610,2025-10-16 18:12:52
1307,594,2024-01-19 14:06:09
1308,217,2024-10-09 13:05:05
1309,214,2024-10-06 04:30:13
1310,617,2020-11-15 11:43:33
1311,378,2026-08-06 17:33:49
1312,177,2022-12-16 18:31:40
1313,747,2024-12-07 22:59:31
1314,911,2024-09-03 05:09:32
1315,844,2025-06-08 22:29:08
1316,718,2025-10-03 16:07:44
1317,478,2025-02-08 15:02:47
1318,961,2026-04-08 11:58:07
1319,976,2024-07-31 03:07:23
1320,690,2023-04-01 01:33:09
1321,579,2024-03-01 09:23:19
1322,564,2025-06-13 00:50:09
1323,143,2026-08-12 13:03:59
1324,309,2023-06-03 09:13:11
1325,905,2025-06-25 00:07:35
1326,809,2020-10-03 01:26:30
1327,862,2023-06-22 18:28:57
1328,792,2024-03-25 15:53:46
1329,975,2021-06-27 04:32:40
1330,329,2025-01-16 21:28:09
1331,726,2023-08-25 02:51:39
1332,716,2024-08-04 12:14:57
1333,177,2023-10-20 17:02:42
1334,539,2024-12-19 23:17:41
1335,183,2021-11-09 22:01:36
1336,760,2023-06-19 17:41:07
1337,240,2026-04-10 02:12:39
1338,631,2026-06-20 01:36:33
1339,310,2025-05-03 16:57:01
1340,296,2025-12-18 05:01:17
1341,279,2022-04-22 07:53:45
1342,340,2026-07-01 14:05:51
1343,605,2023-08-05 12:37:02
1344,765,2020-04-05 10:27:11
1345,247,2020-04-08 16:20:24
1346,872,2021-01-07 03:06:34
1347,938,2023-03-14 04:11:16
1348,131,2021-01-02 04:19:26
1349,323,2021-11-24 01:39:20
1350,249,2020-04-21 22:03:19
1351,755,2021-02-08 10:09:26
1352,309,2023-08-20 08:24:52
1353,100,2021-05-10 01:12:15
1354,455,2026-07-28 07:31:32
1355,455,2025-08-28 12:07:17
1356,214,2023-07-27 14:35:26
1357,324,2025-06-06 00:26:40
1358,219,2020-03-17 08:35:37
1359,395,2021-02-19 07:48:35
1360,580,2021-05-29 09:36:26
1361,617,2020-12-09 20:32:13
1362,352,2021-08-06 11:34:10
1363,352,2022-10-01 17:27:58
1364,105,2025-01-24 01:00:52
1365,615,2023-03-30 20:10:00
1366,879,2025-05-29 08:38:16
1367,340,2024-04-06 11:53:40
1368,478,2026-07-24 16:18:02
1369,718,2025-12-27 18:04:19
1370,183,2024-06-07 22:07:53
1371,712,2026-03-29 08:56:27
1372,988,2025-08-29 10:56:43
1373,963,2023-11-04 20:16:48
1374,846,2025-01-28 08:15:42
1375,939,2023-10-31 06:29:38
1376,429,2020-03-06 22:08:41
1377,860,2020-01-09 19:30:00
1378,925,2020-02-09 21:11:26
1379,105,2025-06-25 12:34:05
1380,895,2020-11-13 17:01:57
1381,975,2024-12-28 21:07:22
1382,754,2024-03-21 19:22:24
1383,435,2020-02-04 03:29:23
1384,371,2022-03-01 14:00:14
1385,138,2020-03-22 08:43:58
1386,983,2024-01-05 06:05:52
1387,609,2023-05-26 22:14:14
1388,475,2024-01-26 01:17:31
1389,217,2022-05-06 00:12:52
1390,282,2024-06-10 03:55:17
1391,101,2025-08-11 15:10:35
1392,100,2026-05-06 21:43:38
1393,888,2021-12-19 02:37:08
1394,513,2020-09-23 04:16:59
1395,101,2022-07-22 16:46:50
1396,349,2022-02-24 21:01:44
1397,323,2025-12-22 19:16:43
1398,309,2025-02-02 00:27:41
1399,851,2020-07-31 10:27:54
1400,765,2023-01-27 03:43:33
1401,749,2025-07-22 11:33:48
1402,871,2022-07-08 01:17:58
1403,803,2025-12-20 14:20:00
1404,860,2022-03-08 10:05:56
1405,690,2020-04-13 23:14:44
1406,747,2020-10-31 07:12:10
1407,429,2023-06-27 02:40:40
1408,432,2020-04-24 15:27:51
1409,286,2023-10-01 08:15:06
1410,875,2022-09-03 10:53:03
1411,799,2023-09-28 16:50:15
1412,811,2020-10-25 19:39:28
1413,352,2021-01-26 20:28:37
1414,290,2020-12-16 01:58:02
1415,452,2023-07-07 22:04:50
1416,844,2020-09-10 14:03:19
1417,836,2024-11-03 02:06:43
1418,925,2026-04-09 01:18:54
1419,849,2024-07-03 03:39:48
1420,735,2022-08-12 19:50:42
1421,383,2020-02-13 14:24:29
1422,814,2024-10-19 19:39:06
1423,115,2020-04-16 14:33:21
1424,996,2022-02-27 03:06:00
1425,906,2020-10-03 18:50:53
1426,100,2026-06-05 04:40:32
1427,872,2023-12-26 13:30:46
1428,313,2024-12-26 05:15:08
1429,989,2020-06-29 01:08:19
1430,153,2024-11-20 16:41:48
1431,730,2023-06-28 18:56:34
1432,469,2021-08-19 04:30:19
1433,976,2023-11-05 09:23:00
1434,162,2026-07-30 21:43:09
1435,992,2022-08-30 16:52:53
1436,309,2020-08-11 13:22:12
1437,952,2022-03-31 20:58:12
1438,279,2020-10-07 10:12:42
1439,320,2025-03-29 19:44:21
1440,816,2026-06-27 18:21:39
1441,366,2024-09-10 10:10:06
1442,548,2020-06-21 15:14:58
1443,493,2022-07-02 22:14:29
1444,383,2022-05-23 07:30:47
1445,131,2023-09-19 23:24:13
1446,506,2022-01-24 00:23:00
1447,707,2024-01-05 00:35:07
1448,143,2023-04-05 14:12:40
1449,153,2024-01-14 01:01:12
1450,219,2023-03-09 05:14:56
1451,775,2021-12-14 10:54:35
1452,494,2022-01-01 06:01:11
1453,924,2022-12-08 03:01:53
1454,182,2021-07-16 12:41:50
1455,541,2021-03-30 10:59:13
1456,958,2025-02-11 07:23:51
1457,283,2021-12-02 16:51:39
1458,988,2024-11-11 22:04:07
1459,189,2021-06-19 06:12:34
1460,452,2024-03-12 10:38:27
1461,167,2022-09-28 01:48:39
1462,996,2022-02-13 17:18:50
1463,211,2023-09-04 07:03:40
1464,814,2023-02-21 04:54:32
1465,718,2026-07-20 15:13:46
1466,471,2025-04-11 21:39:04
1467,243,2025-09-14 12:48:56
1468,248,2025-09-16 11:31:33
1469,615,2022-01-03 10:45:23
1470,394,2025-06-02 22:31:30
1471,965,2026-07-08 12:40:58
1472,571,2026-07-19 20:02:13
1473,756,2022-04-11 14:55:15
1474,177,2022-06-14 09:27:56
1475,452,2026-05-29 05:59:53
1476,826,2022-11-08 17:05:08
1477,838,2020-12-10 09:28:33
1478,664,2022-07-31 18:02:29
1479,822,2023-10-09 13:28:29
1480,896,2024-08-02 11:51:31
1481,978,2023-01-23 12:01:11
1482,157,2022-08-15 08:41:04
1483,730,2020-12-03 09:53:32
1484,822,2026-02-17 20:05:50
1485,175,2022-07-21 03:07:04
1486,174,2020-06-05 17:12:21
1487,527,2023-09-10 08:19:47
1488,387,2023-01-29 06:45:38
1489,409,2026-02-02 08:00:49
1490,366,2023-02-28 11:50:25
1491,963,2024-07-19 18:48:41
1492,627,2025-04-17 20:32:48
1493,970,2021-09-03 12:14:14
1494,333,2022-05-09 15:14:33
1495,996,2026-03-13 14:46:52
1496,192,2023-10-27 02:20:54
1497,310,2024-10-22 22:26:13
1498,825,2025-01-17 17:01:23
1499,712,2026-06-23 04:19:47
1500,313,2025-08-09 21:53:22
1501,115,2022-07-12 13:27:43
1502,455,2024-07-10 22:34:19
1503,873,2026-08-01 00:36:50
1504,353,2021-07-23 04:21:36
1505,760,2026-06-08 12:24:13
1506,682,2024-05-19 02:34:24
1507,310,2025-04-28 03:21:36
1508,628,2025-01-23 20:57:19
1509,350,2021-12-03 03:43:35
1510,435,2020-05-11 22:38:31
1511,286,2022-02-03 06:04:58
1512,257,2024-04-29 09:13:14
1513,371,2025-11-17 02:29:03
1514,379,2025-10-24 00:10:20
1515,258,2024-08-09 12:10:07
1516,404,2026-01-06 13:30:47
1517,844,2024-05-12 06:08:55
1518,724,2023-06-22 13:52:45
1519,716,2025-04-28 05:38:36
1520,222,2023-06-25 18:12:32
1521,435,2025-02-22 08:12:00
1522,189,2024-12-30 02:52:25
1523,176,2022-10-08 16:21:58
1524,101,2025-07-03 14:29:36
1525,360,2021-01-08 09:41:56
1526,924,2025-02-12 11:44:53
1527,217,2023-05-03 12:39:52
1528,550,2021-12-18 13:15:11
1529,100,2024-11-04 14:24:58
1530,338,2022-01-21 22:36:06
1531,152,2020-06-27 07:56:55
1532,961,2023-01-26 20:34:18
1533,842,2020-09-30 22:46:46
1534,925,2022-06-08 15:26:48
1535,320,2021-05-11 11:04:48
1536,795,2025-08-28 10:26:28
1537,683,2022-11-01 06:32:02
1538,192,2020-04-19 02:40:44
1539,395,2025-03-06 12:21:47
1540,506,2022-03-07 12:02:00
1541,236,2021-04-14 22:58:08
1542,610,2025-03-16 15:29:04
1543,505,2026-02-24 21:15:45
1544,256,2024-11-27 04:30:52
1545,596,2021-10-22 05:53:01
1546,186,2021-02-15 05:18:07
1547,605,2024-05-19 05:04:42
1548,268,2020-02-15 21:17:09
1549,345,2024-01-06 05:13:45
1550,583,2025-12-20 06:28:44
1551,710,2025-11-11 20:42:45
1552,338,2021-02-25 12:44:19
1553,739,2020-08-02 19:00:03
1554,321,2024-03-25 06:59:15
1555,826,2022-09-04 06:05:01
1556,803,2020-04-24 00:21:52
1557,732,2020-09-15 07:56:06
1558,989,2021-11-18 23:10:02
1559,247,2025-09-30 03:52:20
1560,218,2026-04-21 20:12:39
1561,834,2026-01-27 12:27:07
1562,776,2022-05-25 03:22:20
1563,687,2020-03-02 12:41:20
1564,627,2024-05-13 06:29:14
1565,324,2023-02-14 20:39:23
1566,871,2020-10-02 06:26:19
1567,893,2025-08-08 03:45:34
1568,666,2026-05-20 05:16:06
1569,435,2023-08-21 20:44:24
1570,323,2021-06-28 10:11:40
1571,293,2023-07-26 21:30:04
1572,957,2020-03-13 19:58:37
1573,169,2024-04-15 16:40:47
1574,219,2025-08-24 18:45:00
1575,219,2020-03-27 19:48:57
1576,290,2023-06-19 07:47:27
1577,713,2022-09-24 19:05:03
1578,409,2024-03-14 15:18:12
1579,870,2024-03-19 06:41:02
1580,228,2024-12-22 23:56:21
1581,608,2023-02-13 10:41:50
1582,293,2020-06-11 16:50:26
1583,517,2023-03-27 00:14:54
1584,497,2023-09-18 10:15:13
1585,515,2020-08-09 21:15:51
1586,334,2022-06-30 19:55:24
1587,517,2023-08-10 05:28:40
1588,796,2020-09-21 15:04:12
1589,965,2021-08-02 06:08:05
1590,687,2026-02-26 06:15:32
1591,342,2024-10-11 23:29:19
1592,683,2022-03-20 07:27:11
1593,186,2022-10-16 09:18:36
1594,169,2022-04-04 08:55:50
1595,235,2020-11-23 11:25:24
1596,243,2025-04-12 14:27:32
1597,836,2024-11-10 04:52:50
1598,235,2020-03-22 12:27:54
1599,505,2023-05-14 19:34:09
1600,320,2021-12-20 08:24:29
1601,958,2025-01-31 09:24:35
1602,186,2025-05-23 02:21:08
1603,435,2025-04-06 06:09:58
1604,688,2020-01-18 00:55:32
1605,158,2024-03-12 15:25:59
1606,247,2024-06-04 23:23:24
1607,921,2023-06-14 20:37:04
1608,207,2020-06-08 03:24:59
1609,888,2021-10-27 06:48:27
1610,807,2022-11-11 23:22:32
1611,983,2025-06-24 20:44:23
1612,772,2020-08-24 20:24:59
1613,250,2022-10-07 07:30:02
1614,795,2024-01-20 20:45:43
1615,153,2021-08-28 08:38:29
1616,811,2021-08-26 08:15:38
1617,575,2021-10-23 00:07:49
1618,350,2024-04-23 12:45:37
1619,952,2020-11-25 16:58:12
1620,605,2024-09-28 05:53:27
1621,468,2023-05-22 16:34:42
1622,541,2024-04-16 18:19:46
1623,735,2020-12-30 03:40:36
1624,469,2023-11-11 04:17:47
1625,988,2024-06-18 22:19:00
1626,938,2025-07-07 00:06:04
1627,365,2024-09-07 16:26:41
1628,861,2024-10-31 05:11:23
1629,728,2021-07-04 06:31:11
1630,170,2021-03-27 14:36:52
1631,478,2022-01-30 06:03:47
1632,457,2022-02-24 08:57:55
1633,207,2024-12-10 20:58:39
1634,756,2021-11-11 02:18:05
1635,452,2021-05-25 08:04:21
1636,416,2026-07-26 07:30:31
1637,851,2021-02-16 00:03:17
1638,838,2020-01-30 21:37:50
1639,340,2021-01-31 06:33:50
1640,796,2024-03-18 19:33:48
1641,446,2025-06-13 15:48:21
1642,176,2024-10-25 10:23:43
1643,539,2023-11-06 10:52:15
1644,241,2024-01-19 21:25:24
1645,836,2020-08-22 11:55:21
1646,534,2021-02-14 00:29:55
1647,325,2024-07-03 23:53:56
1648,873,2021-07-22 00:38:07
1649,921,2025-12-13 08:44:48
1650,387,2022-10-15 11:28:39
1651,334,2025-04-30 16:26:42
1652,310,2020-01-13 20:52:20
1653,738,2024-01-15 01:51:47
1654,873,2024-12-24 07:38:31
1655,506,2020-11-29 11:27:59
1656,952,2025-05-04 21:54:44
1657,217,2021-02-15 23:24:18
1658,186,2022-03-10 22:09:55
1659,517,2026-05-31 22:32:02
1660,844,2025-08-01 02:19:53
1661,851,2026-02-25 14:10:57
1662,617,2021-04-18 15:42:34
1663,107,2022-09-23 06:10:48
1664,811,2021-01-01 03:27:45
1665,153,2021-10-18 10:57:24
1666,893,2023-02-22 07:46:16
1667,716,2025-05-04 21:07:42
1668,535,2025-12-29 20:46:31
1669,562,2023-09-25 07:59:36
1670,893,2020-09-21 20:21:24
1671,858,2024-04-12 20:41:50
1672,412,2024-11-24 07:14:16
1673,157,2023-04-06 02:07:05
1674,160,2022-02-09 23:07:36
1675,379,2021-06-05 10:24:36
1676,913,2020-01-07 09:03:37
1677,373,2022-02-16 12:27:20
1678,655,2024-02-04 21:59:50
1679,341,2025-10-29 21:38:37
1680,192,2021-03-12 12:00:34
1681,816,2025-03-01 10:09:52
1682,952,2023-04-30 07:31:43
1683,608,2021-08-26 19:18:09
1684,251,2020-05-20 19:20:19
1685,170,2021-05-20 08:54:45
1686,862,2025-05-13 20:53:13
1687,389,2023-04-08 22:24:03
1688,550,2023-09-26 04:52:45
1689,988,2022-07-10 22:47:03
1690,860,2022-01-03 15:46:25
1691,366,2021-10-14 00:35:25
1692,792,2024-09-26 21:30:22
1693,713,2024-05-22 12:04:33
1694,119,2023-03-05 09:44:59
1695,100,2026-02-22 12:06:08
1696,218,2026-07-05 01:54:59
1697,983,2023-05-30 14:41:10
1698,193,2021-07-17 14:44:30
1699,371,2021-08-16 06:13:51
1700,615,2022-03-12 23:41:00
1701,581,2026-06-15 03:43:50
1702,859,2021-08-27 12:27:43
1703,833,2021-11-20 01:06:22
1704,952,2025-04-24 05:03:07
1705,982,2023-10-18 18:27:09
1706,729,2024-07-12 07:02:07
1707,107,2024-06-12 15:19:44
1708,566,2021-12-07 20:47:24
1709,469,2021-01-02 14:55:52
1710,464,2024-04-14 08:40:41
1711,739,2024-02-13 00:07:07
1712,505,2021-05-14 15:41:42
1713,925,2025-09-18 07:01:37
1714,862,2026-06-03 15:17:44
1715,513,2021-01-22 18:11:24
1716,936,2024-11-11 09:36:08
1717,954,2023-08-25 02:45:58
1718,631,2026-01-10 05:25:52
1719,514,2020-03-21 12:35:52
1720,373,2025-12-11 15:04:33
1721,689,2026-07-23 17:45:52
1722,571,2021-05-23 06:42:57
1723,579,2022-01-10 19:44:11
1724,993,2026-03-22 14:51:20
1725,485,2020-06-09 04:36:13
1726,967,2021-10-22 02:35:16
1727,860,2020-05-23 02:07:32
1728,771,2024-01-29 17:10:27
1729,811,2020-01-01 07:19:02
1730,963,2025-10-28 09:42:34
1731,739,2021-07-26 18:31:44
1732,633,2025-11-10 11:38:34
1733,261,2022-05-09 22:06:42
1734,905,2020-07-02 07:02:12
1735,143,2023-05-12 06:08:38
1736,783,2022-06-03 18:22:17
1737,844,2024-09-24 02:35:16
1738,190,2024-04-12 20:57:10
1739,506,2025-02-11 02:16:43
1740,250,2021-08-09 17:13:04
1741,760,2023-01-08 20:44:41
1742,732,2024-03-04 18:42:41
1743,799,2025-09-25 19:10:26
1744,799,2021-09-20 10:50:27
1745,669,2020-04-16 19:15:04
1746,383,2021-05-25 17:07:43
1747,276,2024-07-24 02:21:40
1748,183,2024-01-26 10:49:17
1749,804,2022-07-13 08:00:06
1750,452,2022-06-29 12:06:50
1751,873,2021-05-20 05:33:46
1752,605,2023-06-09 18:52:51
1753,921,2021-01-26 16:22:44
1754,690,2023-03-01 17:17:38
1755,954,2020-07-15 05:20:48
1756,755,2022-01-10 11:51:47
1757,323,2025-12-17 17:38:56
1758,860,2024-07-07 15:37:08
1759,178,2020-02-08 21:32:45
1760,100,2021-06-01 04:24:36
1761,216,2022-12-31 01:58:46
1762,800,2024-02-25 22:49:15
1763,323,2024-09-09 22:29:11
1764,825,2023-12-20 14:32:18
1765,175,2024-10-18 16:45:56
1766,860,2022-07-26 09:40:54
1767,890,2023-06-05 13:49:20
1768,150,2021-01-04 20:05:04
1769,158,2022-09-10 02:10:36
1770,992,2020-12-12 23:18:35
1771,436,2025-07-11 00:27:43
1772,910,2021-07-12 15:31:32
1773,708,2025-12-20 22:07:25
1774,415,2022-02-17 23:00:45
1775,250,2025-12-28 23:22:15
1776,845,2025-12-03 21:38:02
1777,186,2025-01-11 05:43:59
1778,988,2025-11-14 07:11:04
1779,349,2021-06-30 16:22:03
1780,747,2025-07-22 12:10:23
1781,214,2021-04-08 10:58:43
1782,663,2026-01-17 03:18:19
1783,936,2023-04-17 08:13:00
1784,913,2026-05-18 12:13:59
1785,958,2025-10-12 01:59:29
1786,181,2025-06-22 01:22:00
1787,489,2025-02-28 10:19:22
1788,758,2020-01-22 11:56:46
1789,728,2024-07-04 11:00:06
1790,342,2025-07-08 06:05:33
1791,982,2021-09-21 13:07:58
1792,596,2020-01-29 04:49:42
1793,236,2022-07-15 15:25:23
1794,366,2024-02-01 13:57:11
1795,373,2023-01-08 03:28:42
1796,340,2024-12-04 05:08:22
1797,251,2024-11-12 00:22:56
1798,125,2022-03-23 03:12:18
1799,360,2021-07-01 12:26:47
1800,713,2020-05-09 05:42:12
1801,682,2025-05-17 21:17:07
1802,803,2025-06-26 17:31:51
1803,560,2021-06-05 10:48:48
1804,154,2024-06-25 16:46:59
1805,398,2024-05-11 04:07:06
1806,666,2020-03-27 04:09:22
1807,344,2020-02-25 21:15:03
1808,323,2023-11-02 13:38:47
1809,313,2024-11-14 15:18:18
1810,870,2020-12-04 13:15:39
1811,495,2025-09-25 05:15:17
1812,893,2021-04-16 08:44:15
1813,842,2024-10-23 06:30:45
1814,352,2021-02-26 22:46:32
1815,836,2022-01-12 06:54:37
1816,760,2021-09-01 07:07:08
1817,646,2020-06-06 08:12:59
1818,804,2024-10-12 00:39:12
1819,562,2020-07-27 12:26:33
1820,958,2022-08-05 07:21:27
1821,445,2020-09-08 16:27:41
1822,965,2023-05-31 03:17:23
1823,638,2023-12-08 22:26:15
1824,987,2020-07-13 05:02:00
1825,965,2023-08-10 06:18:30
1826,638,2021-02-16 13:11:16
1827,682,2025-07-05 11:21:19
1828,696,2021-01-31 21:00:43
1829,783,2021-06-17 10:23:47
1830,550,2024-01-20 23:49:37
1831,596,2024-03-02 07:41:17
1832,988,2026-07-21 12:05:56
1833,758,2021-06-18 20:47:38
1834,296,2020-06-17 18:58:56
1835,287,2022-02-19 06:45:28
1836,873,2021-02-08 02:34:39
1837,336,2023-05-19 23:30:48
1838,710,2025-12-25 23:09:02
1839,844,2022-02-24 13:35:45
1840,468,2026-04-14 11:57:23
1841,169,2021-04-25 13:04:30
1842,569,2025-11-15 16:50:01
1843,243,2023-01-27 22:08:18
1844,985,2026-05-08 01:50:44
1845,688,2024-06-16 15:43:34
1846,125,2025-10-04 02:10:28
1847,838,2025-09-17 12:35:49
1848,755,2024-06-29 19:17:13
1849,375,2020-01-15 05:36:13
1850,928,2020-02-06 16:29:32
1851,846,2025-11-20 08:19:54
1852,756,2023-04-28 22:17:35
1853,579,2021-12-01 07:02:34
1854,228,2023-04-10 01:40:09
1855,952,2023-02-11 04:17:55
1856,571,2020-07-30 20:15:52
1857,988,2025-12-29 03:00:41
1858,154,2024-02-20 10:05:45
1859,892,2026-02-27 08:46:08
1860,207,2023-04-22 10:03:40
1861,387,2020-02-12 11:14:46
1862,376,2023-02-19 05:16:01
1863,659,2026-07-17 03:46:47
1864,990,2024-04-13 20:16:55
1865,819,2026-03-06 06:52:28
1866,756,2023-08-21 08:13:37
1867,760,2024-06-07 04:28:14
1868,158,2024-11-12 11:09:57
1869,445,2021-01-18 15:11:29
1870,375,2021-12-22 06:36:31
1871,952,2022-01-08 20:18:01
1872,201,2021-10-29 05:52:25
1873,334,2022-02-08 02:09:04
1874,214,2022-10-01 14:58:41
1875,214,2024-07-06 03:46:33
1876,409,2020-02-18 19:06:24
1877,711,2020-03-25 03:52:00
1878,268,2020-06-28 04:15:49
1879,505,2023-01-01 04:40:38
1880,627,2020-02-08 03:34:47
1881,297,2023-10-18 22:05:12
1882,712,2025-05-21 18:57:28
1883,387,2021-10-30 09:21:30
1884,100,2022-09-25 01:34:44
1885,446,2026-02-04 03:01:52
1886,871,2021-02-25 17:18:06
1887,261,2024-08-28 04:00:58
1888,382,2020-04-08 07:27:24
1889,512,2023-12-18 20:18:14
1890,795,2024-04-24 21:56:45
1891,152,2021-04-05 15:10:07
1892,382,2021-02-20 09:22:04
1893,489,2023-09-28 03:23:59
1894,873,2020-12-13 01:38:09
1895,912,2024-10-21 16:21:38
1896,249,2024-10-07 04:57:42
1897,334,2023-05-20 19:52:18
1898,809,2021-03-01 08:58:31
1899,208,2024-02-20 08:51:58
1900,217,2020-11-08 00:55:59
1901,211,2021-08-23 10:09:24
1902,617,2025-05-13 02:07:36
1903,214,2023-02-14 04:05:20
1904,844,2022-01-14 12:22:20
1905,389,2024-10-02 15:44:26
1906,976,2023-09-27 04:51:41
1907,795,2022-10-04 12:26:35
1908,473,2026-01-15 17:31:34
1909,373,2022-07-31 12:05:37
1910,435,2024-09-23 16:36:49
1911,505,2022-06-17 22:05:15
1912,581,2020-01-12 06:54:01
1913,581,2026-04-06 15:08:58
1914,511,2020-09-01 11:23:54
1915,297,2021-07-24 09:29:09
1916,190,2026-03-08 13:15:13
1917,575,2022-07-08 01:47:08
1918,579,2021-08-09 12:46:01
1919,772,2024-10-05 11:03:44
1920,758,2026-07-10 02:30:53
1921,906,2021-10-09 00:09:23
1922,143,2020-11-19 07:04:00
1923,101,2024-09-01 04:48:11
1924,556,2021-07-27 23:33:44
1925,682,2023-05-11 15:26:46
1926,792,2024-12-23 20:44:00
1927,720,2021-03-31 04:03:56
1928,624,2020-05-11 19:48:11
1929,170,2021-10-18 00:25:53
1930,747,2025-02-03 17:45:53
1931,178,2026-06-01 16:19:45
1932,223,2024-10-01 05:17:05
1933,354,2024-03-26 04:47:13
1934,646,2020-08-17 07:25:11
1935,152,2026-04-09 19:53:04
1936,297,2025-04-02 15:20:41
1937,624,2024-07-17 12:10:03
1938,588,2024-03-01 20:27:12
1939,383,2021-03-20 03:04:23
1940,976,2023-10-06 00:15:18
1941,218,2026-01-27 03:04:13
1942,566,2020-02-14 09:12:35
1943,710,2020-05-12 07:17:05
1944,101,2026-05-02 01:36:50
1945,936,2020-07-06 01:20:05
1946,811,2023-06-18 00:22:48
1947,645,2024-06-18 16:12:20
1948,838,2024-05-19 23:22:08
1949,822,2021-02-02 10:26:57
1950,398,2025-08-24 03:32:51
1951,365,2021-09-07 00:37:50
1952,849,2025-05-07 18:55:54
1953,732,2023-04-03 05:09:43
1954,615,2020-11-18 20:05:45
1955,776,2022-06-02 21:41:09
1956,131,2021-10-21 16:33:46
1957,220,2025-11-13 10:28:50
1958,618,2023-10-20 09:23:39
1959,854,2024-10-30 01:57:45
1960,365,2024-05-06 07:13:39
1961,186,2020-11-03 04:36:40
1962,473,2021-02-02 00:09:49
1963,125,2023-06-21 17:55:51
1964,352,2020-12-23 15:06:29
1965,633,2021-11-26 09:10:04
1966,638,2026-06-19 11:22:05
1967,784,2022-01-03 22:49:29
1968,178,2025-04-22 08:48:56
1969,157,2021-07-29 03:36:31
1970,360,2024-01-28 09:25:26
1971,854,2021-06-12 14:23:32
1972,150,2023-07-08 11:05:43
1973,730,2025-09-03 14:16:56
1974,605,2020-06-23 19:41:03
1975,398,2022-09-29 22:52:35
1976,313,2021-09-25 03:18:24
1977,282,2026-05-24 12:54:04
1978,382,2024-05-09 14:42:05
1979,809,2025-03-23 14:41:34
1980,100,2025-03-19 03:05:11
1981,911,2021-03-19 12:49:27
1982,303,2024-07-02 10:04:20
1983,336,2025-06-14 06:44:47
1984,320,2021-04-13 08:29:02
1985,794,2021-09-29 15:09:40
1986,219,2023-08-04 18:02:38
1987,365,2024-04-06 01:59:51
1988,581,2024-10-27 15:13:03
1989,478,2020-04-03 21:27:17
1990,468,2021-12-22 02:09:04
1991,349,2024-07-17 02:19:55
1992,217,2025-01-23 13:33:13
1993,725,2022-11-28 05:53:03
1994,350,2024-10-21 10:48:19
1995,683,2022-03-24 11:26:30
1996,320,2026-01-02 22:50:10
1997,376,2024-11-24 11:58:44
1998,690,2024-05-12 00:35:50
1999,309,2022-03-24 02:46:42
2000,575,2021-08-15 10:42:52
2001,222,2023-07-20 00:09:57
2002,431,2021-08-27 15:55:20
2003,422,2024-07-22 08:33:46
2004,493,2025-01-19 04:40:28
2005,800,2026-06-27 03:02:13
2006,513,2022-02-07 13:44:34
2007,365,2021-11-11 19:24:13
2008,809,2022-05-09 06:43:36
2009,934,2020-02-28 11:52:23
2010,738,2023-05-21 09:32:52
2011,921,2021-05-25 22:31:41
2012,608,2024-08-22 13:22:22
2013,788,2026-01-30 13:33:48
2014,957,2021-04-09 05:29:27
2015,826,2021-12-25 17:38:10
2016,631,2024-11-20 12:18:54
2017,338,2024-11-26 20:18:44
2018,313,2021-02-10 02:51:53
2019,795,2021-01-02 20:01:39
2020,456,2024-08-11 03:31:47
2021,838,2026-02-09 03:40:28
2022,170,2026-07-08 01:42:18
2023,816,2024-09-18 06:14:49
2024,548,2026-03-09 12:07:12
2025,854,2025-04-07 03:22:50
2026,391,2025-03-15 13:58:52
2027,248,2024-06-09 00:23:50
2028,382,2025-09-09 09:17:56
2029,338,2022-12-19 09:53:57
2030,814,2024-08-25 21:15:00
2031,100,2024-08-25 01:00:01
2032,495,2024-03-13 16:52:47
2033,435,2023-07-24 10:10:36
2034,342,2022-09-17 17:25:12
2035,489,2024-05-30 01:51:59
2036,193,2024-10-23 04:40:24
2037,119,2021-12-12 12:57:20
2038,957,2021-10-10 13:14:06
2039,983,2021-06-01 16:07:40
2040,193,2024-05-24 20:58:16
2041,689,2026-03-14 05:20:13
2042,350,2021-01-17 00:27:00
2043,729,2021-09-18 00:39:45
2044,542,2020-11-18 18:24:01
2045,138,2021-06-18 14:40:40
2046,594,2024-01-06 05:15:41
2047,572,2022-06-27 09:12:34
2048,833,2022-10-01 23:49:51
2049,279,2024-03-28 08:42:03
2050,349,2020-12-05 04:40:01
2051,282,2026-07-01 03:07:29
2052,963,2021-05-17 03:09:18
2053,775,2022-01-09 02:04:31
2054,150,2024-01-20 06:25:06
2055,765,2020-03-30 13:04:31
2056,301,2020-11-08 06:43:26
2057,581,2023-07-08 20:58:28
2058,920,2021-10-21 05:19:00
2059,281,2022-01-01 21:36:40
2060,186,2020-05-08 03:21:22
2061,936,2026-02-16 00:10:33
2062,398,2022-11-08 03:12:38
2063,416,2026-01-04 00:33:32
2064,293,2021-09-16 06:55:23
2065,422,2022-06-07 00:20:08
2066,756,2020-12-07 23:44:08
2067,965,2023-01-25 15:12:05
2068,809,2026-03-08 20:18:29
2069,513,2025-07-23 13:32:25
2070,860,2022-03-01 08:11:12
2071,334,2023-02-25 12:06:37
2072,820,2026-08-03 09:10:50
2073,724,2025-06-21 13:56:28
2074,747,2023-01-17 10:39:06
2075,186,2024-04-17 13:12:36
2076,664,2024-03-11 20:52:04
2077,508,2021-11-16 01:32:16
2078,996,2024-08-05 09:38:52
2079,605,2025-12-12 11:25:01
2080,422,2022-01-06 10:27:50
2081,728,2024-01-05 07:04:13
2082,377,2024-03-02 11:09:49
2083,633,2021-05-15 00:20:44
2084,828,2023-09-09 06:29:36
2085,814,2023-08-10 07:35:04
2086,159,2023-03-07 19:13:33
2087,445,2021-02-25 17:17:45
2088,220,2020-11-02 18:57:41
2089,803,2024-11-17 10:52:20
2090,219,2022-03-18 01:51:31
2091,746,2020-07-10 08:26:07
2092,290,2025-01-28 05:38:20
2093,183,2024-04-17 07:36:01
2094,799,2020-03-14 20:50:54
2095,753,2020-01-20 14:18:08
2096,833,2024-07-07 01:57:34
2097,924,2025-11-30 01:21:41
2098,738,2020-10-11 15:06:53
2099,423,2024-08-27 23:19:17
2100,978,2023-11-17 12:05:35
2101,365,2023-07-06 15:39:03
2102,152,2023-05-07 22:29:31
2103,297,2021-05-12 11:39:06
2104,153,2022-07-06 01:52:00
2105,712,2021-03-06 10:55:44
2106,333,2024-11-19 07:10:05
2107,688,2024-02-19 17:00:59
2108,990,2020-08-03 08:56:50
2109,871,2021-03-29 01:19:04
2110,629,2023-09-10 22:39:50
2111,449,2024-04-03 08:44:10
2112,873,2021-07-18 18:29:07
2113,341,2023-07-31 04:48:37
2114,378,2024-08-19 20:28:42
2115,485,2025-11-07 16:15:36
2116,523,2025-06-30 08:20:49
2117,911,2025-05-31 07:05:16
2118,893,2023-04-28 22:05:22
2119,467,2022-09-19 21:41:47
2120,854,2022-04-23 22:04:04
2121,754,2025-07-18 01:13:00
2122,136,2022-06-04 14:52:24
2123,310,2025-06-20 03:21:13
2124,262,2026-08-15 16:32:54
2125,633,2023-07-01 22:29:41
2126,495,2025-08-28 03:58:08
2127,756,2024-01-29 12:28:55
2128,313,2025-10-04 06:49:25
2129,310,2020-10-08 08:27:10
2130,334,2023-06-12 18:41:06
2131,512,2025-03-03 03:47:07
2132,107,2020-03-08 14:11:17
2133,153,2025-05-04 21:33:28
2134,664,2022-12-23 03:59:35
2135,668,2023-12-22 13:13:09
2136,489,2025-08-18 13:32:21
2137,805,2024-12-12 08:23:06
2138,185,2024-04-15 23:59:27
2139,100,2023-04-19 06:25:11
2140,906,2023-02-04 16:38:31
2141,162,2024-11-10 03:43:03
2142,248,2022-10-16 03:14:07
2143,805,2020-05-26 18:17:15
2144,324,2025-12-19 03:17:14
2145,988,2024-07-15 12:25:06
2146,756,2023-01-03 15:13:10
2147,279,2022-04-13 11:40:18
2148,110,2023-03-25 23:00:06
2149,375,2025-08-23 22:39:30
2150,845,2023-06-04 22:15:10
2151,573,2020-10-11 05:11:21
2152,100,2025-02-07 04:00:42
2153,875,2024-10-18 10:01:11
2154,952,2022-12-16 02:10:43
2155,293,2020-02-09 19:22:30
2156,541,2020-01-05 15:55:15
2157,139,2021-03-24 01:52:01
2158,954,2023-04-05 07:33:32
2159,243,2021-08-23 03:06:19
2160,588,2023-10-06 14:31:47
2161,554,2026-02-13 08:42:31
2162,468,2024-02-01 14:00:52
2163,664,2023-05-18 22:21:57
2164,162,2025-06-06 03:17:43
2165,162,2020-03-25 04:26:54
2166,756,2021-08-03 11:31:01
2167,494,2026-06-23 23:44:27
2168,174,2022-04-25 23:05:12
2169,795,2024-03-27 20:06:17
2170,605,2026-02-09 14:56:33
2171,325,2022-12-22 21:22:56
2172,713,2024-05-20 18:26:17
2173,201,2022-02-19 01:37:33
2174,822,2023-11-07 19:07:27
2175,814,2025-02-06 18:50:50
2176,154,2023-03-27 03:00:31
2177,963,2021-08-25 14:43:09
2178,354,2023-04-01 19:35:42
2179,218,2023-05-28 15:18:04
2180,802,2023-04-22 00:29:02
2181,445,2023-03-05 18:07:03
2182,921,2023-06-06 00:27:22
2183,208,2020-01-03 01:16:08
2184,554,2023-03-06 16:42:49
2185,412,2021-09-27 02:45:17
2186,189,2022-03-16 13:37:58
2187,471,2023-04-06 07:02:30
2188,456,2023-12-23 07:51:43
2189,282,2024-05-01 13:25:57
2190,954,2022-12-06 09:38:19
2191,687,2026-04-28 13:43:56
2192,218,2026-06-26 04:43:49
2193,303,2022-10-21 04:26:35
2194,303,2023-05-18 09:05:19
2195,954,2025-03-03 17:11:24
2196,352,2024-11-24 03:08:33
2197,157,2023-07-07 16:59:43
2198,217,2024-01-04 14:22:27
2199,749,2024-09-18 13:29:01
2200,391,2026-04-08 00:49:26
2201,183,2021-07-29 19:58:19
2202,279,2022-09-20 18:32:23
2203,844,2026-02-03 18:56:18
2204,805,2024-05-27 04:25:42
2205,796,2025-03-10 16:29:53
2206,805,2020-12-12 01:17:53
2207,464,2021-03-14 10:38:06
2208,799,2023-04-05 18:30:44
2209,713,2020-09-06 03:47:37
2210,395,2025-09-23 23:45:03
2211,822,2022-04-19 16:09:35
2212,398,2025-07-21 04:14:57
2213,395,2021-09-25 09:40:19
2214,678,2020-01-27 15:39:44
2215,303,2021-04-14 02:00:09
2216,176,2021-05-10 16:06:15
2217,108,2021-02-28 15:01:53
2218,435,2024-12-22 12:03:59
2219,485,2023-05-13 12:30:11
2220,905,2022-08-20 17:16:52
2221,167,2024-12-03 21:39:07
2222,896,2021-08-22 20:01:11
2223,143,2022-09-12 05:32:47
2224,514,2026-02-17 06:30:30
2225,691,2023-03-31 21:06:37
2226,475,2024-02-13 21:17:25
2227,159,2021-03-15 14:26:52
2228,250,2021-08-29 00:18:29
2229,296,2026-04-30 12:00:37
2230,907,2020-05-19 20:41:57
2231,377,2024-12-25 01:58:58
2232,549,2021-07-24 14:56:46
2233,431,2023-02-08 00:10:22
2234,344,2025-08-23 06:22:57
2235,110,2025-11-20 12:32:04
2236,325,2021-09-12 11:41:46
2237,854,2023-10-21 14:45:54
2238,279,2021-07-27 08:50:48
2239,338,2023-05-25 12:04:58
2240,340,2025-06-04 12:30:38
2241,338,2022-01-08 18:45:59
2242,550,2025-11-22 08:08:44
2243,218,2026-08-08 18:22:37
2244,966,2024-07-11 02:02:01
2245,816,2021-10-13 07:06:42
2246,758,2025-08-07 21:30:20
2247,293,2022-08-06 23:50:15
2248,795,2021-12-13 23:57:24
2249,126,2024-09-16 02:03:39
2250,236,2021-04-13 01:54:47
2251,707,2024-12-13 11:38:40
2252,833,2020-04-30 05:20:06
2253,325,2025-01-15 12:08:40
2254,862,2026-03-29 06:12:16
2255,765,2024-11-27 21:18:14
2256,710,2021-10-25 13:52:33
2257,550,2022-02-26 02:37:01
2258,760,2021-01-29 06:02:51
2259,712,2020-01-22 11:49:26
2260,954,2026-02-16 02:21:11
2261,560,2025-12-03 15:12:53
2262,834,2026-05-25 15:32:22
2263,472,2026-04-07 04:51:04
2264,825,2024-10-17 20:24:55
2265,784,2026-05-20 02:08:50
2266,957,2023-05-06 03:07:31
2267,776,2020-07-29 19:34:21
2268,225,2022-07-06 09:59:53
2269,236,2024-05-18 22:22:04
2270,729,2021-10-08 09:04:34
2271,753,2022-09-15 16:59:39
2272,344,2023-07-02 12:39:03
2273,794,2021-03-30 18:30:59
2274,626,2022-12-13 20:01:02
2275,115,2024-09-22 08:12:21
2276,378,2020-08-31 04:13:35
2277,297,2023-09-12 21:58:56
2278,214,2022-08-23 15:04:51
2279,682,2026-04-28 19:44:53
2280,352,2020-05-24 11:04:26
2281,729,2020-11-26 17:30:08
2282,383,2020-06-19 03:02:31
2283,550,2022-07-11 20:22:27
2284,523,2023-05-27 07:01:59
2285,925,2020-04-17 06:34:38
2286,258,2024-04-02 21:43:47
2287,668,2026-03-13 15:03:24
2288,893,2024-03-25 22:08:27
2289,822,2024-10-14 17:08:07
2290,825,2021-04-28 19:57:23
2291,664,2022-03-04 10:27:58
2292,992,2022-09-02 07:05:37
2293,828,2022-07-19 13:47:48
2294,378,2026-01-05 18:02:51
2295,415,2022-10-20 01:04:03
2296,341,2024-12-01 05:18:02
2297,633,2023-12-03 19:41:56
2298,494,2023-04-12 04:38:25
2299,445,2021-05-16 21:04:04
2300,236,2026-02-04 06:31:45
2301,216,2024-01-02 07:28:45
2302,149,2024-02-11 17:18:55
2303,967,2022-09-27 16:57:17
2304,987,2026-01-26 16:06:03
2305,154,2024-08-09 22:39:31
2306,638,2020-11-17 06:58:08
2307,833,2025-11-03 07:19:47
2308,320,2022-05-13 03:23:46
2309,387,2021-08-04 01:15:44
2310,345,2025-02-01 03:01:31
2311,689,2020-05-18 08:17:37
2312,711,2023-05-15 02:03:17
2313,419,2024-04-21 15:01:55
2314,849,2024-04-24 14:02:14
2315,724,2024-04-02 05:42:27
2316,280,2020-08-02 21:19:02
2317,631,2023-11-25 00:58:38
2318,126,2023-10-09 08:51:48
2319,183,2022-06-05 00:21:46
2320,788,2024-11-12 13:50:46
2321,436,2020-08-21 03:35:24
2322,970,2023-03-23 17:29:27
2323,862,2026-05-16 16:16:10
2324,301,2024-04-10 14:47:59
2325,228,2021-06-24 00:17:51
2326,560,2023-01-28 02:15:49
2327,631,2023-04-26 10:36:25
2328,732,2023-01-28 11:17:42
2329,236,2020-02-20 03:19:36
2330,208,2023-08-07 08:54:11
2331,739,2025-03-10 00:28:00
2332,749,2020-05-31 11:30:40
2333,150,2026-03-29 06:26:03
2334,575,2020-11-21 08:57:39
2335,783,2023-07-10 02:28:11
2336,178,2023-02-05 08:55:31
2337,844,2022-07-20 20:11:09
2338,729,2020-07-22 07:07:41
2339,732,2022-01-24 21:32:55
2340,345,2026-07-03 10:02:35
2341,665,2022-07-22 01:45:16
2342,952,2022-11-20 00:43:54
2343,859,2023-12-18 17:45:02
2344,435,2022-08-19 11:06:04
2345,550,2024-12-22 03:32:04
2346,228,2022-04-15 10:36:23
2347,788,2024-08-30 02:41:27
2348,605,2023-03-05 04:01:20
2349,186,2024-01-15 10:26:57
2350,580,2024-03-14 15:18:39
2351,416,2021-10-18 11:02:18
2352,946,2021-09-06 18:01:06
2353,220,2022-05-16 10:32:45
2354,154,2025-09-12 18:45:22
2355,241,2022-05-30 12:53:37
2356,353,2021-09-06 12:48:41
2357,342,2020-11-12 07:36:32
2358,753,2026-02-23 23:26:34
2359,497,2021-05-11 16:51:03
2360,186,2025-04-18 21:33:33
2361,345,2023-07-22 08:12:53
2362,753,2023-04-15 07:21:15
2363,802,2024-01-22 07:29:20
2364,615,2021-04-17 22:15:28
2365,497,2024-08-06 11:05:22
2366,309,2025-09-02 02:58:23
2367,967,2025-06-06 19:14:28
2368,279,2024-09-11 07:36:52
2369,575,2021-05-28 17:15:49
2370,925,2024-07-27 21:37:42
2371,409,2022-12-02 09:21:20
2372,579,2020-11-29 13:26:32
2373,512,2026-06-17 15:40:56
2374,321,2022-03-22 05:56:29
2375,415,2021-11-14 03:26:16
2376,352,2026-03-21 22:59:30
2377,138,2021-02-17 04:55:02
2378,975,2024-11-02 00:44:10
2379,707,2021-06-26 16:55:33
2380,924,2024-05-08 13:22:08
2381,646,2026-03-31 07:45:18
2382,579,2023-10-11 10:37:38
2383,489,2021-03-17 23:02:04
2384,845,2023-12-24 14:58:26
2385,760,2025-01-16 23:53:27
2386,691,2025-05-08 22:08:46
2387,457,2026-08-11 16:05:09
2388,297,2020-02-01 18:37:23
2389,395,2025-01-31 12:20:28
2390,435,2025-09-14 23:37:17
2391,811,2021-01-31 07:19:31
2392,160,2020-07-16 18:33:57
2393,859,2026-07-02 16:54:59
2394,214,2023-03-14 10:24:20
2395,713,2021-12-31 04:02:52
2396,811,2022-05-12 13:33:17
2397,753,2023-07-11 03:22:18
2398,683,2021-04-30 09:17:31
2399,825,2022-07-05 05:18:58
2400,178,2021-03-10 07:42:17
2401,143,2021-01-28 06:35:53
2402,910,2021-11-22 00:38:57
2403,360,2026-01-20 17:51:12
2404,796,2025-06-23 00:23:13
2405,645,2026-05-28 13:46:28
2406,517,2021-05-31 14:18:58
2407,511,2021-05-06 14:56:27
2408,475,2022-12-13 02:55:08
2409,596,2021-04-22 11:51:05
2410,513,2022-06-30 23:04:20
2411,961,2025-09-07 10:17:29
2412,760,2025-10-01 21:49:04
2413,110,2023-07-13 01:27:06
2414,456,2025-11-05 10:12:53
2415,467,2020-05-25 20:40:00
2416,494,2021-07-14 18:24:55
2417,952,2022-06-20 21:12:16
2418,556,2021-09-12 15:52:11
2419,497,2025-07-27 09:08:12
2420,167,2020-12-29 16:54:46
2421,615,2022-05-27 00:27:04
2422,765,2026-04-03 19:13:45
2423,912,2020-06-07 13:44:16
2424,609,2024-04-06 20:37:15
2425,282,2023-11-29 15:33:42
2426,722,2022-01-07 09:53:14
2427,605,2023-04-11 21:31:31
2428,814,2024-05-25 19:22:34
2429,235,2023-04-25 03:14:07
2430,257,2023-03-22 13:28:20
2431,748,2024-10-06 03:11:29
2432,934,2023-07-30 21:07:22
2433,772,2024-06-18 22:08:49
2434,988,2025-06-04 15:38:26
2435,334,2022-08-19 00:18:17
2436,550,2022-05-31 13:03:35
2437,321,2023-08-16 08:43:20
2438,735,2024-05-22 14:27:25
2439,190,2020-08-11 08:31:46
2440,756,2023-10-23 20:52:02
2441,543,2025-01-07 13:14:36
2442,605,2021-11-13 17:13:49
2443,819,2021-03-27 19:39:21
2444,404,2026-01-19 00:46:01
2445,423,2024-04-02 02:49:45
2446,785,2023-12-15 17:04:41
2447,185,2025-10-25 06:23:34
2448,219,2021-10-05 17:25:55
2449,665,2022-07-28 09:51:10
2450,858,2024-03-11 10:26:13
2451,320,2022-10-15 00:02:54
2452,249,2025-11-26 03:32:25
2453,666,2025-06-09 01:10:18
2454,149,2020-04-09 07:40:49
2455,990,2022-10-09 01:17:47
2456,290,2024-03-27 20:25:08
2457,297,2023-01-10 02:04:04
2458,435,2024-08-28 00:00:47
2459,998,2026-01-27 19:58:09
2460,941,2026-08-06 12:12:53
2461,186,2023-07-02 10:27:32
2462,138,2020-04-05 09:17:29
2463,710,2021-02-12 08:41:36
2464,139,2024-03-22 09:27:05
2465,192,2024-07-22 17:17:30
2466,799,2025-12-24 16:15:24
2467,738,2025-07-28 23:25:23
2468,268,2026-02-16 22:06:28
2469,382,2026-06-24 00:25:49
2470,776,2025-01-05 11:30:36
2471,756,2023-06-26 10:09:51
2472,760,2020-12-08 03:35:10
2473,834,2025-06-29 18:15:05
2474,143,2024-07-09 19:53:30
2475,354,2026-05-09 07:03:49
2476,475,2022-10-29 13:19:47
2477,792,2021-09-08 01:20:44
2478,888,2024-07-23 00:17:44
2479,988,2026-04-22 15:34:31
2480,633,2022-08-23 10:29:45
2481,936,2025-10-08 17:54:47
2482,497,2020-11-29 03:27:44
2483,618,2024-03-18 04:48:00
2484,718,2025-10-30 23:07:10
2485,219,2024-11-27 03:02:56
2486,250,2025-07-21 05:40:51
2487,859,2025-06-18 04:47:55
2488,276,2024-09-08 12:00:18
2489,579,2024-11-18 09:46:59
2490,269,2023-01-15 16:20:39
2491,539,2024-03-02 18:41:10
2492,143,2023-04-03 16:43:13
2493,588,2024-02-29 16:38:16
2494,139,2025-03-10 06:59:21
2495,963,2021-07-08 05:33:45
2496,788,2025-04-24 00:20:26
2497,912,2021-09-07 15:04:00
2498,548,2022-02-07 06:44:06
2499,659,2025-02-21 10:06:03
2500,383,2025-04-03 19:10:04
2501,554,2026-04-09 07:22:40
2502,415,2022-02-28 08:18:52
2503,858,2024-10-11 18:46:19
2504,379,2024-07-09 08:35:34
2505,624,2022-04-09 02:37:09
2506,102,2022-06-05 08:11:16
2507,854,2021-02-23 04:51:33
2508,996,2024-04-17 10:36:49
2509,816,2023-02-09 23:55:39
2510,725,2025-04-23 06:10:00
2511,223,2022-08-07 06:05:59
2512,588,2021-08-23 04:10:30
2513,951,2020-01-02 10:04:57
2514,214,2020-08-01 04:32:51
2515,345,2024-10-08 21:30:20
2516,149,2025-08-11 03:15:35
2517,152,2024-03-25 12:45:30
2518,549,2023-06-30 16:20:33
2519,342,2022-05-26 05:40:53
2520,596,2021-08-08 13:35:28
2521,921,2022-10-23 21:07:35
2522,100,2024-11-18 20:22:11
2523,286,2024-02-06 14:49:42
2524,154,2024-10-03 06:39:35
2525,605,2022-02-21 12:23:11
2526,456,2020-02-13 06:28:23
2527,394,2022-03-09 00:37:19
2528,429,2021-01-20 11:58:16
2529,170,2020-02-23 19:17:02
2530,517,2023-01-31 20:30:25
2531,871,2022-11-02 08:40:03
2532,754,2026-06-01 00:55:45
2533,963,2025-04-12 19:40:29
2534,765,2021-12-12 15:47:55
2535,517,2026-02-12 03:02:23
2536,153,2021-09-19 22:47:11
2537,125,2021-06-23 02:26:53
2538,995,2021-05-04 01:28:40
2539,983,2020-09-12 10:06:54
2540,542,2023-02-10 06:41:39
2541,913,2020-03-09 10:53:43
2542,297,2023-07-20 22:10:57
2543,996,2024-02-09 16:00:42
2544,378,2024-09-01 21:42:03
2545,324,2022-03-01 16:09:46
2546,446,2020-12-09 05:28:02
2547,175,2022-03-24 22:32:26
2548,687,2020-01-14 09:17:35
2549,554,2021-04-27 10:29:36
2550,689,2020-12-18 18:59:29
2551,183,2021-04-21 02:11:46
2552,890,2022-01-30 10:37:40
2553,376,2020-03-23 05:50:00
2554,445,2024-03-14 14:05:56
2555,333,2022-10-07 09:53:43
2556,624,2022-02-21 23:48:47
2557,618,2023-06-25 01:24:45
2558,720,2021-12-30 08:08:36
2559,573,2024-08-22 07:53:12
2560,225,2022-03-27 05:18:16
2561,325,2024-12-05 08:05:31
2562,549,2026-06-28 11:22:49
2563,624,2025-11-12 14:53:40
2564,334,2021-11-29 01:53:37
2565,159,2021-09-29 17:36:13
2566,822,2024-11-12 11:41:51
2567,560,2023-03-28 06:21:44
2568,718,2025-08-25 17:53:47
2569,820,2023-01-06 02:32:49
2570,988,2022-11-23 06:29:16
2571,353,2021-04-17 16:42:40
2572,728,2025-04-30 04:29:37
2573,218,2024-03-04 18:24:42
2574,739,2020-05-18 10:44:06
2575,760,2024-01-09 00:10:26
2576,320,2023-10-02 10:41:57
2577,394,2022-02-05 11:19:10
2578,305,2026-02-17 05:48:01
2579,825,2025-02-12 18:36:44
2580,793,2024-06-23 15:53:15
2581,468,2024-03-08 19:21:30
2582,323,2024-07-01 09:02:59
2583,605,2022-08-17 16:06:26
2584,214,2023-01-08 18:25:37
2585,153,2021-11-02 16:10:59
2586,366,2025-11-16 06:36:48
2587,712,2021-06-16 21:21:50
2588,301,2020-08-08 02:19:50
2589,893,2021-08-02 11:29:25
2590,683,2025-03-01 00:42:09
2591,303,2021-12-05 09:19:05
2592,375,2022-08-25 06:27:05
2593,333,2022-09-29 04:43:35
2594,150,2024-03-12 00:30:10
2595,135,2021-02-13 15:35:43
2596,152,2022-05-20 15:42:24
2597,998,2025-03-13 22:15:48
2598,626,2021-01-27 12:08:20
2599,268,2021-06-30 12:49:20
2600,572,2023-03-05 21:46:55
2601,250,2024-06-01 17:04:22
2602,921,2026-07-30 00:14:56
2603,220,2021-12-30 07:23:23
2604,160,2025-08-15 00:39:38
2605,838,2024-06-18 02:41:14
2606,409,2025-08-09 06:02:13
2607,149,2024-11-18 02:21:24
2608,967,2022-01-06 13:09:18
2609,548,2024-05-03 21:52:30
2610,583,2022-12-05 13:11:10
2611,489,2025-10-20 03:29:51
2612,505,2023-11-19 21:46:06
2613,287,2024-07-14 00:10:20
2614,844,2026-06-11 16:24:43
2615,548,2020-02-17 15:41:42
2616,646,2024-09-26 01:19:27
2617,178,2021-04-19 19:51:51
2618,925,2025-01-18 16:23:49
2619,875,2023-10-04 17:23:07
2620,279,2022-01-02 13:34:48
2621,711,2020-11-23 04:00:21
2622,682,2026-08-14 08:12:32
2623,262,2025-02-06 13:03:29
2624,645,2020-06-12 03:55:31
2625,329,2024-02-12 01:56:38
2626,334,2024-02-21 08:27:21
2627,395,2023-04-28 00:34:17
2628,912,2023-04-16 11:26:01
2629,617,2023-08-22 09:40:02
2630,566,2021-04-02 11:46:02
2631,280,2024-06-10 07:11:05
2632,605,2021-01-22 04:46:09
2633,345,2025-07-14 13:57:17
2634,135,2025-02-19 22:39:15
2635,924,2025-11-14 18:29:02
2636,618,2023-08-30 11:02:09
2637,220,2021-02-18 12:32:46
2638,342,2023-10-15 20:47:19
2639,747,2024-06-29 00:11:47
2640,872,2020-11-20 13:07:50
2641,732,2026-05-27 08:19:39
2642,982,2026-01-17 07:44:51
2643,185,2024-03-12 18:30:13
2644,293,2024-11-24 08:47:44
2645,594,2022-01-30 08:32:42
2646,985,2024-06-20 05:43:18
2647,225,2020-01-21 13:13:01
2648,352,2024-08-24 21:08:17
2649,446,2025-03-09 19:50:40
2650,978,2021-02-01 07:14:01
2651,983,2023-08-22 07:04:39
2652,861,2025-03-01 18:26:40
2653,906,2023-09-08 17:24:30
2654,946,2026-04-03 00:21:21
2655,987,2023-11-19 14:09:29
2656,419,2025-08-05 06:34:44
2657,346,2024-05-16 08:25:02
2658,208,2026-05-29 02:40:31
2659,412,2023-11-15 02:13:47
2660,107,2024-02-21 09:18:48
2661,573,2025-01-23 21:29:01
2662,100,2026-07-23 05:39:22
2663,888,2024-11-02 13:48:01
2664,838,2023-03-08 17:47:31
2665,992,2024-03-17 17:08:24
2666,186,2021-05-20 03:25:13
2667,478,2021-03-29 18:18:11
2668,824,2021-10-13 23:25:35
2669,207,2023-12-12 06:26:57
2670,729,2023-02-16 10:49:23
2671,760,2021-03-08 21:56:43
2672,301,2023-07-25 16:34:34
2673,860,2022-07-11 12:31:48
2674,615,2023-03-18 14:10:59
2675,951,2021-12-28 12:18:00
2676,280,2023-09-30 14:41:11
2677,560,2021-02-06 12:37:41
2678,569,2024-09-09 13:12:40
2679,153,2022-07-07 04:39:39
2680,170,2020-11-25 19:36:46
2681,207,2020-04-03 10:39:15
2682,243,2026-05-20 20:30:43
2683,562,2024-02-25 00:47:38
2684,892,2024-05-13 17:32:55
2685,732,2021-10-23 14:23:46
2686,951,2022-09-07 05:30:59
2687,217,2022-03-29 10:08:18
2688,324,2020-05-06 06:36:29
2689,329,2022-09-30 21:38:28
2690,107,2021-12-25 14:32:41
2691,511,2023-09-18 05:15:29
2692,622,2020-10-13 00:47:02
2693,560,2024-07-22 16:30:55
2694,159,2020-10-15 13:16:56
2695,435,2026-01-09 03:45:49
2696,186,2025-12-27 22:01:28
2697,235,2020-09-01 09:51:25
2698,788,2020-06-12 11:25:45
2699,963,2025-09-26 20:41:28
2700,801,2021-05-23 03:09:54
2701,775,2026-07-02 03:46:10
2702,349,2024-08-18 21:21:09
2703,391,2022-09-22 15:13:16
2704,432,2023-09-13 20:44:04
2705,431,2025-07-06 07:48:16
2706,336,2023-04-24 22:28:21
2707,895,2025-01-18 22:16:36
2708,349,2020-05-26 04:09:33
2709,861,2020-04-16 07:56:23
2710,854,2024-01-25 22:18:19
2711,811,2021-10-10 18:40:19
2712,320,2024-12-06 21:18:09
2713,138,2021-06-10 04:38:18
2714,859,2024-04-22 08:40:14
2715,153,2022-05-16 18:19:09
2716,153,2020-02-19 08:23:46
2717,910,2025-10-17 12:30:39
2718,100,2021-11-28 11:41:09
2719,996,2025-08-14 10:33:23
2720,452,2025-06-10 20:10:55
2721,859,2025-05-28 05:30:57
2722,669,2020-02-28 21:04:21
2723,891,2023-06-20 06:14:09
2724,596,2021-05-04 20:12:22
2725,746,2025-02-24 18:58:40
2726,743,2020-02-19 23:54:52
2727,352,2025-11-16 07:47:12
2728,653,2020-05-14 12:40:06
2729,970,2023-09-11 16:04:17
2730,320,2025-12-30 23:34:55
2731,342,2020-08-17 14:36:33
2732,748,2022-09-29 08:51:47
2733,457,2022-09-30 07:44:45
2734,608,2021-12-27 01:38:17
2735,783,2023-02-10 02:47:12
2736,497,2020-09-17 04:33:19
2737,214,2022-04-30 07:15:37
2738,293,2026-07-08 15:29:06
2739,373,2020-07-28 10:50:40
2740,707,2022-03-15 15:07:28
2741,505,2025-05-03 06:06:34
2742,739,2022-05-30 19:31:19
2743,101,2020-02-09 18:27:55
2744,217,2021-04-01 23:56:28
2745,594,2022-03-08 18:51:40
2746,609,2025-02-11 00:16:48
2747,765,2023-01-13 15:40:11
2748,429,2025-09-08 15:32:18
2749,970,2023-05-12 08:55:34
2750,663,2023-10-29 08:43:35
2751,170,2023-06-18 20:28:07
2752,713,2022-01-16 15:00:20
2753,309,2025-09-18 15:31:10
2754,912,2020-09-25 13:43:19
2755,941,2024-12-20 10:40:43
2756,659,2022-01-18 06:49:06
2757,268,2022-08-07 06:19:32
2758,958,2023-08-03 16:30:06
2759,708,2023-05-14 19:13:36
2760,851,2021-09-25 10:10:12
2761,893,2024-06-10 05:54:10
2762,836,2021-10-05 10:33:30
2763,967,2024-09-03 23:17:14
2764,456,2022-12-12 15:59:54
2765,190,2023-05-28 11:09:19
2766,785,2023-12-20 23:20:28
2767,543,2024-10-08 18:25:48
2768,956,2020-01-24 12:03:26
2769,549,2021-07-27 14:49:17
2770,668,2022-04-08 06:42:45
2771,872,2023-04-22 11:01:20
2772,214,2024-04-15 10:35:35
2773,845,2022-03-27 06:39:32
2774,345,2023-01-27 03:04:15
2775,718,2023-08-26 23:30:46
2776,928,2025-04-08 01:49:42
2777,755,2025-06-17 07:17:38
2778,996,2024-03-16 01:06:03
2779,800,2023-11-04 08:34:23
2780,825,2023-03-10 03:30:08
2781,269,2020-10-30 10:49:46
2782,730,2021-09-13 04:37:19
2783,862,2022-03-30 17:05:28
2784,494,2023-09-04 18:34:48
2785,208,2022-12-03 17:33:52
2786,371,2020-03-30 04:49:49
2787,738,2023-07-09 11:57:49
2788,617,2022-05-29 05:20:29
2789,223,2025-03-02 11:21:12
2790,182,2022-11-26 08:38:47
2791,456,2020-04-04 04:07:41
2792,735,2024-10-16 12:51:31
2793,989,2020-07-15 16:03:58
2794,822,2024-03-09 00:36:27
2795,353,2025-08-27 10:50:34
2796,765,2023-03-03 18:21:40
2797,738,2020-11-05 18:05:35
2798,154,2021-04-05 17:10:51
2799,822,2020-12-25 18:59:29
2800,836,2022-02-20 02:49:43
2801,342,2023-02-08 14:28:56
2802,269,2021-09-15 20:21:04
2803,457,2026-06-14 10:29:33
2804,154,2024-11-06 00:25:36
2805,564,2020-01-27 19:53:24
2806,668,2020-02-04 07:20:27
2807,870,2022-11-26 07:37:43
2808,131,2023-08-30 17:29:41
2809,716,2022-03-31 18:59:22
2810,309,2026-06-20 04:12:49
2811,512,2022-04-24 09:11:06
2812,286,2025-12-24 19:54:02
2813,154,2021-06-05 17:22:04
2814,610,2023-07-15 07:42:13
2815,710,2023-05-25 05:27:17
2816,219,2022-06-08 11:01:08
2817,605,2024-12-05 03:53:24
2818,286,2024-12-23 23:54:47
2819,834,2024-04-07 01:28:28
2820,506,2022-03-24 06:49:24
2821,183,2021-05-25 02:11:32
2822,391,2026-06-26 23:33:07
2823,218,2022-05-08 03:31:47
2824,176,2024-01-07 23:20:26
2825,688,2022-05-11 02:51:32
2826,174,2025-05-11 08:32:07
2827,811,2025-02-14 00:00:24
2828,588,2024-09-16 12:54:06
2829,549,2024-01-16 09:53:04
2830,793,2023-05-16 07:44:05
2831,580,2024-05-15 15:01:17
2832,158,2023-08-17 01:09:54
2833,663,2021-12-27 18:00:08
2834,162,2021-09-29 04:44:30
2835,268,2020-06-08 01:38:51
2836,988,2023-04-15 11:39:26
2837,152,2021-10-07 13:11:11
2838,371,2025-10-25 04:47:51
2839,550,2022-01-13 11:56:59
2840,511,2021-10-27 00:31:13
2841,958,2024-07-11 20:23:58
2842,833,2022-12-22 19:20:01
2843,223,2020-04-15 10:01:56
2844,556,2020-05-20 23:55:09
2845,391,2024-07-27 01:34:24
2846,268,2025-11-21 05:10:06
2847,415,2023-11-29 07:05:26
2848,324,2021-04-05 15:29:26
2849,854,2026-01-07 14:08:54
2850,976,2020-01-03 09:30:30
2851,100,2022-11-18 04:20:42
2852,515,2024-02-06 19:42:45
2853,432,2025-05-11 15:47:53
2854,816,2026-05-28 06:08:14
2855,982,2021-06-15 04:14:42
2856,505,2021-01-23 22:25:18
2857,378,2021-03-07 07:14:16
2858,375,2023-05-18 10:45:29
2859,725,2026-08-16 16:33:36
2860,892,2022-12-28 04:20:27
2861,826,2021-08-17 18:47:59
2862,860,2020-05-20 23:57:51
2863,159,2020-07-15 06:11:00
2864,189,2020-05-19 07:10:25
2865,218,2020-02-17 18:30:30
2866,859,2023-11-09 06:40:55
2867,297,2026-06-22 12:28:13
2868,548,2022-12-12 17:28:07
2869,513,2023-02-18 20:49:32
2870,873,2023-10-13 10:57:11
2871,716,2023-10-28 15:49:35
2872,608,2021-01-30 21:54:21
2873,268,2025-10-27 08:04:50
2874,349,2024-10-13 20:01:34
2875,341,2021-01-22 07:29:53
2876,511,2021-05-07 17:45:18
2877,341,2023-11-24 09:28:27
2878,320,2020-12-05 16:11:25
2879,905,2025-09-23 06:09:53
2880,420,2022-06-27 00:12:46
2881,513,2023-12-20 16:38:49
2882,870,2026-04-24 16:33:03
2883,802,2025-12-23 11:34:14
2884,505,2025-12-14 05:23:10
2885,394,2021-11-09 20:40:54
2886,966,2022-07-15 22:09:34
2887,952,2024-10-02 06:17:03
2888,301,2024-06-29 09:24:57
2889,354,2024-09-21 15:29:20
2890,535,2023-05-13 00:04:16
2891,846,2026-03-26 21:19:13
2892,860,2020-09-30 01:48:26
2893,712,2021-08-11 15:52:10
2894,352,2022-09-20 12:50:10
2895,248,2024-09-12 12:37:12
2896,663,2023-12-06 02:14:17
2897,712,2024-07-02 03:46:47
2898,153,2021-09-13 06:28:09
2899,851,2023-02-02 10:00:40
2900,579,2025-11-02 09:33:06
2901,321,2025-04-13 07:42:28
2902,771,2021-05-26 17:47:39
2903,548,2021-09-21 02:56:48
2904,858,2023-10-30 08:02:24
2905,340,2022-11-12 03:40:29
2906,214,2026-07-24 05:56:45
2907,462,2025-06-18 09:14:33
2908,102,2020-12-28 23:38:38
2909,824,2024-01-25 07:55:54
2910,716,2025-07-18 22:27:26
2911,992,2021-03-06 08:53:46
2912,497,2023-02-03 08:40:32
2913,429,2024-09-14 21:53:16
2914,472,2020-12-06 00:06:45
2915,534,2025-06-11 07:37:31
2916,192,2026-08-18 13:42:17
2917,795,2025-06-21 17:38:53
2918,888,2024-03-19 19:33:55
2919,873,2024-04-16 01:38:06
2920,183,2021-02-07 18:06:07
2921,376,2022-09-04 11:37:43
2922,983,2024-09-23 12:45:47
2923,360,2023-11-23 20:50:28
2924,816,2025-03-02 18:55:33
2925,732,2024-06-21 20:47:49
2926,896,2020-04-15 06:36:11
2927,286,2023-09-09 03:18:58
2928,730,2020-04-26 23:29:54
2929,181,2022-11-04 11:52:43
2930,135,2023-12-14 07:17:28
2931,223,2020-07-14 10:29:44
2932,167,2022-12-13 05:13:35
2933,655,2026-02-19 20:20:47
2934,646,2023-11-28 05:54:31
2935,854,2020-12-30 10:22:39
2936,659,2022-07-21 10:53:19
2937,394,2021-01-05 20:25:20
2938,335,2025-07-29 20:11:48
2939,849,2022-04-08 08:54:45
2940,870,2023-12-07 10:51:28
2941,297,2024-01-20 05:10:20
2942,738,2021-04-01 06:37:19
2943,925,2025-09-04 22:41:35
2944,557,2026-04-12 17:11:25
2945,966,2020-11-07 06:05:05
2946,217,2024-07-15 08:09:45
2947,160,2025-12-22 11:25:08
2948,795,2024-04-26 03:54:47
2949,387,2023-04-18 19:36:05
2950,218,2022-07-09 14:52:02
2951,494,2026-02-22 04:42:17
2952,286,2025-07-18 07:53:44
2953,756,2022-10-01 07:28:41
2954,449,2022-06-03 04:00:18
2955,683,2020-03-26 19:30:53
2956,825,2024-08-24 17:35:36
2957,732,2024-08-15 05:54:33
2958,314,2024-06-24 20:36:56
2959,925,2024-05-04 23:16:45
2960,814,2024-01-30 08:27:23
2961,653,2022-08-19 10:34:22
2962,618,2021-07-04 10:55:52
2963,822,2022-10-08 17:37:08
2964,432,2025-09-09 22:30:34
2965,633,2021-03-05 19:14:46
2966,809,2026-03-19 07:29:17
2967,753,2020-08-05 14:39:28
2968,473,2026-08-17 13:04:10
2969,225,2026-04-12 14:35:41
2970,992,2023-11-24 15:55:45
2971,512,2020-09-18 21:22:04
2972,722,2023-02-04 18:16:57
2973,119,2020-04-22 22:38:31
2974,342,2021-06-30 12:13:42
2975,424,2023-06-23 17:44:43
2976,907,2023-09-15 07:36:51
2977,605,2025-09-11 13:09:49
2978,515,2026-07-31 10:55:00
2979,754,2020-08-04 22:48:22
2980,996,2021-05-05 02:39:04
2981,107,2024-08-21 23:10:46
2982,100,2022-10-16 19:49:48
2983,912,2022-01-12 00:41:59
2984,389,2021-05-04 10:05:06
2985,963,2024-07-10 18:44:43
2986,727,2024-07-27 12:44:30
2987,409,2023-11-07 05:06:19
2988,549,2021-12-27 22:27:56
2989,468,2025-08-08 02:11:16
2990,646,2022-04-01 07:22:41
2991,345,2020-11-30 10:28:48
2992,941,2025-11-15 08:01:56
2993,186,2020-09-06 17:03:43
2994,826,2021-01-26 05:00:33
2995,627,2020-01-20 10:24:19
2996,153,2026-05-15 18:23:54
2997,844,2021-12-07 06:40:39
2998,746,2022-01-14 17:13:22
2999,432,2021-09-25 19:23:36
3000,435,2024-12-10 22:54:56
3001,321,2021-12-28 16:09:52
3002,905,2024-12-28 00:39:02
3003,191,2026-01-10 03:51:59
3004,548,2023-04-08 03:22:43
3005,249,2026-08-14 16:10:57
3006,394,2025-07-31 06:38:09
3007,167,2023-10-13 14:59:42
3008,276,2024-05-11 14:07:42
3009,320,2020-09-25 10:15:23
3010,143,2022-09-07 15:12:50
3011,378,2020-06-19 11:03:58
3012,795,2025-05-21 21:45:48
3013,340,2026-08-18 03:54:33
3014,562,2023-08-05 16:36:36
3015,822,2025-12-18 16:25:48
3016,794,2022-04-03 09:20:08
3017,169,2022-03-22 09:40:27
3018,378,2024-11-17 12:05:31
3019,286,2025-07-05 03:20:35
3020,936,2024-05-11 09:31:50
3021,655,2023-03-22 21:44:03
3022,596,2020-06-19 06:05:19
3023,181,2026-08-03 23:57:36
3024,631,2021-12-11 20:20:47
3025,710,2025-12-28 00:03:19
3026,159,2022-02-10 11:34:03
3027,152,2024-11-11 23:32:33
3028,297,2021-12-31 16:23:43
3029,325,2020-07-02 06:06:29
3030,256,2022-01-30 07:45:20
3031,707,2022-04-13 15:13:36
3032,800,2020-03-04 01:59:24
3033,724,2021-04-21 09:00:57
3034,107,2023-09-16 05:24:52
3035,223,2024-03-02 12:02:09
3036,143,2022-10-05 19:42:16
3037,988,2024-09-27 21:36:45
3038,824,2023-06-22 06:56:41
3039,913,2023-01-21 13:44:00
3040,247,2024-08-21 12:17:53
3041,925,2022-02-15 15:16:38
3042,828,2024-06-07 01:44:49
3043,169,2021-06-11 21:44:14
3044,784,2021-04-13 03:10:57
3045,666,2025-06-24 02:11:34
3046,610,2021-11-16 23:16:43
3047,435,2024-06-19 09:34:18
3048,799,2026-05-24 08:06:48
3049,296,2024-06-05 06:05:35
3050,995,2025-08-01 06:08:33
3051,391,2025-04-04 15:06:07
3052,794,2020-06-04 12:11:05
3053,268,2020-10-03 07:27:39
3054,558,2024-11-29 23:09:28
3055,566,2020-06-17 21:59:32
3056,893,2022-02-13 06:46:20
3057,871,2026-05-18 00:09:21
3058,258,2022-10-24 05:22:29
3059,303,2020-08-19 12:24:09
3060,963,2023-04-10 16:04:14
3061,375,2022-03-07 10:42:46
3062,825,2020-04-13 14:04:53
3063,494,2025-12-04 09:35:10
3064,189,2026-02-19 10:03:07
3065,708,2020-09-23 13:33:34
3066,738,2021-11-26 23:59:20
3067,558,2020-06-06 04:57:06
3068,708,2022-08-15 00:24:00
3069,854,2020-08-27 12:49:36
3070,296,2022-07-08 20:02:36
3071,794,2020-10-29 00:41:52
3072,858,2025-05-05 18:41:24
3073,645,2024-05-03 14:58:47
3074,228,2025-07-02 19:16:22
3075,167,2025-02-06 15:58:57
3076,495,2025-02-03 17:56:23
3077,382,2021-08-14 09:40:46
3078,325,2024-05-10 08:56:10
3079,379,2020-03-26 13:51:19
3080,189,2020-06-23 14:26:45
3081,269,2026-01-26 07:25:08
3082,833,2023-12-16 06:25:26
3083,892,2024-09-07 14:46:28
3084,739,2024-05-10 14:23:21
3085,873,2024-06-21 04:46:33
3086,724,2022-10-04 06:45:12
3087,101,2022-03-08 23:42:50
3088,966,2024-01-28 14:35:55
3089,352,2024-07-30 11:41:19
3090,219,2024-05-28 04:30:06
3091,631,2025-01-26 09:57:53
3092,934,2024-08-15 01:12:13
3093,792,2026-03-09 05:42:24
3094,371,2025-10-20 13:11:28
3095,286,2022-04-25 12:36:42
3096,687,2023-01-24 23:43:36
3097,131,2021-09-30 20:25:36
3098,352,2022-03-21 04:26:20
3099,305,2022-10-03 23:08:48
3100,946,2025-06-16 10:39:59
3101,268,2025-12-13 23:40:56
3102,391,2021-02-01 02:05:01
3103,313,2020-08-04 10:54:05
3104,633,2024-01-01 06:47:09
3105,807,2022-05-22 09:53:04
3106,581,2023-07-16 18:57:53
3107,617,2025-04-29 10:45:11
3108,691,2023-05-27 03:51:35
3109,282,2021-09-14 05:26:07
3110,280,2024-08-05 05:35:35
3111,729,2025-04-07 22:17:44
3112,297,2022-10-18 03:42:09
3113,925,2024-12-27 03:48:02
3114,535,2024-04-09 15:24:30
3115,346,2020-03-22 18:44:52
3116,581,2024-12-11 18:36:11
3117,169,2020-03-22 15:42:36
3118,135,2023-10-23 02:56:23
3119,844,2021-12-26 04:39:19
3120,182,2024-05-31 04:07:59
3121,571,2022-03-18 20:20:18
3122,217,2020-12-06 11:38:51
3123,389,2020-03-06 19:57:37
3124,956,2021-11-23 11:54:16
3125,732,2025-10-03 08:33:57
3126,119,2020-04-06 15:20:57
3127,243,2020-08-01 20:15:44
3128,958,2022-12-13 14:27:21
3129,360,2023-01-22 23:48:42
3130,431,2020-11-24 10:35:02
3131,404,2020-02-13 23:36:01
3132,149,2024-04-08 06:57:30
3133,669,2024-05-09 01:44:43
3134,383,2024-03-16 10:23:51
3135,822,2024-10-04 13:45:21
3136,618,2023-11-19 23:16:35
3137,732,2025-06-25 09:17:05
3138,391,2025-01-16 21:05:51
3139,842,2023-07-29 16:57:07
3140,225,2021-06-10 03:15:04
3141,435,2024-03-09 02:09:36
3142,423,2022-08-28 02:55:04
3143,313,2020-02-25 23:51:21
3144,125,2020-10-15 04:37:40
3145,376,2025-03-02 20:55:21
3146,279,2021-03-09 19:07:03
3147,225,2021-07-22 06:58:47
3148,963,2020-11-28 05:05:45
3149,970,2021-01-10 00:27:50
3150,334,2022-08-12 06:03:45
3151,342,2024-05-03 10:40:33
3152,732,2025-05-03 06:45:31
3153,176,2022-02-01 15:18:46
3154,182,2020-09-07 14:11:32
3155,796,2020-11-21 05:12:16
3156,189,2026-01-29 18:12:44
3157,290,2020-11-06 06:11:54
3158,939,2022-07-21 05:25:40
3159,689,2023-04-30 19:26:32
3160,800,2023-03-15 06:27:16
3161,991,2023-11-13 23:15:33
3162,796,2022-10-27 09:48:10
3163,324,2020-09-09 02:31:22
3164,281,2020-09-04 19:48:52
3165,342,2020-11-23 21:48:57
3166,435,2024-12-31 00:47:43
3167,183,2023-07-28 18:49:58
3168,119,2024-01-20 22:43:38
3169,323,2020-09-26 18:16:46
3170,340,2023-07-30 14:22:47
3171,449,2025-05-21 11:31:19
3172,268,2025-06-26 10:34:47
3173,688,2022-07-23 18:10:02
3174,128,2023-12-16 13:29:56
3175,192,2023-08-21 12:29:55
3176,100,2025-03-17 14:09:09
3177,913,2024-04-28 13:01:55
3178,712,2023-07-21 12:55:40
3179,211,2024-06-24 11:00:27
3180,666,2021-12-08 04:37:11
3181,445,2021-01-23 00:25:30
3182,211,2023-01-14 10:12:01
3183,473,2024-05-25 05:19:53
3184,934,2026-02-28 08:14:12
3185,596,2025-08-06 13:27:54
3186,282,2025-06-19 21:03:22
3187,628,2021-03-10 02:20:45
3188,523,2023-03-31 04:15:33
3189,952,2025-07-17 06:26:31
3190,627,2023-06-15 20:10:21
3191,760,2023-06-26 21:39:27
3192,167,2021-05-14 19:08:33
3193,645,2023-10-29 23:23:51
3194,990,2021-06-08 11:36:30
3195,878,2020-03-13 14:23:26
3196,748,2022-05-07 10:44:14
3197,925,2023-07-04 20:58:57
3198,754,2025-05-04 08:35:21
3199,193,2023-09-18 22:12:57
3200,844,2023-08-11 20:36:58
3201,794,2022-08-28 07:31:36
3202,556,2020-03-20 10:32:56
3203,941,2024-04-22 04:39:20
3204,471,2025-12-07 15:29:38
3205,925,2022-12-25 02:28:24
3206,594,2022-03-02 08:45:09
3207,653,2020-08-29 15:15:14
3208,345,2020-01-13 10:22:52
3209,313,2025-05-30 17:09:50
3210,225,2023-08-03 15:20:38
3211,892,2026-01-05 06:52:51
3212,248,2022-02-09 19:38:07
3213,557,2020-09-05 23:56:12
3214,859,2025-08-26 09:15:50
3215,581,2024-09-28 22:52:54
3216,828,2023-05-06 08:13:09
3217,557,2020-04-13 00:41:41
3218,268,2024-09-22 02:23:29
3219,469,2021-08-27 14:40:24
3220,105,2021-10-04 19:28:48
3221,633,2021-03-17 08:29:17
3222,219,2025-01-30 09:10:37
3223,844,2023-08-15 00:07:03
3224,921,2023-08-30 17:30:23
3225,143,2023-07-15 23:24:35
3226,286,2024-11-13 20:20:25
3227,912,2023-08-30 19:53:48
3228,583,2023-03-04 10:36:48
3229,101,2020-06-10 16:03:46
3230,665,2021-06-24 15:04:59
3231,738,2021-07-27 04:06:33
3232,218,2022-08-20 02:48:23
3233,754,2024-01-02 10:05:26
3234,336,2020-10-11 15:25:34
3235,214,2025-11-19 13:41:50
3236,177,2021-09-26 17:52:05
3237,262,2022-04-28 14:10:07
3238,268,2022-12-04 07:15:03
3239,248,2026-04-03 00:03:41
3240,924,2022-07-12 15:02:02
3241,756,2022-08-10 04:55:08
3242,344,2023-08-01 10:24:48
3243,345,2024-06-09 00:32:48
3244,691,2025-07-09 00:42:45
3245,772,2024-08-26 17:04:02
3246,303,2026-08-12 01:13:14
3247,541,2025-07-06 00:22:44
3248,471,2026-07-10 11:32:57
3249,788,2021-11-03 12:13:09
3250,373,2020-01-31 20:47:39
3251,645,2022-12-24 17:23:32
3252,727,2021-10-16 06:48:38
3253,872,2023-10-02 06:20:57
3254,190,2024-05-27 03:41:18
3255,424,2020-04-28 14:38:41
3256,136,2025-09-27 12:13:11
3257,696,2020-06-19 12:51:06
3258,138,2022-04-22 06:48:36
3259,216,2023-05-08 22:43:13
3260,541,2023-05-27 11:29:03
3261,517,2022-07-30 18:56:56
3262,924,2022-10-30 06:32:01
3263,201,2020-02-20 06:53:11
3264,258,2023-09-29 06:31:46
3265,727,2023-09-02 14:25:38
3266,455,2021-11-07 15:30:35
3267,566,2023-03-14 21:54:15
3268,618,2021-03-15 00:54:01
3269,313,2020-07-23 00:17:59
3270,458,2023-05-27 14:24:46
3271,954,2021-10-15 03:03:23
3272,163,2022-02-20 13:47:56
3273,283,2020-11-07 08:26:41
3274,225,2023-05-03 01:57:07
3275,149,2021-08-03 08:29:59
3276,456,2022-04-18 03:58:40
3277,513,2020-05-04 15:11:00
3278,696,2020-12-18 23:15:29
3279,125,2026-07-02 22:35:17
3280,383,2020-04-02 22:36:30
3281,878,2021-09-19 06:04:25
3282,323,2024-03-25 00:02:31
3283,896,2025-03-22 13:11:00
3284,193,2020-06-29 21:04:49
3285,605,2023-02-24 22:18:46
3286,445,2022-04-10 08:01:42
3287,225,2022-02-09 07:44:28
3288,550,2020-01-08 20:02:55
3289,854,2024-11-18 17:44:31
3290,666,2022-08-06 22:54:47
3291,710,2023-03-19 11:05:38
3292,379,2025-02-11 15:34:10
3293,826,2024-02-29 23:35:34
3294,804,2023-08-06 23:40:22
3295,765,2021-12-13 18:25:23
3296,305,2023-11-24 09:09:52
3297,851,2025-07-18 21:34:26
3298,174,2024-11-03 02:38:16
3299,541,2021-07-17 10:59:22
3300,248,2025-03-26 14:48:34
3301,631,2021-11-03 01:21:32
3302,924,2021-08-17 19:21:34
3303,386,2021-10-15 18:08:52
3304,666,2022-04-23 22:25:05
3305,152,2024-09-12 03:32:34
3306,340,2025-10-29 03:36:00
3307,716,2026-03-04 21:10:47
3308,223,2023-10-03 15:07:20
3309,911,2024-03-09 17:59:25
3310,354,2024-05-27 07:36:22
3311,615,2024-07-29 22:48:06
3312,891,2025-02-01 04:53:44
3313,297,2022-02-10 22:00:57
3314,820,2025-08-28 03:31:09
3315,119,2020-10-22 22:19:15
3316,126,2024-07-21 09:52:13
3317,631,2021-01-30 06:01:01
3318,416,2023-04-26 03:13:11
3319,575,2020-10-19 02:16:28
3320,256,2021-05-02 13:22:42
3321,378,2020-02-13 22:38:19
3322,336,2024-05-07 11:13:19
3323,801,2026-08-12 15:40:39
3324,928,2020-06-20 21:31:02
3325,746,2023-08-02 11:01:16
3326,514,2025-04-23 12:48:34
3327,655,2021-02-05 13:44:37
3328,313,2023-12-08 21:31:01
3329,669,2020-06-07 15:48:57
3330,890,2025-04-29 08:34:05
3331,505,2022-10-02 23:53:45
3332,386,2021-01-20 14:24:47
3333,792,2022-09-15 19:30:02
3334,218,2023-06-22 17:49:45
3335,419,2025-01-22 06:39:26
3336,941,2020-02-12 21:08:37
3337,631,2020-04-25 16:28:04
3338,170,2022-01-12 14:17:44
3339,888,2024-05-08 17:41:46
3340,710,2022-11-03 18:07:44
3341,957,2025-07-04 05:57:28
3342,564,2021-10-28 01:18:38
3343,713,2024-10-13 03:43:09
3344,718,2020-11-10 06:30:31
3345,663,2020-01-24 12:49:47
3346,920,2021-12-24 12:02:19
3347,457,2022-07-04 10:55:43
3348,541,2025-07-13 07:45:28
3349,920,2021-04-20 03:10:08
3350,618,2026-04-24 00:28:31
3351,349,2024-10-27 00:45:33
3352,572,2024-02-17 20:34:06
3353,569,2025-04-24 01:17:27
3354,467,2024-09-25 02:04:05
3355,775,2024-01-04 15:25:32
3356,924,2022-09-23 04:07:01
3357,718,2020-12-19 18:11:42
3358,527,2025-01-01 21:34:23
3359,467,2022-12-13 15:04:50
3360,377,2022-01-29 18:26:07
3361,309,2020-06-11 07:12:09
3362,366,2021-06-29 23:44:25
3363,828,2024-03-03 01:32:50
3364,627,2021-04-06 16:42:17
3365,153,2025-12-13 00:19:56
3366,449,2021-07-15 10:58:15
3367,258,2025-05-21 06:12:42
3368,320,2025-05-13 15:13:06
3369,687,2024-05-07 17:40:40
3370,631,2020-10-17 04:42:08
3371,859,2025-09-19 04:55:48
3372,738,2025-05-10 16:04:36
3373,683,2022-10-08 20:48:26
3374,340,2024-01-21 07:52:16
3375,765,2020-09-01 13:02:55
3376,939,2024-06-04 00:12:42
3377,830,2024-03-10 12:28:38
3378,689,2022-07-09 23:58:08
3379,445,2025-09-18 13:41:55
3380,126,2021-10-06 07:38:33
3381,861,2025-07-29 02:27:38
3382,416,2024-09-05 02:35:05
3383,225,2021-08-19 20:02:23
3384,596,2024-05-29 08:29:41
3385,920,2023-10-30 09:53:34
3386,176,2023-09-01 09:54:30
3387,261,2025-06-20 12:48:55
3388,340,2026-08-11 22:35:59
3389,560,2026-06-09 04:30:21
3390,562,2025-06-28 10:34:33
3391,489,2020-09-14 08:40:17
3392,191,2023-01-16 09:38:32
3393,223,2023-07-06 10:58:15
3394,888,2022-02-22 11:19:12
3395,991,2023-10-04 16:43:26
3396,596,2022-12-16 19:27:42
3397,338,2022-02-10 19:56:50
3398,712,2023-04-23 06:43:43
3399,581,2026-02-01 17:20:13
3400,989,2025-03-10 18:33:11
3401,579,2023-04-08 20:15:13
3402,729,2023-10-13 05:56:41
3403,550,2025-07-28 11:15:25
3404,936,2023-01-13 18:29:34
3405,160,2021-08-22 08:38:04
3406,468,2021-05-24 12:52:35
3407,152,2020-01-14 02:12:51
3408,191,2022-11-09 15:29:59
3409,909,2026-07-18 08:32:36
3410,803,2022-03-26 08:03:27
3411,729,2025-06-28 19:06:30
3412,126,2024-05-03 10:07:08
3413,249,2021-05-18 11:48:51
3414,805,2020-06-17 02:17:06
3415,276,2026-01-01 08:08:50
3416,432,2024-09-29 06:02:57
3417,208,2026-05-09 01:00:07
3418,792,2023-02-09 09:27:15
3419,776,2022-06-21 19:38:36
3420,838,2022-12-28 17:22:53
3421,228,2021-09-13 00:35:37
3422,978,2022-06-19 05:51:52
3423,711,2022-04-12 17:39:01
3424,722,2021-10-18 02:36:47
3425,609,2023-01-09 15:07:06
3426,748,2024-07-22 07:15:29
3427,836,2021-11-09 05:58:14
3428,638,2021-03-15 00:15:42
3429,543,2024-11-17 18:55:38
3430,297,2024-05-02 14:13:14
3431,394,2020-12-01 13:45:28
3432,157,2021-09-07 23:56:24
3433,860,2024-04-06 00:34:48
3434,225,2022-04-20 21:31:27
3435,571,2025-11-16 10:20:01
3436,746,2025-09-09 19:24:53
3437,157,2022-04-21 11:09:45
3438,618,2024-03-26 05:50:25
3439,834,2022-06-11 10:22:25
3440,349,2022-10-15 22:18:57
3441,776,2024-04-03 19:56:30
3442,301,2020-04-09 21:59:36
3443,683,2020-09-21 14:45:51
3444,225,2024-05-11 18:22:23
3445,849,2020-03-24 15:27:46
3446,617,2024-10-03 02:27:16
3447,809,2022-07-25 08:23:58
3448,190,2025-05-14 05:10:14
3449,419,2026-07-26 20:33:38
3450,107,2022-03-12 01:24:23
3451,710,2022-07-25 02:45:58
3452,282,2021-01-13 19:44:35
3453,185,2022-10-22 02:33:59
3454,716,2025-01-29 04:18:09
3455,859,2024-11-20 08:55:58
3456,728,2022-07-27 13:19:10
3457,517,2020-09-30 07:55:05
3458,313,2020-08-01 18:41:50
3459,223,2021-12-21 09:35:30
3460,952,2024-09-29 05:15:01
3461,920,2022-03-11 19:45:04
3462,738,2021-02-19 08:52:50
3463,912,2025-12-27 03:49:29
3464,320,2024-02-20 23:11:09
3465,605,2022-02-04 07:50:00
3466,873,2021-12-04 08:32:52
3467,249,2025-08-13 16:57:03
3468,152,2021-07-06 05:03:30
3469,100,2021-06-25 07:55:38
3470,190,2024-02-13 18:50:17
3471,192,2022-10-03 14:11:45
3472,511,2022-10-13 05:40:38
3473,126,2020-06-22 02:24:08
3474,458,2023-03-22 14:33:51
3475,921,2024-06-05 17:34:46
3476,378,2025-11-20 14:41:33
3477,549,2026-06-23 22:53:47
3478,766,2022-10-26 16:59:26
3479,243,2025-08-22 15:08:51
3480,391,2022-04-27 02:38:23
3481,924,2023-05-07 03:38:57
3482,730,2024-04-16 12:19:23
3483,286,2023-07-12 15:12:48
3484,738,2022-06-01 13:49:40
3485,838,2021-08-25 14:55:37
3486,571,2021-07-26 20:50:19
3487,177,2022-09-28 04:01:57
3488,223,2024-12-03 08:31:25
3489,749,2025-03-20 11:56:13
3490,615,2021-06-18 13:03:15
3491,682,2021-08-19 20:59:06
3492,557,2024-03-12 01:22:29
3493,925,2024-05-02 20:55:27
3494,618,2023-04-19 11:52:32
3495,783,2025-05-08 01:59:55
3496,995,2025-05-17 02:22:21
3497,100,2023-06-25 16:10:00
3498,394,2021-08-20 23:45:35
3499,383,2020-09-02 00:32:13
3500,760,2025-11-04 11:01:28
3501,378,2023-09-30 19:29:22
3502,335,2023-08-30 09:23:03
3503,423,2025-10-18 18:07:56
3504,825,2025-06-19 13:48:32
3505,391,2026-02-22 23:47:36
3506,550,2020-10-02 04:59:52
3507,452,2023-09-14 21:45:28
3508,911,2022-12-30 04:09:48
3509,119,2022-03-15 02:39:24
3510,175,2024-06-03 07:02:02
3511,907,2020-02-19 04:12:26
3512,101,2022-03-04 13:51:52
3513,892,2021-09-13 13:35:36
3514,716,2022-05-12 00:04:10
3515,859,2020-06-02 08:46:30
3516,279,2020-09-27 07:29:58
3517,683,2025-07-14 03:05:42
3518,329,2023-11-04 19:46:23
3519,860,2025-04-04 08:36:35
3520,276,2023-09-16 20:42:20
3521,394,2021-09-29 21:43:53
3522,435,2026-08-12 16:43:17
3523,534,2022-10-01 07:52:01
3524,793,2025-06-02 08:21:32
3525,366,2025-08-05 23:25:03
3526,970,2026-08-20 09:51:55
3527,872,2021-03-12 04:35:14
3528,150,2022-06-15 07:29:57
3529,495,2021-02-07 22:34:32
3530,581,2024-08-17 23:25:26
3531,954,2023-09-18 09:05:15
3532,218,2025-05-24 21:04:49
3533,633,2020-08-21 13:25:52
3534,896,2021-09-22 13:30:01
3535,785,2024-02-26 03:19:15
3536,596,2025-07-07 12:37:13
3537,766,2024-10-27 07:18:15
3538,836,2021-11-06 10:10:38
3539,610,2024-03-23 02:06:05
3540,505,2020-02-04 04:34:27
3541,475,2021-01-13 22:41:09
3542,965,2020-01-09 15:11:02
3543,608,2023-04-08 11:43:43
3544,924,2024-01-03 21:36:05
3545,360,2021-11-07 09:21:06
3546,732,2026-07-15 02:02:39
3547,458,2022-02-26 05:57:25
3548,152,2025-07-01 03:17:37
3549,371,2025-11-24 02:53:39
3550,799,2021-07-21 02:29:38
3551,816,2022-11-30 05:41:49
3552,514,2025-10-09 03:31:38
3553,382,2023-03-08 01:25:54
3554,115,2021-10-28 22:30:51
3555,424,2024-01-09 16:19:18
3556,967,2024-06-30 13:51:59
3557,992,2023-06-20 21:20:13
3558,107,2025-03-04 04:45:09
3559,391,2020-11-21 01:37:56
3560,579,2021-08-27 03:28:08
3561,211,2020-10-27 09:49:21
3562,990,2023-08-03 18:15:45
3563,235,2024-11-18 13:07:59
3564,240,2026-03-11 23:37:19
3565,371,2022-05-09 15:41:02
3566,653,2021-10-03 12:12:22
3567,324,2020-07-19 01:53:54
3568,588,2022-10-29 12:11:52
3569,473,2025-03-13 21:25:50
3570,983,2023-08-18 14:08:52
3571,610,2024-09-25 21:20:58
3572,838,2026-05-09 22:11:00
3573,125,2021-11-03 08:26:05
3574,596,2023-10-02 04:02:56
3575,712,2022-09-10 16:38:31
3576,807,2023-02-12 06:46:11
3577,956,2020-06-06 00:40:23
3578,217,2023-11-05 19:23:21
3579,493,2021-03-04 15:49:52
3580,214,2025-08-14 06:13:09
3581,785,2025-08-30 08:33:25
3582,539,2025-12-05 18:39:59
3583,167,2022-03-16 13:49:46
3584,802,2020-06-10 14:46:37
3585,276,2023-04-03 17:48:29
3586,871,2023-03-11 10:01:26
3587,739,2020-09-14 15:53:56
3588,956,2025-03-13 19:36:14
3589,860,2023-07-14 18:14:28
3590,629,2023-05-14 20:54:02
3591,297,2022-07-28 21:57:37
3592,716,2024-06-05 08:00:33
3593,794,2020-06-15 07:52:28
3594,575,2024-06-14 00:27:03
3595,807,2020-11-07 08:34:52
3596,100,2026-02-16 13:01:32
3597,921,2023-06-08 19:42:03
3598,473,2026-07-04 06:34:42
3599,783,2023-03-23 03:54:15
3600,873,2024-05-12 17:46:21
3601,435,2026-02-10 20:12:00
3602,708,2024-10-25 02:21:41
3603,494,2025-05-19 00:06:08
3604,946,2022-11-23 05:42:18
3605,136,2022-11-19 13:10:57
3606,214,2022-04-15 23:10:23
3607,432,2023-03-28 09:34:44
3608,276,2020-10-07 02:09:55
3609,485,2020-01-14 07:04:49
3610,655,2023-01-11 05:07:48
3611,424,2023-10-14 03:32:49
3612,190,2025-12-29 14:32:07
3613,235,2023-02-13 02:22:50
3614,350,2023-12-17 05:24:51
3615,310,2026-02-11 08:46:01
3616,858,2020-12-19 02:10:09
3617,336,2021-10-18 16:52:44
3618,605,2022-03-06 15:59:48
3619,386,2023-12-10 00:21:54
3620,755,2024-11-06 03:51:32
3621,469,2024-07-06 06:10:12
3622,313,2025-06-03 18:47:44
3623,738,2022-07-17 21:59:58
3624,154,2025-07-17 17:49:29
3625,727,2023-08-12 20:23:12
3626,100,2020-06-20 01:28:12
3627,493,2026-05-27 11:01:42
3628,191,2024-03-05 20:21:26
3629,615,2020-01-31 10:55:29
3630,668,2021-07-03 03:38:33
3631,412,2021-04-22 18:08:30
3632,389,2026-03-17 17:46:48
3633,160,2021-05-05 19:51:02
3634,279,2023-07-22 07:19:34
3635,799,2024-10-09 09:02:54
3636,758,2020-08-12 09:42:08
3637,772,2022-11-23 12:09:17
3638,160,2024-08-14 02:33:23
3639,539,2025-08-02 09:47:19
3640,765,2020-04-03 00:18:20
3641,375,2021-01-16 04:59:33
3642,976,2021-02-14 11:07:06
3643,952,2022-12-18 10:20:56
3644,290,2022-01-18 18:13:37
3645,802,2020-11-18 07:03:17
3646,548,2026-03-03 17:58:54
3647,342,2026-02-26 18:55:44
3648,794,2023-05-02 17:42:19
3649,394,2024-07-11 01:19:58
3650,605,2024-09-17 02:42:21
3651,965,2020-08-01 04:04:06
3652,682,2026-08-06 00:06:57
3653,523,2020-06-23 15:51:23
3654,766,2026-01-28 03:16:10
3655,183,2026-04-17 07:05:21
3656,938,2022-01-28 20:58:36
3657,514,2021-03-01 20:51:01
3658,556,2022-06-13 23:45:08
3659,938,2025-09-18 07:26:00
3660,420,2025-11-12 08:36:50
3661,158,2022-02-07 15:35:15
3662,879,2024-10-26 06:39:42
3663,727,2022-02-27 16:18:22
3664,535,2024-07-14 18:26:58
3665,575,2023-03-24 08:15:39
3666,854,2021-05-25 22:26:16
3667,517,2025-07-31 00:07:25
3668,183,2022-02-22 23:16:44
3669,844,2026-06-19 05:52:41
3670,314,2021-05-06 21:15:08
3671,217,2020-06-13 07:15:47
3672,985,2020-10-22 21:25:08
3673,376,2022-06-12 08:07:36
3674,493,2022-05-10 22:07:53
3675,772,2020-02-26 13:06:21
3676,724,2025-01-05 04:09:46
3677,517,2021-05-19 11:20:26
3678,452,2025-10-26 21:17:28
3679,242,2022-04-05 20:09:13
3680,755,2023-12-17 06:55:42
3681,859,2022-09-21 15:31:17
3682,126,2020-07-19 08:00:27
3683,615,2021-10-11 01:50:56
3684,975,2020-09-01 23:29:33
3685,691,2022-04-14 13:07:56
3686,861,2021-07-30 09:17:11
3687,214,2020-02-26 15:50:48
3688,107,2020-09-24 18:29:22
3689,907,2022-07-07 14:12:44
3690,824,2023-02-02 15:24:17
3691,718,2025-05-21 07:28:57
3692,608,2020-03-11 07:41:31
3693,711,2022-06-15 17:32:41
3694,191,2021-08-15 03:17:46
3695,558,2025-11-08 08:44:06
3696,225,2025-10-16 09:47:25
3697,249,2020-09-14 18:56:06
3698,107,2023-03-04 08:51:15
3699,713,2026-03-27 19:36:51
3700,873,2025-12-10 05:40:31
3701,596,2020-01-14 04:01:20
3702,131,2026-03-18 13:36:21
3703,458,2025-05-24 06:11:06
3704,497,2023-06-08 23:48:27
3705,236,2023-01-18 18:12:40
3706,646,2026-05-04 18:22:06
3707,669,2025-04-16 19:12:56
3708,494,2023-08-23 01:54:21
3709,472,2025-04-14 07:34:21
3710,475,2022-07-21 13:35:01
3711,128,2020-11-08 03:36:57
3712,409,2022-08-05 13:55:02
3713,108,2025-03-28 13:34:47
3714,707,2021-02-24 21:35:28
3715,665,2021-07-09 07:47:13
3716,445,2024-02-28 03:02:16
3717,828,2026-08-03 13:07:17
3718,240,2026-08-08 14:57:13
3719,350,2023-10-27 07:39:07
3720,350,2022-10-22 19:34:47
3721,760,2022-09-14 01:30:44
3722,175,2026-01-25 05:42:48
3723,772,2020-01-27 15:52:13
3724,814,2024-08-13 10:06:05
3725,170,2026-07-15 07:59:36
3726,596,2020-01-01 13:44:22
3727,191,2024-01-01 14:35:44
3728,683,2020-04-20 23:06:40
3729,690,2020-03-28 21:17:12
3730,687,2021-10-04 07:47:02
3731,497,2022-01-04 06:52:13
3732,219,2021-06-27 09:29:03
3733,208,2025-01-15 07:39:08
3734,353,2021-04-27 23:58:46
3735,108,2024-02-10 20:48:56
3736,293,2023-05-12 21:27:09
3737,990,2020-09-16 05:30:24
3738,796,2021-12-02 11:02:34
3739,325,2024-09-17 03:05:48
3740,961,2022-05-17 02:09:26
3741,756,2024-11-15 07:44:52
3742,243,2022-12-26 22:33:45
3743,105,2025-12-14 18:57:58
3744,153,2023-09-13 14:10:53
3745,906,2025-12-22 21:36:13
3746,722,2025-01-13 13:11:39
3747,689,2024-12-28 08:20:16
3748,186,2022-05-27 23:51:49
3749,190,2020-03-23 06:25:18
3750,581,2026-01-02 14:59:05
3751,951,2026-07-09 03:50:44
3752,341,2020-08-08 07:47:44
3753,605,2021-04-08 17:30:25
3754,925,2026-07-06 22:47:52
3755,535,2020-08-04 16:11:34
3756,605,2022-08-07 04:15:58
3757,185,2025-09-13 19:34:56
3758,707,2022-09-16 17:35:05
3759,115,2025-11-20 17:05:16
3760,190,2023-09-22 17:08:52
3761,912,2020-06-29 13:31:54
3762,340,2022-04-20 04:51:50
3763,756,2021-01-01 16:09:39
3764,157,2020-10-19 13:46:40
3765,794,2020-11-24 23:48:20
3766,329,2021-11-05 21:17:54
3767,792,2020-05-02 01:48:00
3768,154,2020-04-21 21:44:01
3769,631,2020-05-04 02:20:10
3770,713,2026-07-27 02:05:44
3771,688,2025-05-23 03:28:50
3772,309,2026-01-16 20:23:03
3773,895,2020-04-15 23:09:22
3774,633,2024-04-01 21:07:50
3775,119,2025-08-26 20:18:48
3776,371,2022-12-04 05:05:34
3777,262,2021-08-28 19:42:36
3778,515,2025-05-06 09:31:33
3779,858,2020-11-09 04:11:52
3780,268,2023-03-29 16:39:50
3781,340,2023-07-10 12:30:02
3782,550,2024-11-15 14:01:02
3783,729,2020-07-19 00:42:16
3784,541,2022-10-03 12:22:40
3785,160,2020-12-29 11:46:33
3786,349,2025-12-11 04:25:24
3787,854,2021-05-18 07:26:09
3788,989,2023-01-08 16:14:20
3789,558,2020-07-19 11:19:52
3790,346,2026-06-20 12:46:02
3791,783,2020-06-10 20:30:03
3792,765,2022-05-01 07:26:38
3793,854,2026-04-05 14:39:22
3794,279,2020-03-10 19:49:40
3795,970,2025-11-23 05:08:04
3796,214,2023-01-01 01:59:07
3797,726,2024-05-23 08:53:33
3798,290,2026-03-26 16:47:00
3799,190,2022-11-25 20:11:35
3800,682,2025-04-24 15:56:59
3801,663,2025-10-13 06:24:45
3802,352,2022-02-07 16:41:04
3803,506,2023-01-01 07:09:43
3804,324,2021-08-02 22:25:39
3805,323,2023-04-23 23:10:33
3806,690,2023-06-13 13:19:10
3807,249,2022-09-21 13:48:45
3808,404,2024-02-17 23:46:54
3809,596,2024-10-30 06:06:19
3810,301,2022-10-28 02:29:55
3811,360,2024-05-17 09:40:24
3812,961,2023-12-23 11:48:18
3813,726,2020-06-22 05:25:50
3814,794,2024-02-20 10:34:43
3815,728,2023-04-18 06:55:58
3816,158,2020-04-05 21:05:30
3817,452,2023-06-14 13:50:17
3818,631,2023-04-05 16:36:52
3819,107,2025-08-31 00:49:14
3820,911,2021-03-22 11:15:35
3821,325,2025-08-13 16:11:53
3822,175,2023-09-20 23:08:29
3823,836,2020-09-09 21:44:21
3824,732,2023-04-01 21:40:03
3825,816,2023-04-08 07:13:58
3826,163,2022-05-05 11:12:53
3827,394,2022-11-21 18:20:56
3828,846,2021-05-15 12:46:14
3829,920,2021-08-02 03:05:06
3830,217,2025-02-05 16:29:46
3831,605,2021-05-21 17:03:38
3832,952,2022-03-24 07:37:05
3833,386,2022-03-21 15:13:08
3834,766,2023-08-16 07:02:56
3835,765,2020-05-22 23:04:05
3836,924,2025-08-30 15:48:20
3837,755,2021-01-25 14:32:54
3838,765,2026-03-13 23:55:33
3839,181,2020-02-04 00:58:11
3840,834,2020-04-18 00:37:06
3841,957,2024-08-26 03:35:08
3842,689,2025-11-15 00:15:44
3843,452,2023-09-29 15:40:44
3844,473,2022-12-16 23:18:52
3845,566,2021-05-05 23:58:26
3846,626,2020-01-13 19:43:13
3847,860,2024-02-15 19:50:22
3848,608,2020-08-25 02:19:38
3849,784,2021-05-19 16:40:49
3850,753,2023-03-20 03:34:18
3851,891,2022-08-05 12:33:30
3852,336,2020-04-18 18:08:48
3853,765,2022-03-08 05:52:46
3854,961,2022-06-02 19:38:32
3855,512,2020-10-28 07:28:17
3856,957,2023-10-15 13:04:05
3857,716,2020-05-29 22:47:54
3858,911,2023-04-19 04:33:34
3859,765,2020-06-24 11:40:01
3860,594,2023-10-14 07:31:59
3861,177,2024-10-21 13:50:47
3862,985,2025-10-28 22:06:07
3863,251,2021-06-11 13:49:54
3864,668,2020-06-21 06:55:03
3865,517,2022-04-12 11:24:25
3866,892,2020-12-28 00:24:09
3867,708,2025-02-09 02:20:47
3868,478,2021-02-13 05:49:13
3869,716,2023-10-26 11:03:52
3870,342,2025-09-16 17:11:27
3871,690,2021-03-21 15:40:54
3872,870,2024-10-04 17:41:57
3873,189,2022-05-13 16:53:16
3874,691,2020-06-14 03:15:19
3875,297,2026-03-21 00:50:33
3876,169,2022-03-05 10:19:15
3877,523,2026-03-03 23:57:33
3878,535,2024-07-26 01:13:14
3879,248,2024-03-13 19:46:07
3880,805,2021-02-23 21:23:28
3881,128,2020-03-14 19:52:03
3882,550,2024-02-17 18:37:45
3883,324,2023-03-31 09:36:11
3884,191,2020-03-05 22:28:16
3885,541,2021-11-09 12:48:38
3886,110,2026-06-04 19:40:26
3887,893,2026-06-03 12:55:49
3888,377,2023-04-29 17:41:38
3889,255,2025-02-11 02:56:33
3890,557,2021-08-17 17:50:23
3891,575,2024-04-22 20:36:15
3892,512,2023-09-15 18:06:18
3893,249,2025-08-11 09:36:39
3894,666,2022-03-07 05:56:12
3895,756,2022-01-27 07:18:49
3896,143,2024-10-26 12:36:35
3897,301,2020-08-12 13:39:44
3898,225,2026-04-04 15:09:25
3899,800,2021-04-27 14:48:26
3900,754,2020-05-05 20:28:11
3901,615,2022-06-03 09:35:46
3902,223,2025-10-30 19:14:20
3903,136,2024-01-21 20:15:57
3904,256,2025-10-31 04:42:57
3905,412,2020-03-12 09:52:00
3906,572,2023-11-12 13:56:42
3907,579,2021-08-06 22:36:39
3908,793,2023-10-30 00:35:51
3909,297,2021-08-26 12:37:48
3910,730,2026-02-08 21:09:27
3911,208,2022-12-25 02:50:35
3912,849,2026-06-04 12:22:26
3913,760,2020-10-25 06:00:35
3914,235,2024-10-10 03:43:53
3915,334,2021-08-19 06:51:33
3916,633,2026-05-29 10:59:48
3917,296,2022-10-28 06:49:17
3918,506,2026-01-26 04:15:37
3919,814,2023-06-26 16:17:40
3920,100,2020-06-15 00:53:10
3921,523,2022-07-05 00:00:42
3922,816,2025-10-05 13:38:25
3923,743,2024-05-13 02:03:07
3924,975,2024-05-04 16:12:04
3925,471,2022-03-02 19:21:52
3926,214,2020-04-14 01:04:24
3927,596,2020-08-17 19:41:17
3928,471,2023-04-15 20:38:04
3929,859,2023-08-09 01:29:26
3930,365,2021-12-26 20:33:12
3931,729,2026-07-13 14:41:26
3932,729,2021-08-11 01:46:23
3933,756,2023-02-20 08:01:57
3934,389,2024-12-09 14:38:18
3935,860,2021-10-26 01:45:28
3936,541,2021-07-26 23:25:48
3937,631,2024-08-13 21:08:38
3938,409,2023-11-12 00:35:51
3939,350,2025-07-08 23:40:52
3940,875,2024-04-23 01:10:36
3941,514,2020-09-30 08:01:25
3942,371,2025-11-16 21:34:16
3943,738,2022-03-10 06:12:29
3944,776,2020-12-31 04:59:20
3945,730,2021-12-02 06:22:58
3946,628,2024-07-01 03:29:34
3947,963,2020-11-20 14:00:13
3948,297,2021-11-03 21:06:05
3949,976,2021-10-31 00:24:07
3950,756,2024-09-24 07:52:32
3951,725,2023-07-25 04:29:31
3952,794,2026-06-06 11:24:07
3953,688,2022-06-12 14:04:57
3954,842,2026-02-11 09:19:16
3955,928,2020-07-20 23:10:55
3956,575,2023-08-16 01:09:55
3957,177,2023-04-19 16:02:52
3958,941,2024-11-01 08:18:03
3959,228,2025-01-24 06:43:16
3960,998,2021-02-20 12:30:34
3961,756,2021-08-03 14:47:50
3962,746,2025-10-03 05:58:11
3963,539,2020-02-27 05:40:05
3964,605,2025-07-06 18:34:52
3965,457,2021-02-23 20:12:16
3966,162,2024-09-15 05:36:34
3967,160,2025-07-05 23:43:38
3968,825,2022-08-15 13:55:52
3969,776,2026-01-18 07:56:07
3970,297,2025-10-11 05:34:43
3971,987,2024-07-30 00:21:14
3972,862,2025-01-15 23:01:31
3973,279,2026-08-07 17:46:40
3974,801,2024-07-07 21:59:07
3975,548,2025-05-13 22:03:25
3976,258,2025-07-26 07:57:25
3977,162,2021-08-23 00:23:48
3978,493,2024-03-20 17:09:05
3979,338,2021-12-01 05:14:40
3980,809,2023-09-05 21:10:05
3981,152,2024-02-08 00:49:21
3982,515,2025-01-06 03:43:16
3983,766,2026-05-21 04:46:04
3984,354,2021-12-14 02:36:08
3985,610,2026-05-14 12:29:48
3986,906,2020-06-10 17:37:34
3987,321,2023-01-04 07:27:39
3988,220,2026-01-28 09:50:34
3989,921,2020-03-07 05:08:57
3990,924,2020-06-03 10:51:02
3991,970,2022-07-30 21:53:34
3992,896,2022-10-24 16:18:41
3993,404,2023-05-06 19:21:54
3994,216,2025-09-28 17:40:04
3995,517,2020-12-10 09:22:28
3996,819,2026-02-13 16:29:51
3997,838,2020-05-26 22:41:28
3998,562,2024-01-02 05:15:57
3999,542,2024-07-03 14:24:30
4000,527,2026-01-17 21:11:01
4001,191,2025-01-25 08:24:49
4002,618,2020-09-17 23:40:42
4003,952,2025-03-04 15:39:34
4004,475,2024-04-23 17:09:54
4005,383,2026-06-11 13:32:31
4006,665,2021-09-22 04:20:33
4007,193,2022-03-14 15:47:02
4008,571,2025-12-19 10:43:33
4009,458,2024-06-20 20:11:43
4010,819,2022-08-30 11:03:44
4011,965,2020-05-02 21:57:55
4012,174,2024-05-17 12:46:39
4013,713,2025-02-13 18:02:01
4014,851,2021-05-26 05:17:57
4015,631,2021-12-21 23:21:54
4016,826,2023-01-04 08:11:59
4017,859,2024-05-29 14:37:25
4018,527,2021-07-28 11:52:52
4019,167,2023-04-19 05:40:15
4020,345,2021-06-29 21:34:47
4021,753,2023-01-07 12:53:55
4022,192,2022-03-07 17:57:59
4023,862,2021-02-26 10:25:10
4024,190,2020-11-22 21:43:58
4025,610,2022-02-03 17:48:21
4026,622,2025-06-02 05:58:21
4027,755,2021-11-17 18:10:25
4028,963,2026-08-10 07:55:44
4029,192,2023-11-07 16:38:50
4030,334,2024-02-24 03:14:55
4031,241,2025-08-28 03:35:45
4032,860,2024-02-21 11:01:41
4033,921,2025-10-26 08:24:54
4034,309,2023-08-21 00:39:20
4035,713,2025-06-20 21:18:52
4036,190,2022-07-07 00:12:19
4037,729,2021-05-06 21:57:32
4038,991,2026-06-21 02:59:53
4039,696,2025-05-25 19:30:10
4040,710,2022-03-26 16:53:45
4041,785,2026-07-11 07:17:50
4042,732,2020-12-18 11:13:25
4043,543,2020-12-27 10:18:29
4044,756,2023-08-31 10:12:06
4045,163,2021-12-11 11:39:56
4046,219,2024-09-14 15:46:54
4047,256,2025-11-18 03:15:51
4048,214,2025-01-06 10:02:01
4049,301,2022-12-24 04:44:55
4050,240,2021-03-22 09:49:50
4051,890,2020-05-24 11:11:29
4052,711,2025-12-07 03:44:37
4053,859,2025-04-20 17:03:38
4054,497,2021-06-23 15:00:17
4055,174,2021-06-15 07:54:32
4056,394,2026-04-03 11:25:10
4057,539,2021-07-14 10:35:51
4058,391,2024-10-19 13:03:20
4059,824,2026-07-18 16:26:50
4060,126,2025-01-16 17:28:17
4061,771,2021-11-17 04:31:45
4062,792,2025-09-20 10:47:57
4063,725,2023-02-19 17:40:21
4064,497,2026-08-06 13:23:50
4065,726,2023-07-23 22:53:39
4066,861,2021-12-29 16:08:19
4067,807,2021-05-01 02:51:44
4068,801,2023-09-23 00:08:59
4069,860,2020-01-26 01:02:09
4070,423,2023-06-10 11:40:14
4071,996,2022-08-08 02:15:08
4072,240,2021-04-19 10:55:20
4073,844,2022-05-03 00:20:21
4074,235,2020-05-18 16:13:40
4075,345,2024-10-09 17:47:11
4076,560,2021-02-15 09:19:18
4077,860,2025-10-30 16:39:24
4078,159,2026-07-30 19:45:31
4079,189,2025-08-08 22:59:14
4080,747,2025-01-13 20:50:28
4081,678,2023-04-13 20:26:09
4082,251,2020-01-27 04:23:54
4083,982,2021-11-17 11:18:13
4084,256,2020-10-12 16:13:51
4085,262,2021-12-09 22:34:51
4086,387,2021-03-09 23:08:12
4087,689,2020-09-14 04:12:38
4088,189,2020-01-30 20:19:39
4089,350,2020-08-29 12:47:00
4090,541,2021-01-03 16:15:26
4091,775,2025-06-28 05:13:45
4092,320,2025-03-12 11:01:34
4093,683,2025-04-15 12:33:45
4094,890,2025-02-10 05:50:11
4095,100,2023-12-04 15:29:20
4096,190,2024-01-27 17:40:17
4097,936,2021-07-09 12:09:55
4098,690,2020-05-13 10:09:39
4099,562,2025-09-23 21:47:29
4100,849,2026-03-18 07:46:06
4101,860,2020-08-05 17:55:11
4102,665,2024-12-05 03:41:30
4103,325,2020-09-16 14:43:13
4104,219,2024-12-19 22:46:13
4105,963,2026-05-01 20:37:11
4106,934,2020-04-29 10:11:11
4107,100,2026-06-19 18:58:39
4108,219,2024-08-14 05:06:46
4109,214,2023-09-01 21:54:37
4110,539,2023-05-26 07:35:35
4111,189,2022-08-26 05:20:41
4112,653,2022-09-28 18:54:57
4113,515,2022-04-12 10:35:19
4114,446,2024-09-07 03:31:46
4115,248,2025-03-11 23:47:56
4116,475,2022-06-15 05:51:25
4117,691,2022-10-09 00:36:21
4118,190,2022-11-05 18:51:49
4119,746,2021-04-22 05:57:28
4120,176,2026-07-12 14:00:11
4121,690,2021-12-15 14:04:10
4122,925,2023-09-18 07:42:57
4123,566,2025-04-03 16:58:31
4124,678,2021-04-05 06:31:45
4125,297,2023-08-31 04:37:35
4126,963,2025-10-26 07:08:09
4127,153,2021-02-07 04:50:23
4128,489,2020-08-10 17:12:11
4129,732,2020-07-01 08:48:35
4130,921,2025-03-22 16:32:32
4131,824,2026-05-19 14:22:43
4132,988,2024-03-04 21:32:22
4133,375,2022-08-27 20:34:25
4134,873,2020-09-06 01:12:01
4135,596,2023-05-22 07:59:24
4136,248,2020-12-01 18:54:50
4137,862,2023-08-06 03:29:04
4138,154,2021-10-29 06:55:46
4139,690,2021-01-18 00:49:09
4140,240,2026-06-22 05:49:59
4141,158,2026-07-31 23:22:42
4142,286,2021-01-13 09:12:30
4143,175,2025-09-25 06:03:39
4144,152,2022-03-15 00:36:26
4145,556,2020-12-04 06:43:37
4146,746,2021-01-15 19:07:09
4147,489,2020-07-17 20:09:46
4148,870,2021-04-18 06:10:07
4149,726,2025-02-28 13:29:48
4150,208,2021-07-25 01:07:38
4151,655,2020-12-31 03:07:24
4152,378,2021-03-04 04:58:11
4153,340,2021-05-10 19:46:02
4154,617,2021-07-11 23:21:42
4155,138,2025-12-07 14:59:15
4156,219,2022-05-26 01:18:36
4157,732,2024-11-02 12:21:13
4158,373,2020-02-24 21:11:29
4159,580,2023-05-19 16:06:09
4160,352,2023-03-01 05:06:05
4161,799,2020-04-03 17:43:25
4162,819,2025-11-19 04:59:21
4163,258,2020-02-05 18:42:20
4164,608,2021-09-06 19:18:24
4165,844,2020-03-11 18:12:44
4166,995,2024-02-11 11:46:24
4167,340,2020-09-27 23:47:41
4168,458,2022-05-29 22:42:36
4169,566,2023-11-15 04:49:44
4170,541,2025-07-26 00:49:06
4171,794,2025-02-01 03:09:17
4172,688,2024-10-02 11:35:20
4173,515,2024-02-10 12:19:48
4174,873,2021-06-17 06:54:01
4175,178,2020-11-02 23:49:09
4176,286,2021-07-30 15:59:03
4177,747,2021-05-19 11:39:10
4178,445,2022-08-03 17:31:17
4179,879,2021-11-12 19:39:03
4180,157,2020-12-15 13:27:55
4181,183,2020-04-01 13:14:08
4182,341,2023-02-26 16:41:57
4183,758,2023-11-03 10:16:55
4184,282,2020-02-01 07:44:45
4185,726,2023-03-15 01:15:03
4186,290,2020-03-10 19:23:58
4187,217,2024-07-19 15:36:58
4188,131,2025-01-23 11:27:57
4189,279,2023-06-16 19:04:23
4190,157,2026-08-14 21:49:22
4191,283,2023-03-13 13:53:11
4192,963,2022-10-05 08:30:53
4193,758,2021-07-14 08:29:27
4194,493,2021-03-28 01:35:03
4195,131,2021-04-30 16:07:02
4196,834,2020-04-19 23:50:26
4197,320,2022-07-30 03:28:25
4198,175,2021-01-03 15:10:27
4199,957,2020-06-23 17:00:33
4200,432,2024-02-09 14:06:09
4201,928,2020-05-04 23:06:21
4202,225,2020-09-06 14:05:12
4203,910,2020-06-22 13:28:06
4204,748,2020-08-08 14:45:14
4205,785,2020-11-22 01:52:55
4206,861,2024-01-19 16:17:31
4207,366,2022-03-28 12:11:07
4208,225,2022-03-16 00:01:36
4209,793,2022-01-14 11:34:55
4210,596,2023-12-26 14:27:45
4211,801,2022-11-05 15:01:13
4212,296,2026-04-17 00:21:12
4213,136,2022-03-31 19:25:10
4214,152,2024-12-05 08:53:27
4215,539,2024-05-31 13:52:09
4216,342,2023-12-17 18:04:33
4217,107,2021-07-20 22:54:30
4218,668,2020-05-11 01:17:25
4219,247,2024-10-09 03:19:21
4220,819,2026-08-10 00:48:04
4221,814,2021-04-22 01:28:37
4222,870,2025-03-29 03:58:16
4223,732,2020-03-21 23:41:16
4224,153,2022-08-24 17:49:35
4225,738,2026-04-24 22:54:45
4226,386,2023-01-09 18:00:20
4227,663,2020-09-26 10:50:11
4228,340,2022-11-12 19:38:32
4229,732,2026-08-12 09:41:53
4230,729,2025-07-28 12:50:38
4231,596,2025-07-11 20:14:41
4232,324,2022-03-24 14:37:28
4233,708,2021-05-07 13:24:38
4234,105,2023-04-13 03:26:58
4235,849,2021-02-11 04:13:31
4236,720,2020-07-20 15:30:36
4237,446,2022-10-13 07:53:11
4238,268,2023-08-13 13:11:13
4239,913,2025-10-12 21:37:38
4240,691,2026-07-15 18:58:07
4241,836,2025-01-01 00:04:45
4242,152,2022-12-17 05:56:27
4243,297,2021-07-25 00:13:29
4244,965,2025-10-12 14:52:57
4245,515,2021-12-03 03:05:26
4246,925,2021-10-10 21:42:42
4247,153,2022-11-28 03:54:59
4248,925,2026-02-13 02:15:23
4249,708,2026-05-30 16:38:32
4250,541,2026-07-22 14:57:09
4251,572,2021-04-03 02:28:01
4252,911,2026-01-10 16:40:37
4253,257,2023-04-01 21:32:01
4254,387,2020-10-16 17:59:25
4255,309,2022-12-01 09:34:08
4256,718,2021-05-07 14:56:56
4257,472,2025-11-07 16:47:59
4258,219,2026-05-28 14:32:23
4259,825,2020-02-17 17:11:03
4260,449,2020-04-15 08:34:02
4261,569,2025-04-26 10:30:42
4262,350,2022-01-06 06:24:36
4263,668,2023-05-11 19:25:05
4264,352,2020-12-10 05:32:57
4265,746,2026-08-15 08:50:10
4266,435,2024-09-30 17:57:32
4267,870,2025-03-12 23:48:25
4268,575,2025-05-08 21:40:03
4269,446,2020-06-25 18:22:14
4270,840,2021-04-27 08:57:50
4271,183,2026-07-07 13:07:22
4272,214,2020-06-29 15:57:35
4273,624,2022-10-13 05:31:18
4274,395,2026-03-15 17:14:21
4275,333,2024-03-25 11:06:49
4276,946,2025-02-28 18:51:54
4277,534,2024-06-18 05:18:40
4278,985,2024-09-23 22:40:18
4279,190,2024-03-21 12:34:15
4280,678,2022-12-20 19:27:01
4281,446,2025-01-29 16:19:09
4282,324,2024-12-23 00:09:35
4283,115,2021-02-22 12:09:10
4284,456,2023-12-27 18:48:15
4285,991,2024-07-23 08:34:34
4286,341,2020-01-02 16:36:50
4287,594,2022-06-28 08:34:25
4288,280,2025-08-17 07:39:02
4289,269,2024-11-20 04:16:25
4290,445,2021-09-11 16:28:38
4291,753,2020-10-06 13:01:39
4292,975,2020-09-16 02:19:04
4293,219,2021-04-07 18:57:48
4294,830,2022-10-13 11:42:48
4295,435,2021-10-30 06:45:26
4296,756,2022-08-10 06:30:46
4297,765,2020-01-02 10:11:15
4298,871,2022-11-08 10:35:32
4299,941,2024-06-28 10:49:53
4300,514,2020-03-30 05:23:58
4301,934,2023-02-14 09:31:09
4302,775,2021-05-25 19:06:27
4303,978,2020-05-09 06:44:18
4304,349,2020-04-25 18:26:25
4305,150,2020-09-15 15:48:47
4306,936,2020-09-24 16:08:44
4307,178,2026-01-13 18:48:34
4308,760,2020-06-20 17:34:58
4309,158,2020-01-12 12:29:53
4310,783,2021-08-18 03:17:05
4311,157,2023-01-14 13:33:54
4312,795,2022-07-16 10:39:11
4313,924,2024-06-03 20:24:16
4314,794,2024-09-25 19:42:34
4315,966,2022-10-16 22:37:25
4316,772,2026-02-28 14:19:59
4317,550,2024-04-10 18:19:44
4318,181,2021-01-04 10:21:37
4319,190,2023-07-08 21:03:07
4320,290,2021-07-06 23:38:43
4321,249,2020-08-27 21:49:30
4322,174,2022-10-06 22:59:24
4323,539,2020-07-01 11:07:04
4324,875,2020-11-17 13:43:46
4325,214,2022-07-19 19:34:48
4326,655,2026-03-24 12:13:26
4327,633,2022-10-15 13:45:41
4328,341,2021-02-13 16:37:16
4329,610,2024-03-05 19:03:24
4330,870,2020-02-01 01:01:38
4331,287,2026-06-02 09:51:08
4332,771,2025-12-12 18:16:11
4333,710,2023-04-16 12:24:43
4334,824,2023-01-27 23:55:35
4335,609,2024-11-16 13:31:26
4336,185,2023-08-31 13:16:10
4337,415,2023-06-26 10:27:55
4338,653,2025-06-30 14:21:34
4339,181,2020-04-29 18:28:50
4340,970,2023-06-17 10:14:12
4341,352,2025-09-05 19:01:27
4342,404,2022-09-20 11:16:51
4343,766,2024-04-10 04:54:40
4344,375,2024-09-11 10:44:18
4345,805,2021-03-20 12:40:21
4346,176,2023-11-22 07:59:03
4347,313,2024-10-08 05:54:11
4348,579,2021-12-17 04:18:11
4349,257,2025-01-25 13:56:30
4350,505,2025-04-25 09:25:08
4351,352,2023-07-18 19:04:24
4352,153,2021-02-28 02:11:17
4353,983,2021-02-13 02:23:58
4354,754,2025-08-23 08:34:51
4355,957,2024-05-09 01:00:48
4356,217,2026-01-07 00:06:30
4357,739,2025-10-15 12:30:45
4358,389,2026-04-07 04:12:55
4359,342,2021-12-09 18:38:56
4360,952,2024-01-07 14:59:50
4361,572,2020-02-25 08:28:08
4362,665,2024-07-31 08:54:10
4363,282,2024-10-06 02:09:46
4364,511,2021-11-05 01:13:33
4365,236,2022-07-26 23:48:56
4366,445,2023-11-02 07:27:22
4367,772,2026-08-08 23:24:55
4368,455,2025-12-20 01:29:35
4369,554,2021-11-22 11:16:32
4370,325,2023-06-22 04:07:42
4371,467,2022-08-10 16:20:56
4372,468,2024-01-22 08:03:02
4373,182,2024-10-24 08:19:41
4374,379,2023-03-14 20:29:21
4375,845,2021-08-19 06:54:56
4376,618,2021-04-01 04:12:09
4377,191,2025-01-06 09:49:34
4378,609,2025-07-05 21:39:46
4379,387,2020-12-13 14:28:57
4380,365,2024-06-18 06:15:42
4381,564,2021-11-12 15:10:01
4382,732,2026-03-23 17:24:43
4383,938,2020-10-25 15:22:45
4384,627,2026-02-01 01:51:54
4385,738,2024-05-04 07:52:02
4386,716,2023-09-09 22:40:12
4387,353,2024-05-02 19:50:14
4388,873,2026-02-11 16:53:09
4389,446,2022-07-28 10:54:14
4390,988,2023-06-05 00:02:54
4391,795,2021-03-01 16:04:45
4392,729,2024-06-11 14:30:32
4393,720,2025-10-07 02:53:27
4394,135,2021-12-06 08:16:16
4395,626,2024-01-12 08:16:27
4396,805,2025-12-17 06:52:34
4397,269,2024-01-21 22:04:30
4398,976,2022-06-09 14:45:50
4399,783,2021-03-14 00:41:43
4400,580,2023-08-05 07:41:38
4401,290,2021-08-25 17:29:32
4402,822,2022-11-12 17:47:24
4403,588,2026-05-15 18:27:37
4404,596,2025-10-08 04:56:56
4405,352,2020-09-06 09:20:30
4406,575,2021-06-28 15:06:17
4407,340,2025-01-14 21:08:16
4408,581,2022-08-10 01:51:05
4409,631,2026-01-22 23:24:45
4410,468,2021-12-17 08:08:57
4411,108,2026-03-30 20:14:37
4412,508,2021-10-28 16:15:15
4413,954,2021-02-26 04:07:41
4414,338,2026-03-01 15:01:25
4415,795,2021-10-05 18:13:11
4416,957,2025-10-09 01:45:36
4417,467,2022-05-18 05:09:07
4418,871,2021-04-24 00:11:14
4419,325,2020-01-09 00:04:44
4420,354,2024-04-29 14:27:24
4421,422,2020-07-04 00:32:53
4422,386,2026-04-05 21:30:45
4423,159,2021-05-13 00:35:05
4424,297,2023-04-25 06:23:24
4425,814,2021-01-15 09:03:58
4426,333,2022-08-21 17:18:59
4427,987,2022-09-26 20:05:37
4428,261,2020-07-13 15:17:26
4429,352,2026-03-04 20:08:12
4430,573,2023-06-21 13:55:37
4431,573,2021-02-04 01:00:12
4432,497,2020-03-10 14:53:48
4433,378,2022-01-17 00:23:52
4434,387,2023-02-16 10:47:37
4435,669,2024-11-27 02:21:01
4436,281,2020-07-07 13:27:57
4437,725,2024-05-16 13:17:05
4438,707,2020-02-23 20:25:58
4439,558,2023-05-10 02:45:05
4440,225,2022-07-09 09:00:51
4441,617,2026-01-27 10:06:25
4442,609,2026-08-19 08:49:39
4443,556,2020-06-20 16:39:00
4444,379,2026-04-19 06:27:26
4445,276,2022-04-08 09:35:09
4446,452,2025-12-28 23:36:36
4447,335,2024-07-17 05:24:38
4448,329,2020-03-04 16:14:34
4449,896,2026-04-04 17:33:57
4450,167,2026-05-06 03:30:33
4451,560,2025-06-10 19:04:23
4452,416,2024-02-28 18:27:11
4453,581,2025-01-31 02:36:29
4454,572,2024-03-24 00:44:38
4455,228,2021-06-02 00:05:08
4456,342,2024-01-08 14:54:40
4457,354,2026-06-22 17:53:55
4458,728,2024-04-06 00:19:05
4459,320,2020-01-24 18:23:59
4460,712,2020-10-25 14:23:21
4461,261,2023-07-11 03:29:31
4462,608,2023-04-06 22:05:42
4463,251,2021-07-19 15:18:24
4464,976,2022-01-27 02:06:34
4465,851,2026-03-08 04:17:05
4466,220,2024-07-07 04:27:17
4467,435,2021-10-28 04:38:30
4468,957,2025-09-29 18:04:28
4469,805,2022-12-18 23:46:23
4470,446,2021-06-24 03:52:35
4471,154,2023-04-17 11:31:53
4472,190,2020-07-04 10:27:49
4473,435,2021-06-01 00:54:36
4474,143,2021-06-01 11:31:53
4475,458,2026-06-11 00:46:03
4476,878,2024-06-23 07:59:45
4477,100,2023-11-02 13:17:03
4478,329,2021-12-04 06:52:08
4479,596,2025-04-09 05:32:10
4480,924,2026-04-12 19:20:56
4481,622,2023-02-20 00:03:05
4482,870,2025-10-31 20:58:52
4483,957,2022-01-18 05:44:16
4484,665,2025-01-27 07:05:08
4485,569,2020-10-23 12:59:34
4486,873,2024-03-08 00:30:04
4487,879,2023-12-10 17:41:44
4488,455,2020-08-29 02:07:36
4489,283,2020-01-05 19:11:54
4490,615,2021-03-23 21:05:20
4491,728,2024-10-16 02:47:56
4492,871,2024-01-25 07:52:55
4493,820,2024-12-09 01:52:36
4494,535,2022-03-28 01:02:29
4495,784,2024-10-28 18:20:43
4496,415,2020-01-19 15:16:57
4497,514,2020-12-20 16:36:50
4498,548,2026-04-20 22:20:44
4499,564,2022-07-18 20:09:51
4500,954,2025-11-07 14:26:37
4501,105,2026-06-05 06:55:54
4502,730,2023-11-12 04:38:16
4503,596,2025-04-18 03:26:53
4504,497,2020-12-26 19:50:46
4505,982,2021-08-01 15:12:51
4506,548,2026-01-14 02:13:57
4507,655,2020-10-16 01:16:21
4508,985,2021-09-21 11:49:35
4509,242,2024-07-09 07:43:11
4510,844,2025-04-02 09:13:56
4511,223,2024-01-14 14:16:33
4512,352,2022-09-18 10:55:58
4513,870,2024-09-19 16:03:25
4514,631,2023-01-23 17:27:02
4515,513,2024-10-24 14:12:37
4516,276,2022-06-16 22:16:57
4517,366,2026-01-28 16:12:35
4518,907,2021-12-25 10:51:14
4519,849,2023-05-05 12:58:08
4520,515,2020-07-13 10:21:03
4521,617,2024-12-24 08:45:03
4522,152,2024-01-14 14:39:21
4523,664,2020-11-23 11:25:10
4524,724,2026-05-01 05:46:52
4525,313,2020-05-19 17:59:21
4526,925,2023-08-22 03:02:31
4527,760,2023-06-21 23:01:42
4528,435,2021-02-20 07:06:05
4529,394,2025-03-10 16:24:06
4530,435,2020-03-19 04:21:51
4531,557,2024-12-28 21:24:03
4532,334,2021-12-26 05:40:01
4533,766,2024-02-28 07:20:52
4534,924,2023-01-02 22:05:43
4535,435,2020-01-03 02:42:08
4536,457,2024-11-27 10:50:50
4537,100,2026-05-06 11:55:03
4538,828,2021-10-08 13:48:51
4539,514,2020-07-26 02:20:07
4540,792,2022-05-28 23:59:11
4541,743,2023-11-22 20:43:43
4542,739,2022-11-29 14:40:56
4543,966,2023-10-23 01:28:18
4544,871,2025-07-09 03:48:28
4545,225,2022-02-22 04:29:38
4546,909,2020-07-21 11:45:47
4547,183,2024-02-08 20:01:58
4548,776,2020-09-26 01:00:25
4549,861,2022-06-04 09:49:46
4550,627,2022-04-12 22:57:37
4551,579,2020-01-13 08:22:08
4552,222,2020-05-08 06:27:02
4553,550,2023-03-10 02:04:34
4554,366,2021-01-19 07:41:21
4555,269,2021-12-14 17:22:22
4556,293,2022-09-24 11:43:36
4557,160,2021-08-23 01:23:24
4558,784,2020-05-16 01:26:31
4559,101,2026-06-23 00:41:01
4560,489,2026-05-28 13:58:58
4561,991,2026-02-20 01:04:34
4562,727,2024-12-04 15:16:02
4563,594,2022-09-16 15:32:17
4564,505,2021-05-28 22:56:13
4565,242,2022-03-04 18:54:18
4566,543,2026-07-07 22:23:55
4567,891,2020-03-25 00:25:31
4568,431,2024-03-24 05:21:20
4569,313,2022-06-11 05:40:22
4570,788,2020-02-15 02:31:13
4571,669,2023-07-06 08:08:57
4572,860,2022-01-22 09:06:29
4573,659,2022-11-09 05:37:03
4574,729,2022-02-04 21:36:44
4575,594,2021-09-04 07:50:14
4576,543,2023-09-17 03:04:00
4577,913,2020-05-10 18:02:41
4578,297,2024-09-23 21:02:22
4579,494,2020-01-24 20:48:34
4580,105,2024-08-22 16:16:15
4581,415,2021-09-12 03:05:24
4582,152,2024-12-23 07:50:08
4583,489,2020-01-27 09:57:43
4584,957,2025-02-12 10:48:56
4585,854,2026-03-29 17:28:20
4586,854,2026-05-05 05:05:10
4587,928,2024-09-30 09:10:25
4588,985,2022-08-03 07:26:42
4589,588,2022-01-03 00:56:44
4590,143,2025-02-17 11:22:33
4591,728,2020-11-14 08:29:29
4592,539,2020-04-11 22:38:08
4593,458,2024-12-27 03:05:51
4594,135,2021-10-25 07:45:48
4595,909,2020-01-26 05:12:27
4596,514,2021-11-20 03:41:50
4597,220,2021-12-01 02:22:58
4598,858,2025-11-18 03:33:36
4599,925,2025-06-25 23:00:43
4600,349,2026-05-05 03:27:06
4601,321,2021-04-04 16:27:13
4602,373,2024-03-01 10:35:35
4603,471,2026-08-07 10:36:47
4604,615,2025-04-10 05:45:44
4605,941,2024-04-12 17:33:02
4606,846,2020-07-25 10:58:15
4607,445,2025-12-31 22:38:54
4608,163,2020-10-02 17:24:38
4609,952,2021-09-25 16:58:37
4610,445,2021-12-07 16:17:21
4611,628,2023-06-27 01:42:06
4612,982,2021-07-19 05:46:48
4613,523,2021-10-27 00:03:11
4614,783,2022-05-25 19:18:34
4615,844,2022-07-25 04:42:09
4616,879,2022-10-29 02:17:17
4617,596,2023-02-15 20:13:46
4618,618,2025-11-19 23:07:04
4619,803,2024-01-14 18:38:45
4620,527,2020-02-11 21:08:47
4621,729,2020-02-23 04:02:40
4622,834,2020-07-26 08:59:45
4623,772,2021-09-03 07:54:08
4624,404,2024-12-02 15:22:54
4625,946,2021-06-04 22:56:06
4626,683,2024-03-07 22:12:02
4627,100,2021-06-19 16:05:26
4628,957,2020-07-11 13:16:25
4629,527,2020-01-12 21:52:03
4630,135,2022-08-03 14:29:29
4631,472,2024-06-17 18:06:39
4632,659,2022-07-07 04:49:04
4633,708,2020-04-03 20:10:38
4634,183,2024-08-29 21:56:52
4635,334,2020-10-30 15:19:24
4636,824,2020-06-16 05:37:47
4637,934,2025-12-14 06:07:50
4638,153,2022-12-15 07:53:47
4639,631,2023-02-04 02:39:24
4640,860,2021-10-26 04:36:05
4641,423,2022-04-11 03:26:31
4642,415,2025-08-14 01:23:25
4643,467,2024-02-18 13:53:58
4644,152,2025-03-01 01:24:14
4645,514,2024-06-01 04:05:36
4646,822,2024-05-31 11:23:03
4647,907,2026-07-08 09:49:48
4648,223,2022-11-09 09:41:02
4649,345,2024-11-02 12:12:43
4650,958,2022-02-11 22:14:36
4651,956,2023-11-09 00:19:41
4652,176,2024-03-23 05:29:12
4653,404,2021-11-22 12:08:27
4654,988,2021-04-26 02:18:09
4655,716,2022-06-05 13:42:08
4656,924,2023-11-08 20:35:44
4657,939,2022-12-27 21:09:06
4658,323,2025-10-09 16:40:56
4659,722,2020-06-09 17:47:31
4660,682,2021-02-05 23:39:59
4661,765,2021-08-27 20:15:46
4662,548,2020-12-12 21:38:36
4663,560,2024-04-06 08:14:12
4664,309,2023-10-19 07:56:08
4665,678,2023-02-27 14:11:56
4666,349,2020-08-23 11:34:15
4667,891,2022-10-02 08:12:52
4668,583,2022-09-13 02:05:45
4669,190,2024-02-07 21:33:31
4670,766,2020-04-24 11:46:17
4671,558,2025-03-27 23:24:58
4672,128,2026-04-27 21:17:31
4673,713,2025-01-31 12:37:45
4674,297,2023-01-03 23:49:57
4675,626,2023-10-06 06:23:15
4676,126,2024-02-27 18:30:54
4677,383,2024-05-28 12:59:46
4678,906,2025-08-21 12:51:04
4679,342,2022-05-04 08:08:05
4680,435,2023-11-06 09:23:01
4681,373,2020-02-02 18:21:59
4682,340,2023-06-08 16:05:52
4683,160,2022-01-29 12:38:09
4684,218,2024-02-29 18:24:25
4685,149,2025-01-03 05:07:54
4686,860,2022-09-08 00:29:55
4687,175,2021-07-13 07:23:49
4688,665,2026-08-07 03:17:11
4689,159,2021-05-16 09:03:42
4690,722,2022-12-20 20:34:37
4691,527,2022-10-12 05:26:52
4692,157,2023-05-17 10:56:19
4693,219,2020-08-16 14:36:26
4694,756,2025-02-18 07:06:58
4695,420,2020-03-15 00:34:41
4696,334,2021-05-14 15:33:52
4697,472,2021-11-15 04:59:07
4698,342,2024-02-17 23:35:28
4699,350,2026-03-31 08:20:10
4700,988,2024-01-25 21:17:47
4701,297,2021-12-22 13:56:57
4702,435,2025-03-01 08:17:54
4703,420,2025-08-02 01:07:31
4704,100,2021-11-01 20:59:52
4705,182,2020-04-13 22:33:26
4706,814,2023-10-30 23:52:09
4707,192,2024-12-26 14:28:08
4708,193,2024-10-27 12:43:20
4709,765,2022-02-10 06:29:00
4710,696,2023-02-15 01:41:52
4711,985,2024-01-02 04:52:28
4712,456,2026-01-08 02:01:59
4713,371,2024-02-14 10:41:33
4714,338,2020-07-05 01:01:58
4715,870,2025-06-04 21:11:46
4716,844,2020-09-26 09:11:20
4717,615,2022-03-09 03:27:01
4718,176,2023-05-18 07:36:44
4719,666,2021-05-20 06:48:25
4720,596,2020-12-21 15:10:58
4721,583,2022-03-23 03:12:24
4722,335,2023-11-17 11:45:09
4723,162,2024-05-19 05:58:46
4724,286,2022-02-02 18:46:40
4725,854,2025-06-08 07:22:08
4726,678,2024-03-09 19:22:52
4727,309,2022-05-23 07:09:10
4728,870,2024-12-18 07:44:39
4729,688,2025-11-08 19:38:11
4730,458,2023-03-22 11:54:30
4731,128,2022-06-28 11:14:08
4732,223,2024-09-29 13:05:32
4733,554,2020-05-22 15:25:05
4734,743,2020-07-19 17:29:02
4735,261,2022-02-06 12:38:31
4736,895,2021-05-09 16:51:10
4737,788,2022-03-29 12:02:06
4738,415,2025-07-05 03:09:25
4739,394,2023-12-21 20:54:52
4740,320,2022-06-29 17:43:35
4741,386,2022-01-19 22:05:54
4742,475,2024-11-15 22:48:16
4743,605,2022-11-23 12:30:12
4744,873,2024-12-17 08:08:09
4745,988,2022-06-06 22:09:09
4746,970,2021-10-23 22:32:01
4747,345,2021-03-10 19:18:16
4748,495,2023-11-18 17:42:54
4749,398,2026-05-07 04:45:52
4750,716,2022-01-24 05:46:22
4751,766,2020-08-22 12:11:52
4752,378,2023-10-14 06:23:41
4753,185,2024-05-14 07:53:57
4754,167,2025-05-15 07:04:54
4755,517,2021-04-14 17:03:17
4756,489,2025-07-07 08:06:52
4757,992,2020-01-26 15:42:20
4758,794,2026-04-08 09:49:07
4759,967,2026-04-19 10:09:00
4760,378,2020-10-20 07:49:24
4761,325,2024-07-01 21:03:32
4762,223,2023-03-20 21:25:14
4763,690,2025-04-23 21:23:24
4764,878,2023-07-09 23:17:50
4765,320,2020-07-03 11:20:16
4766,101,2020-10-24 05:59:40
4767,338,2020-10-02 11:05:27
4768,678,2023-01-01 02:04:36
4769,893,2023-11-02 10:27:17
4770,738,2026-05-21 21:05:36
4771,622,2024-03-19 18:13:37
4772,939,2025-01-20 17:31:22
4773,534,2022-01-27 01:30:51
4774,458,2021-07-15 00:16:10
4775,793,2021-10-10 21:00:04
4776,335,2025-07-25 03:08:46
4777,208,2021-01-02 04:19:04
4778,241,2022-04-06 18:15:48
4779,435,2024-10-27 19:25:29
4780,280,2026-05-09 20:29:25
4781,391,2026-05-08 16:30:13
4782,707,2021-11-06 13:31:57
4783,936,2022-08-05 02:51:38
4784,655,2022-01-29 04:28:41
4785,755,2020-04-25 14:21:44
4786,193,2025-12-12 17:39:30
4787,464,2026-02-09 13:22:15
4788,833,2022-05-01 20:43:36
4789,100,2023-06-18 06:07:38
4790,562,2024-04-14 10:19:12
4791,416,2025-09-30 21:46:50
4792,575,2023-10-03 05:14:07
4793,804,2020-07-06 05:07:37
4794,844,2023-12-12 00:49:22
4795,870,2024-03-28 08:18:36
4796,800,2025-02-11 09:30:00
4797,217,2020-07-23 00:08:26
4798,718,2026-04-17 14:25:19
4799,201,2026-02-09 21:48:27
4800,473,2024-06-30 09:36:28
4801,928,2025-01-17 09:56:05
4802,569,2022-04-04 12:56:22
4803,214,2020-05-18 08:54:21
4804,353,2020-04-04 13:15:22
4805,573,2022-06-22 15:12:02
4806,739,2024-04-30 08:36:27
4807,489,2022-02-02 14:28:05
4808,511,2026-05-05 20:22:08
4809,101,2024-04-06 07:20:13
4810,185,2024-02-28 18:29:46
4811,313,2022-01-04 11:22:07
4812,718,2025-12-06 05:29:26
4813,395,2022-04-25 13:19:15
4814,342,2023-07-10 19:18:58
4815,859,2026-04-11 18:48:21
4816,167,2024-05-30 11:59:18
4817,730,2024-11-15 07:19:21
4818,455,2022-12-08 09:47:14
4819,543,2022-11-20 02:50:57
4820,958,2021-05-11 12:36:59
4821,976,2026-08-09 07:48:38
4822,683,2022-11-24 08:37:28
4823,799,2022-07-16 18:56:17
4824,605,2024-08-06 08:01:33
4825,255,2026-04-18 05:09:14
4826,710,2023-09-06 16:26:08
4827,176,2025-05-07 23:59:13
4828,753,2025-12-23 20:49:56
4829,354,2026-07-14 08:06:15
4830,961,2021-02-28 00:57:48
4831,690,2024-12-29 04:03:44
4832,687,2021-04-16 15:48:02
4833,445,2023-08-31 09:57:54
4834,162,2023-11-25 06:18:40
4835,983,2024-08-17 11:21:30
4836,802,2026-07-26 04:54:49
4837,341,2020-06-01 07:00:02
4838,149,2023-02-13 18:27:54
4839,907,2024-04-11 02:09:46
4840,836,2022-07-04 18:03:52
4841,153,2021-08-02 23:55:22
4842,758,2021-07-12 03:13:46
4843,824,2025-03-05 10:54:25
4844,824,2023-12-30 16:45:38
4845,860,2022-02-18 10:37:21
4846,729,2025-04-14 00:35:27
4847,754,2020-11-19 18:39:13
4848,811,2020-10-08 08:45:23
4849,783,2023-05-07 06:16:44
4850,610,2024-06-12 12:14:05
4851,707,2022-07-01 17:35:23
4852,710,2022-04-18 09:56:11
4853,688,2024-07-26 05:59:42
4854,398,2021-07-09 01:54:15
4855,100,2023-06-23 14:18:11
4856,629,2024-07-23 06:41:06
4857,668,2023-05-18 07:42:28
4858,840,2026-07-01 13:32:47
4859,462,2024-06-11 17:53:01
4860,353,2026-03-11 20:20:45
4861,846,2021-07-30 18:55:17
4862,849,2026-07-14 01:09:56
4863,534,2021-01-02 20:42:31
4864,825,2023-03-17 02:29:16
4865,310,2020-06-02 09:13:53
4866,987,2020-08-27 04:14:34
4867,820,2024-02-10 01:10:10
4868,387,2026-04-09 19:17:27
4869,860,2023-10-17 05:28:48
4870,792,2021-10-15 06:12:08
4871,517,2021-09-19 19:50:14
4872,313,2021-07-12 00:08:21
4873,646,2026-06-07 03:13:13
4874,605,2020-02-10 07:01:14
4875,219,2022-11-04 13:29:28
4876,738,2021-05-18 21:57:27
4877,223,2025-02-11 11:59:52
4878,828,2024-11-27 13:09:49
4879,523,2023-11-23 10:15:57
4880,615,2020-08-20 05:17:41
4881,558,2022-05-12 01:05:57
4882,687,2022-08-03 23:37:35
4883,655,2022-11-24 15:10:15
4884,153,2022-06-06 08:45:58
4885,256,2021-06-23 01:08:34
4886,557,2025-02-20 02:51:37
4887,550,2020-03-08 02:29:45
4888,218,2021-10-31 21:51:08
4889,371,2020-08-01 11:03:28
4890,262,2024-08-21 08:42:56
4891,794,2025-03-09 23:49:06
4892,998,2025-05-04 20:40:44
4893,389,2023-08-08 08:26:06
4894,335,2022-01-19 08:03:24
4895,174,2026-01-27 07:34:55
4896,795,2024-12-10 04:50:43
4897,556,2021-08-30 10:32:55
4898,946,2020-09-19 05:09:20
4899,729,2020-06-13 18:50:44
4900,336,2024-04-27 12:48:34
4901,645,2022-11-09 16:46:47
4902,512,2022-10-10 15:15:40
4903,310,2025-01-22 18:49:04
4904,820,2022-02-02 03:08:05
4905,890,2020-07-12 03:33:29
4906,376,2025-10-04 01:15:44
4907,154,2026-03-14 13:51:58
4908,138,2020-07-23 21:58:57
4909,952,2020-10-29 14:54:03
4910,631,2025-06-08 09:44:02
4911,989,2022-07-12 19:09:22
4912,795,2026-08-04 19:39:16
4913,505,2023-12-24 05:38:20
4914,216,2021-03-24 15:06:11
4915,325,2021-08-05 15:24:47
4916,716,2022-10-20 07:35:29
4917,457,2021-10-31 00:23:54
4918,691,2021-09-04 04:07:24
4919,435,2024-03-23 21:20:43
4920,449,2022-12-03 18:56:41
4921,849,2022-02-26 06:47:47
4922,458,2026-01-19 06:12:18
4923,564,2023-05-22 14:56:57
4924,975,2020-03-16 09:32:53
4925,162,2025-08-06 16:38:37
4926,860,2023-09-16 00:17:29
4927,249,2021-11-11 00:55:23
4928,609,2024-03-26 16:43:22
4929,784,2023-07-06 06:50:43
4930,169,2025-07-28 08:39:44
4931,281,2022-01-14 12:27:40
4932,377,2022-05-06 05:56:38
4933,398,2023-07-20 13:14:17
4934,375,2025-01-26 15:30:20
4935,820,2021-11-29 05:58:22
4936,954,2021-09-21 00:26:05
4937,541,2024-06-23 11:34:05
4938,143,2021-07-02 00:41:23
4939,862,2021-10-07 04:37:18
4940,157,2020-10-19 10:59:55
4941,722,2024-08-08 06:02:09
4942,183,2023-07-25 10:48:42
4943,514,2026-07-10 12:14:27
4944,494,2025-03-12 21:46:51
4945,495,2024-07-31 05:52:39
4946,333,2023-04-30 21:48:11
4947,340,2024-11-02 12:04:21
4948,242,2022-11-27 19:32:01
4949,248,2026-03-07 10:06:12
4950,108,2021-03-14 07:41:34
4951,293,2020-06-14 01:17:36
4952,605,2022-07-08 22:54:10
4953,878,2020-12-08 05:54:09
4954,941,2021-12-09 02:23:47
4955,557,2025-09-25 21:58:56
4956,696,2024-03-05 17:09:55
4957,793,2026-02-03 13:34:31
4958,646,2023-05-05 00:06:48
4959,541,2021-03-25 16:20:16
4960,105,2026-01-09 01:24:19
4961,958,2021-07-01 21:00:02
4962,820,2024-05-09 05:36:59
4963,170,2025-08-01 14:40:33
4964,445,2022-09-28 10:33:20
4965,469,2024-05-07 20:25:18
4966,963,2024-06-23 23:19:49
4967,513,2021-05-01 19:27:46
4968,404,2022-06-10 09:42:11
4969,696,2021-07-31 22:59:27
4970,550,2021-08-16 05:04:12
4971,457,2020-03-11 09:44:04
4972,985,2023-03-10 05:39:16
4973,280,2022-06-07 03:18:46
4974,870,2025-09-24 18:49:55
4975,514,2021-04-03 02:30:55
4976,609,2025-01-02 04:52:48
4977,765,2026-08-05 19:38:39
4978,596,2026-06-14 22:33:06
4979,580,2021-10-20 16:44:12
4980,511,2026-02-28 00:03:14
4981,605,2024-11-04 13:26:01
4982,913,2021-11-19 22:00:03
4983,993,2023-11-25 06:47:10
4984,515,2023-10-10 06:34:25
4985,310,2021-01-29 00:20:40
4986,985,2023-08-30 05:17:15
4987,541,2025-12-08 07:35:45
4988,458,2023-12-26 17:44:10
4989,873,2024-09-07 19:10:42
4990,594,2026-05-01 19:03:03
4991,508,2024-06-18 17:44:27
4992,218,2025-02-16 13:59:15
4993,859,2022-07-19 05:54:35
4994,539,2022-04-27 16:39:57
4995,159,2022-04-14 06:52:30
4996,765,2020-12-07 16:21:40
4997,422,2026-01-30 12:11:25
4998,548,2021-03-05 07:27:35
4999,958,2021-03-21 00:04:12
5000,100,2025-09-02 05:12:57
5001,891,2021-09-16 03:43:34
5002,297,2025-09-12 23:14:22
5003,572,2022-02-04 14:47:38
5004,119,2020-09-16 16:30:20
5005,846,2020-03-22 12:57:30
5006,475,2024-04-28 03:41:02
5007,747,2024-02-25 18:10:00
5008,167,2026-01-13 16:06:54
5009,967,2022-12-27 07:49:04
5010,335,2021-06-05 14:38:28
5011,934,2024-08-05 03:29:58
5012,170,2021-03-29 11:37:26
5013,575,2025-12-24 20:15:34
5014,462,2023-05-09 11:42:31
5015,912,2020-03-09 22:52:46
5016,870,2024-05-19 12:23:44
5017,722,2024-06-23 17:24:48
5018,346,2023-12-20 18:53:06
5019,409,2023-08-18 14:13:19
5020,489,2025-09-08 18:36:57
5021,970,2021-10-27 10:20:14
5022,976,2023-01-22 21:27:40
5023,167,2020-02-06 14:47:19
5024,541,2021-07-13 18:55:38
5025,225,2024-12-27 08:40:30
5026,189,2024-08-14 13:37:19
5027,878,2024-11-28 18:39:25
5028,870,2020-03-29 17:00:35
5029,352,2025-02-16 09:43:43
5030,473,2022-11-10 17:22:43
5031,966,2026-05-27 09:25:17
5032,539,2025-09-16 06:51:38
5033,423,2025-08-26 09:07:26
5034,192,2022-09-20 09:53:29
5035,162,2023-11-07 06:25:46
5036,314,2026-01-06 17:06:24
5037,371,2026-07-21 17:01:16
5038,691,2023-07-18 00:50:38
5039,243,2025-10-09 12:56:00
5040,610,2021-12-01 03:53:56
5041,353,2021-11-02 12:08:29
5042,360,2024-06-12 12:18:35
5043,976,2020-09-07 00:53:34
5044,912,2023-01-13 17:53:16
5045,730,2025-10-31 03:49:14
5046,458,2026-03-28 17:36:35
5047,688,2020-06-17 10:30:19
5048,842,2026-01-24 17:15:39
5049,906,2025-04-24 08:53:54
5050,138,2021-03-10 17:22:26
5051,726,2022-08-26 00:09:59
5052,301,2025-01-05 11:58:00
5053,710,2020-01-03 06:02:43
5054,135,2024-05-17 21:25:06
5055,928,2023-12-28 20:13:01
5056,858,2024-01-04 12:18:06
5057,467,2022-12-05 18:12:52
5058,825,2026-01-26 21:54:57
5059,564,2024-11-04 14:36:03
5060,170,2025-05-19 23:58:01
5061,967,2021-04-29 16:30:10
5062,247,2020-05-23 00:07:40
5063,838,2022-04-15 13:23:56
5064,990,2021-05-18 01:14:17
5065,924,2023-04-25 09:16:08
5066,435,2020-06-26 12:30:17
5067,716,2023-11-05 13:35:57
5068,436,2024-06-29 11:10:19
5069,241,2020-06-07 12:09:50
5070,594,2021-05-31 03:20:58
5071,135,2024-11-21 15:08:20
5072,456,2024-10-08 05:11:54
5073,249,2021-05-26 19:00:21
5074,992,2022-06-01 20:41:42
5075,564,2024-12-05 00:16:31
5076,543,2025-05-21 12:19:34
5077,861,2023-08-26 11:38:14
5078,435,2024-11-25 10:10:06
5079,297,2022-08-07 17:14:20
5080,796,2025-06-26 02:08:18
5081,785,2023-11-25 06:06:10
5082,822,2020-08-18 00:47:15
5083,152,2021-06-07 21:11:05
5084,946,2020-10-05 22:49:30
5085,228,2021-08-09 20:29:31
5086,961,2024-10-09 08:34:41
5087,794,2022-10-06 19:22:35
5088,939,2023-08-08 17:20:10
5089,249,2026-07-21 21:19:10
5090,420,2023-11-19 04:45:54
5091,633,2021-02-19 12:07:32
5092,610,2025-06-26 11:39:05
5093,169,2020-09-29 01:21:58
5094,965,2025-12-07 20:03:23
5095,543,2021-01-14 08:28:29
5096,543,2023-01-07 15:14:48
5097,349,2022-05-29 11:49:09
5098,771,2024-11-30 16:46:47
5099,816,2023-04-26 03:53:50
5100,150,2025-03-04 03:22:37
5101,366,2026-05-28 14:12:16
5102,691,2022-04-12 01:21:14
5103,921,2025-09-22 17:01:14
5104,100,2021-05-26 16:13:26
5105,505,2020-10-08 22:12:15
5106,991,2025-11-04 19:11:27
5107,371,2020-06-02 16:30:32
5108,605,2021-12-18 17:04:22
5109,820,2021-12-14 15:34:30
5110,527,2020-02-09 09:52:35
5111,793,2022-01-23 10:43:04
5112,633,2022-01-13 03:28:44
5113,958,2024-07-31 10:53:42
5114,478,2023-09-03 23:14:30
5115,449,2025-09-27 01:06:32
5116,888,2021-03-15 11:27:43
5117,523,2022-02-09 09:17:55
5118,849,2025-07-26 02:47:30
5119,157,2024-03-31 05:37:51
5120,489,2026-08-08 02:19:14
5121,988,2024-06-10 04:37:38
5122,753,2022-11-18 12:40:50
5123,342,2022-12-09 10:03:39
5124,996,2026-06-13 18:50:01
5125,128,2020-05-31 03:03:34
5126,906,2026-03-19 10:30:14
5127,193,2020-03-10 17:57:14
5128,975,2023-10-26 05:06:45
5129,668,2026-01-22 19:26:42
5130,354,2023-04-04 09:10:41
5131,564,2024-05-15 08:47:32
5132,469,2025-10-17 09:39:48
5133,222,2025-02-18 18:23:28
5134,346,2026-04-17 11:52:49
5135,539,2025-07-01 10:40:45
5136,690,2023-11-28 16:08:33
5137,398,2021-03-31 18:03:11
5138,189,2020-10-19 14:47:37
5139,192,2026-01-15 19:42:57
5140,242,2020-10-30 04:19:33
5141,515,2022-02-07 20:38:58
5142,258,2025-01-24 02:29:00
5143,963,2023-09-06 18:33:19
5144,119,2022-12-11 10:51:06
5145,571,2022-12-25 06:27:31
5146,293,2021-10-16 16:25:33
5147,795,2020-12-05 05:46:13
5148,282,2020-05-01 06:33:32
5149,160,2024-11-14 17:07:49
5150,471,2026-06-25 07:39:31
5151,190,2026-01-15 02:17:58
5152,792,2026-06-19 00:56:52
5153,225,2026-06-04 20:54:10
5154,975,2021-03-07 14:29:36
5155,710,2024-02-26 10:09:35
5156,631,2024-10-07 13:37:13
5157,192,2024-03-10 02:40:53
5158,377,2023-07-06 23:32:34
5159,838,2020-03-25 23:29:47
5160,627,2023-07-28 06:08:43
5161,177,2020-03-22 23:47:07
5162,485,2026-06-15 07:50:37
5163,342,2020-02-12 07:54:34
5164,341,2026-06-07 15:19:08
5165,248,2023-07-14 11:07:15
5166,333,2024-10-13 01:36:03
5167,128,2025-12-15 10:52:34
5168,989,2021-02-17 16:45:07
5169,340,2023-03-06 10:03:56
5170,535,2023-05-11 06:45:29
5171,724,2024-06-28 02:57:21
5172,456,2025-12-14 15:13:24
5173,713,2024-07-04 04:58:28
5174,342,2022-06-07 22:22:32
5175,678,2024-06-30 18:15:13
5176,664,2022-09-18 19:03:45
5177,796,2023-09-29 17:20:55
5178,838,2024-10-28 02:23:40
5179,934,2023-04-10 14:42:15
5180,890,2023-10-01 12:52:24
5181,575,2026-07-23 15:36:11
5182,472,2023-11-21 03:06:24
5183,691,2022-10-05 12:43:39
5184,340,2021-07-02 16:58:15
5185,139,2025-06-14 05:29:01
5186,419,2021-10-10 17:38:26
5187,893,2024-03-29 13:00:21
5188,119,2022-10-18 09:11:33
5189,505,2024-03-27 08:16:04
5190,297,2024-08-15 02:02:57
5191,795,2025-03-06 10:40:57
5192,108,2023-10-03 17:55:52
5193,167,2023-05-12 13:53:16
5194,340,2024-03-09 03:02:12
5195,725,2026-04-13 17:00:08
5196,765,2022-05-26 00:16:09
5197,596,2024-09-15 06:27:08
5198,191,2025-09-16 03:16:40
5199,178,2023-01-13 14:07:33
5200,126,2026-06-29 07:37:20
5201,820,2022-05-15 00:36:26
5202,753,2020-07-02 13:31:25
5203,190,2020-01-15 18:11:11
5204,435,2026-01-06 08:39:32
5205,548,2023-01-09 10:48:22
5206,696,2022-08-29 10:34:47
5207,309,2025-02-01 04:54:31
5208,290,2025-01-31 08:56:12
5209,249,2024-10-06 17:35:07
5210,895,2021-03-08 12:53:53
5211,799,2023-01-14 23:49:53
5212,583,2022-04-11 09:13:37
5213,170,2025-11-11 02:32:31
5214,724,2026-02-24 15:28:41
5215,251,2024-01-11 16:14:46
5216,219,2022-05-28 12:18:48
5217,320,2025-01-15 00:53:16
5218,941,2022-08-10 22:00:38
5219,627,2021-04-06 11:12:32
5220,991,2024-09-12 00:11:34
5221,844,2024-06-09 04:22:16
5222,895,2021-11-14 01:59:16
5223,738,2021-11-28 07:57:05
5224,836,2020-05-22 23:41:22
5225,508,2025-03-06 04:00:17
5226,255,2023-02-18 02:01:03
5227,846,2025-07-19 22:37:53
5228,225,2023-01-19 03:36:13
5229,282,2023-01-13 11:49:15
5230,833,2026-03-06 20:04:03
5231,335,2025-05-31 22:39:19
5232,954,2021-08-14 04:48:17
5233,542,2025-03-22 00:37:46
5234,216,2026-04-04 15:09:47
5235,755,2022-11-13 18:26:13
5236,457,2021-12-27 11:05:31
5237,924,2023-05-07 04:11:18
5238,415,2022-12-21 22:41:43
5239,219,2021-12-07 13:06:06
5240,605,2020-07-30 01:12:19
5241,849,2025-11-23 13:06:44
5242,849,2022-05-31 01:30:00
5243,211,2026-02-15 12:28:44
5244,967,2021-11-26 01:59:59
5245,870,2020-05-23 01:38:21
5246,154,2022-08-26 12:57:51
5247,247,2021-07-09 02:36:23
5248,527,2024-08-03 17:37:01
5249,828,2023-10-20 14:30:38
5250,633,2020-05-02 01:06:31
5251,683,2021-07-13 10:51:36
5252,376,2020-02-20 00:51:29
5253,163,2025-03-05 02:12:48
5254,594,2020-05-21 20:28:10
5255,718,2021-01-18 03:13:34
5256,262,2024-04-08 18:02:47
5257,910,2025-04-19 02:41:24
5258,389,2021-08-06 05:07:01
5259,588,2022-11-05 10:55:59
5260,983,2023-02-18 23:26:50
5261,696,2025-07-24 03:36:10
5262,276,2020-10-07 15:53:00
5263,548,2022-11-17 09:15:26
5264,805,2021-08-15 07:48:19
5265,564,2021-06-23 05:23:09
5266,350,2024-06-15 00:09:21
5267,249,2022-05-29 18:17:48
5268,505,2021-08-04 23:58:59
5269,716,2020-03-10 18:17:19
5270,398,2025-01-01 15:56:11
5271,581,2020-04-02 06:43:11
5272,803,2023-12-17 10:06:14
5273,860,2021-06-18 15:26:05
5274,580,2025-03-22 19:52:19
5275,678,2026-04-01 00:43:08
5276,383,2023-11-13 22:22:37
5277,515,2023-12-07 03:24:02
5278,618,2021-03-09 03:36:42
5279,511,2023-08-02 17:37:59
5280,833,2021-01-07 05:51:27
5281,515,2024-07-15 22:18:46
5282,186,2026-01-03 13:16:30
5283,105,2024-10-18 16:43:26
5284,341,2022-05-26 14:24:03
5285,743,2020-02-09 16:33:17
5286,548,2025-02-11 08:01:32
5287,615,2022-08-03 14:52:42
5288,467,2020-12-28 18:07:36
5289,353,2025-07-02 09:39:54
5290,954,2021-06-19 02:27:19
5291,871,2020-07-25 12:36:47
5292,830,2025-12-07 06:25:38
5293,628,2021-06-07 06:50:20
5294,794,2023-02-15 17:17:32
5295,126,2023-01-12 14:02:32
5296,961,2021-04-25 07:36:33
5297,735,2023-07-28 08:27:11
5298,512,2020-02-09 05:04:10
5299,303,2025-07-06 21:47:09
5300,726,2020-02-29 11:57:21
5301,458,2022-05-02 06:00:03
5302,249,2020-03-15 17:33:24
5303,663,2023-04-09 23:45:25
5304,548,2022-09-07 18:07:39
5305,993,2020-01-14 16:33:36
5306,131,2026-05-16 02:07:16
5307,579,2024-07-21 00:01:37
5308,722,2021-01-13 12:36:48
5309,398,2021-09-15 07:08:43
5310,389,2022-04-05 14:47:53
5311,314,2025-12-18 18:46:29
5312,845,2020-07-02 12:00:34
5313,814,2023-10-11 09:34:53
5314,256,2020-12-02 17:27:30
5315,178,2024-05-10 07:02:03
5316,225,2026-08-11 16:17:43
5317,756,2022-10-17 13:07:56
5318,432,2022-09-27 14:05:59
5319,432,2025-11-13 02:20:05
5320,242,2026-03-24 20:23:44
5321,178,2023-09-12 16:09:48
5322,862,2023-06-19 04:01:12
5323,167,2022-11-30 21:00:04
5324,581,2022-04-13 10:48:15
5325,596,2024-08-18 13:01:28
5326,939,2024-03-16 18:38:38
5327,236,2023-03-06 18:56:45
5328,225,2024-07-14 13:28:09
5329,435,2020-08-07 03:03:35
5330,409,2022-12-29 20:46:01
5331,550,2021-07-24 22:49:34
5332,858,2021-01-10 22:32:09
5333,795,2021-07-18 20:14:32
5334,617,2023-03-29 00:09:57
5335,860,2021-07-30 01:33:22
5336,344,2020-10-13 15:16:44
5337,873,2021-07-10 14:14:50
5338,391,2024-01-08 20:12:26
5339,548,2021-10-16 07:22:29
5340,738,2020-02-04 09:05:10
5341,313,2021-01-22 17:08:35
5342,822,2023-09-21 03:35:07
5343,334,2024-09-10 02:40:11
5344,279,2023-09-02 11:36:01
5345,720,2024-06-16 03:56:02
5346,214,2025-03-18 19:11:14
5347,925,2022-12-19 13:26:01
5348,805,2020-12-15 04:35:15
5349,354,2021-08-10 14:05:01
5350,183,2021-12-20 06:57:08
5351,954,2024-10-15 02:22:05
5352,341,2020-04-30 20:57:16
5353,963,2025-12-20 22:23:00
5354,473,2024-10-24 13:48:20
5355,382,2022-11-25 09:24:46
5356,985,2023-06-05 20:11:57
5357,189,2024-12-06 13:14:54
5358,345,2023-05-13 12:52:01
5359,758,2020-12-26 10:15:00
5360,349,2025-08-06 23:47:51
5361,819,2022-04-19 23:19:31
5362,150,2021-09-01 08:15:22
5363,467,2024-09-23 02:31:26
5364,605,2021-11-23 05:20:48
5365,394,2021-05-31 14:42:11
5366,152,2025-01-29 00:32:25
5367,995,2024-09-09 22:51:24
5368,191,2023-12-09 22:50:25
5369,970,2021-09-17 04:17:04
5370,934,2024-12-15 13:54:34
5371,157,2025-09-22 08:50:39
5372,564,2025-04-22 14:53:05
5373,242,2021-10-15 18:03:40
5374,834,2024-01-21 00:02:26
5375,952,2021-03-21 16:19:32
5376,888,2025-06-02 09:09:08
5377,992,2023-07-06 08:51:13
5378,543,2020-08-07 09:46:26
5379,605,2024-03-29 17:09:07
5380,870,2020-12-21 10:50:40
5381,896,2022-11-01 19:47:48
5382,472,2021-11-01 11:16:36
5383,279,2021-12-05 00:25:42
5384,128,2023-02-06 09:41:52
5385,183,2021-05-21 03:42:45
5386,167,2025-07-12 06:34:35
5387,471,2025-12-15 04:29:15
5388,493,2024-10-23 07:19:14
5389,792,2026-07-31 09:32:55
5390,824,2025-08-21 05:46:04
5391,596,2025-10-17 08:37:51
5392,569,2026-01-07 00:25:25
5393,178,2020-03-15 11:54:06
5394,297,2021-02-16 01:11:05
5395,718,2024-02-28 09:12:42
5396,615,2023-02-16 02:51:46
5397,728,2022-10-09 00:07:45
5398,646,2020-07-27 09:39:47
5399,256,2025-12-02 13:00:52
5400,963,2022-09-08 15:09:06
5401,840,2025-08-31 12:03:03
5402,710,2021-10-30 01:44:12
5403,795,2025-01-03 17:52:37
5404,335,2020-07-21 02:05:51
5405,175,2020-05-12 00:13:19
5406,924,2025-04-28 03:15:06
5407,838,2025-07-26 23:06:37
5408,152,2025-03-26 20:35:26
5409,985,2021-03-05 20:48:24
5410,892,2021-09-29 11:43:45
5411,489,2020-07-27 23:32:16
5412,954,2026-07-11 20:18:54
5413,167,2025-03-26 16:21:55
5414,653,2020-02-08 20:07:04
5415,724,2024-11-27 10:14:21
5416,107,2021-11-09 22:07:01
5417,139,2021-11-12 17:33:43
5418,921,2024-12-22 16:47:00
5419,139,2021-07-17 14:38:48
5420,925,2022-07-17 14:07:26
5421,758,2024-10-13 00:35:44
5422,822,2021-03-30 19:30:53
5423,100,2021-06-15 06:43:38
5424,269,2026-08-05 20:24:16
5425,235,2025-07-01 03:34:12
5426,870,2023-10-19 07:02:28
5427,605,2024-09-13 17:55:06
5428,100,2020-01-29 05:51:18
5429,276,2020-03-02 21:46:45
5430,909,2024-02-09 11:29:55
5431,214,2025-08-12 01:00:10
5432,580,2022-11-18 21:55:18
5433,100,2021-07-06 06:56:25
5434,257,2022-02-01 05:52:07
5435,860,2026-07-24 01:50:24
5436,976,2024-04-15 17:22:54
5437,608,2022-11-29 12:42:30
5438,249,2024-05-12 14:43:43
5439,472,2020-09-28 13:39:44
5440,579,2022-10-04 18:54:58
5441,946,2024-02-02 22:47:56
5442,952,2021-08-04 02:20:03
5443,216,2021-04-17 13:57:19
5444,152,2021-08-17 12:04:00
5445,445,2020-02-09 06:12:23
5446,985,2025-11-10 08:57:50
5447,961,2023-03-01 06:44:47
5448,505,2021-04-05 19:34:55
5449,192,2026-06-25 04:18:34
5450,419,2023-04-14 16:04:14
5451,286,2020-02-11 09:58:06
5452,845,2024-10-07 19:51:51
5453,539,2020-03-04 10:54:14
5454,985,2021-08-26 03:23:58
5455,784,2024-03-24 15:46:23
5456,268,2026-03-03 12:44:18
5457,378,2022-09-30 07:42:55
5458,371,2023-09-13 07:19:35
5459,562,2021-01-17 00:20:01
5460,905,2021-04-30 08:58:31
5461,803,2022-11-29 04:31:32
5462,905,2026-07-25 13:54:07
5463,987,2025-04-19 07:35:21
5464,939,2021-03-31 04:34:49
5465,618,2025-01-13 15:21:51
5466,954,2021-07-02 07:37:23
5467,352,2026-04-24 15:32:06
5468,160,2024-01-23 08:09:24
5469,419,2020-07-05 21:51:38
5470,192,2021-10-20 07:46:24
5471,668,2021-09-20 09:50:18
5472,793,2024-02-23 08:27:49
5473,192,2025-04-03 04:02:22
5474,324,2024-12-13 03:01:29
5475,108,2020-09-07 16:29:07
5476,581,2024-04-22 08:48:41
5477,235,2025-12-17 20:48:14
5478,235,2020-09-07 06:06:31
5479,978,2023-06-11 07:33:01
5480,469,2022-01-30 14:18:52
5481,707,2023-05-20 16:54:20
5482,110,2025-02-23 21:11:24
5483,185,2021-10-25 18:11:21
5484,178,2024-06-03 21:33:25
5485,512,2025-01-20 05:35:33
5486,975,2023-05-14 01:28:26
5487,801,2022-10-23 04:00:28
5488,967,2024-03-25 21:13:09
5489,523,2020-10-03 22:13:21
5490,834,2026-02-24 12:30:26
5491,462,2021-07-20 11:38:08
5492,445,2025-12-06 13:46:32
5493,190,2025-04-30 19:03:26
5494,297,2020-05-03 08:33:58
5495,371,2025-11-13 12:37:43
5496,219,2021-12-23 01:44:21
5497,154,2024-02-26 07:16:00
5498,154,2020-04-14 21:33:53
5499,176,2021-08-16 15:12:36
5500,569,2020-12-09 10:38:54
5501,508,2024-10-23 08:49:00
5502,633,2022-02-24 21:41:47
5503,939,2024-08-12 14:03:47
5504,875,2025-08-10 19:56:29
5505,746,2023-10-20 11:16:10
5506,126,2020-11-11 18:45:55
5507,153,2022-09-15 16:16:09
5508,150,2022-01-11 15:13:55
5509,378,2021-06-17 14:46:13
5510,249,2020-09-01 22:11:11
5511,811,2021-08-26 15:06:06
5512,293,2020-11-03 14:53:23
5513,580,2025-06-30 13:38:07
5514,718,2025-07-07 03:27:10
5515,992,2023-04-21 05:39:56
5516,542,2024-03-03 03:18:17
5517,689,2026-03-12 12:36:35
5518,219,2020-05-12 11:11:06
5519,190,2024-10-06 18:00:13
5520,153,2022-01-03 05:01:57
5521,249,2024-08-19 18:50:35
5522,415,2021-01-26 08:11:43
5523,489,2023-01-05 15:53:04
5524,214,2024-09-25 17:01:55
5525,784,2025-01-19 14:56:56
5526,255,2020-03-20 06:51:05
5527,506,2022-03-05 14:56:49
5528,360,2023-11-03 21:00:02
5529,371,2026-07-17 06:13:11
5530,730,2025-02-22 05:16:58
5531,638,2024-03-23 18:14:54
5532,696,2024-12-09 05:36:17
5533,352,2024-12-21 13:15:58
5534,105,2020-01-22 17:14:36
5535,353,2024-06-16 10:16:03
5536,961,2023-12-03 19:46:39
5537,297,2026-03-02 10:06:44
5538,176,2022-06-15 23:38:14
5539,844,2025-03-07 22:10:48
5540,475,2022-01-08 17:55:05
5541,282,2026-06-03 03:52:24
5542,192,2023-11-26 20:03:19
5543,952,2026-04-25 13:03:08
5544,998,2024-10-29 22:26:28
5545,177,2023-09-18 05:29:55
5546,243,2026-03-14 20:19:22
5547,724,2026-08-05 15:16:39
5548,615,2026-07-29 11:01:28
5549,333,2020-01-03 16:54:34
5550,793,2023-05-19 00:26:47
5551,389,2024-01-28 13:54:55
5552,225,2021-11-25 01:34:00
5553,716,2021-02-27 18:53:54
5554,346,2020-07-09 05:11:49
5555,618,2024-03-01 09:56:52
5556,228,2020-05-13 08:16:34
5557,862,2020-05-21 18:14:11
5558,100,2021-10-04 11:12:15
5559,724,2021-12-10 00:10:15
5560,730,2020-10-02 01:09:51
5561,826,2023-09-19 11:54:03
5562,422,2022-07-15 10:18:21
5563,814,2020-05-16 07:54:25
5564,314,2025-08-27 17:51:35
5565,799,2022-05-02 19:12:48
5566,469,2022-10-02 06:56:10
5567,564,2022-10-05 12:58:10
5568,928,2024-10-13 04:00:51
5569,659,2020-04-19 11:36:47
5570,398,2026-01-14 20:14:07
5571,341,2023-01-08 08:05:10
5572,269,2026-07-02 01:28:49
5573,785,2024-05-27 10:58:55
5574,167,2021-07-02 01:07:09
5575,683,2025-07-26 12:12:04
5576,235,2025-02-26 09:37:23
5577,596,2021-10-17 02:58:00
5578,711,2022-01-16 19:49:55
5579,965,2021-01-15 18:13:57
5580,169,2023-11-01 19:50:06
5581,996,2021-06-26 05:25:28
5582,539,2022-07-27 03:30:23
5583,776,2024-06-29 04:27:54
5584,256,2023-01-27 15:20:09
5585,842,2025-09-14 20:58:25
5586,236,2024-04-18 03:57:57
5587,143,2020-04-14 19:27:07
5588,169,2022-07-25 00:00:36
5589,928,2021-10-10 21:47:56
5590,280,2023-01-05 10:55:08
5591,383,2020-09-07 06:10:45
5592,758,2020-09-14 11:44:14
5593,258,2023-09-21 11:00:20
5594,941,2023-01-14 06:46:49
5595,712,2021-02-15 18:40:06
5596,366,2022-08-31 21:53:03
5597,957,2024-12-13 15:58:37
5598,192,2021-07-26 08:29:38
5599,952,2021-06-03 11:44:47
5600,236,2021-06-21 04:05:32
5601,794,2022-08-25 22:52:16
5602,729,2023-08-09 22:59:34
5603,666,2021-03-24 18:11:47
5604,963,2020-01-31 09:49:34
5605,936,2025-07-10 01:27:31
5606,345,2024-04-14 18:12:13
5607,269,2022-08-18 05:37:37
5608,467,2024-10-27 11:06:22
5609,729,2020-08-22 05:21:29
5610,435,2026-02-01 21:18:27
5611,349,2020-08-22 16:21:40
5612,170,2024-01-11 23:33:33
5613,732,2026-01-26 05:49:20
5614,514,2024-11-25 22:50:30
5615,535,2024-07-14 05:01:47
5616,910,2022-12-26 12:30:08
5617,338,2026-07-22 05:23:19
5618,873,2022-06-06 20:55:20
5619,913,2024-03-08 02:50:37
5620,860,2021-11-22 17:10:11
5621,457,2023-12-06 00:48:06
5622,605,2022-01-21 11:46:50
5623,242,2024-07-19 05:48:56
5624,366,2025-01-05 05:35:26
5625,310,2026-08-09 08:56:11
5626,248,2020-02-22 02:54:10
5627,666,2021-10-27 07:59:17
5628,890,2023-03-23 18:36:11
5629,906,2020-02-16 00:38:44
5630,287,2024-09-06 12:10:53
5631,505,2024-12-21 01:08:26
5632,506,2020-01-02 08:58:53
5633,181,2023-11-04 01:37:23
5634,342,2022-03-06 05:04:30
5635,689,2023-03-13 20:02:01
5636,665,2022-08-06 19:04:03
5637,913,2020-12-11 18:14:15
5638,558,2022-04-02 17:39:11
5639,608,2021-10-18 09:53:29
5640,350,2020-12-21 18:14:24
5641,816,2020-01-24 22:02:26
5642,376,2020-03-28 16:09:29
5643,870,2020-06-01 10:25:17
5644,506,2021-03-30 21:47:26
5645,998,2020-08-12 15:27:55
5646,404,2024-05-20 09:13:45
5647,394,2023-12-20 00:00:36
5648,873,2022-07-23 14:11:12
5649,383,2024-10-01 02:28:52
5650,250,2021-08-23 07:43:07
5651,724,2022-03-22 13:07:00
5652,240,2022-11-26 09:45:05
5653,376,2024-11-17 09:08:12
5654,435,2021-02-10 12:22:17
5655,100,2023-03-24 03:58:47
5656,527,2025-02-26 05:29:30
5657,338,2024-05-09 16:23:30
5658,256,2024-09-17 01:27:54
5659,462,2022-05-03 08:38:18
5660,249,2020-07-03 08:56:27
5661,550,2020-10-11 15:20:54
5662,160,2021-02-13 16:35:28
5663,249,2020-12-20 15:39:39
5664,888,2022-02-12 05:19:44
5665,457,2020-06-17 05:18:35
5666,756,2024-12-28 09:17:49
5667,446,2020-11-14 15:10:14
5668,965,2023-11-15 13:49:21
5669,814,2022-03-15 16:52:24
5670,862,2022-11-12 14:36:48
5671,828,2021-11-08 11:55:18
5672,321,2026-01-04 11:47:14
5673,452,2021-07-14 13:35:36
5674,340,2023-02-24 22:29:11
5675,219,2025-10-13 13:46:45
5676,446,2020-09-15 20:00:00
5677,906,2023-10-20 07:32:55
5678,792,2023-07-05 15:47:17
5679,325,2021-01-09 12:46:17
5680,992,2023-08-08 18:38:01
5681,190,2020-05-13 18:49:14
5682,523,2025-12-25 02:16:43
5683,214,2020-07-23 09:31:54
5684,517,2024-08-08 23:06:18
5685,192,2025-02-09 16:58:33
5686,775,2023-02-03 06:29:03
5687,177,2024-03-16 02:34:48
5688,424,2023-12-10 13:16:57
5689,247,2025-03-29 04:43:56
5690,727,2022-08-15 12:35:59
5691,550,2020-10-02 11:42:19
5692,988,2020-12-22 16:23:52
5693,957,2026-05-28 01:03:09
5694,424,2025-05-01 22:10:36
5695,924,2021-03-26 00:49:33
5696,543,2023-10-02 01:44:29
5697,464,2026-04-21 12:01:18
5698,952,2022-08-25 11:26:48
5699,988,2024-10-20 01:21:57
5700,391,2022-07-22 22:15:28
5701,446,2024-10-06 18:32:15
5702,478,2020-04-20 12:30:41
5703,345,2022-05-14 00:52:25
5704,139,2021-05-07 17:59:08
5705,457,2022-01-21 13:26:56
5706,859,2025-05-01 18:41:17
5707,469,2020-11-28 19:01:49
5708,822,2025-01-25 16:41:32
5709,342,2023-09-09 06:32:48
5710,429,2020-07-10 12:30:48
5711,724,2026-06-03 13:13:19
5712,420,2021-11-23 22:32:44
5713,966,2025-08-25 15:25:01
5714,398,2023-07-13 20:20:54
5715,225,2023-05-24 18:08:08
5716,788,2021-04-28 22:29:03
5717,775,2026-04-16 13:48:44
5718,352,2020-11-14 17:55:25
5719,560,2024-12-18 00:26:25
5720,724,2022-02-04 01:48:04
5721,646,2021-10-29 18:59:43
5722,297,2020-03-01 15:12:51
5723,314,2026-07-09 05:49:53
5724,910,2020-11-24 21:36:52
5725,373,2021-10-16 15:07:35
5726,495,2024-09-10 22:20:56
5727,131,2022-04-15 07:29:05
5728,431,2020-01-25 17:27:52
5729,998,2023-06-15 19:16:10
5730,766,2026-08-02 09:10:01
5731,724,2026-08-19 17:43:42
5732,992,2020-12-22 21:49:15
5733,807,2023-08-31 09:43:40
5734,435,2020-03-19 03:18:22
5735,365,2026-05-05 19:26:28
5736,286,2024-04-07 19:11:04
5737,489,2023-10-24 17:28:12
5738,493,2024-02-15 08:38:33
5739,218,2023-01-17 07:35:58
5740,822,2023-02-12 21:50:15
5741,449,2020-08-10 22:09:50
5742,729,2020-11-04 14:46:34
5743,696,2024-08-23 15:32:55
5744,963,2020-01-23 12:40:24
5745,722,2023-01-15 21:14:43
5746,422,2023-11-08 20:33:37
5747,824,2020-07-31 03:24:41
5748,860,2022-10-31 18:58:46
5749,377,2021-08-04 20:32:05
5750,429,2020-01-07 06:28:49
5751,985,2021-04-13 15:03:59
5752,729,2021-10-01 13:40:19
5753,340,2025-01-01 01:13:01
5754,822,2026-01-18 01:33:40
5755,572,2020-09-25 14:10:25
5756,211,2025-12-05 05:38:26
5757,909,2021-12-13 20:55:49
5758,557,2023-05-10 16:20:48
5759,963,2020-05-03 21:54:01
5760,431,2021-08-26 16:32:42
5761,575,2023-10-20 18:11:41
5762,517,2025-03-27 20:17:05
5763,539,2024-09-12 17:00:27
5764,371,2021-04-05 23:38:56
5765,309,2024-04-25 03:10:51
5766,139,2024-07-21 12:08:00
5767,467,2020-05-15 16:08:53
5768,738,2022-09-10 19:07:29
5769,992,2021-12-18 13:12:43
5770,925,2022-12-19 08:17:13
5771,873,2024-04-11 20:41:11
5772,624,2022-11-02 10:33:43
5773,799,2025-06-07 00:05:11
5774,828,2023-04-24 21:59:42
5775,189,2023-05-06 05:42:56
5776,826,2022-05-30 13:38:01
5777,153,2021-01-03 04:14:29
5778,653,2022-10-15 00:11:35
5779,925,2022-12-26 18:28:25
5780,152,2020-08-28 07:39:24
5781,464,2025-01-12 00:08:58
5782,126,2023-04-17 07:24:20
5783,608,2023-06-16 01:22:22
5784,192,2024-10-06 08:32:48
5785,342,2025-12-22 14:50:23
5786,594,2023-02-14 21:01:15
5787,951,2024-06-26 22:17:53
5788,605,2025-09-20 17:09:07
5789,664,2026-05-23 14:31:15
5790,162,2024-02-22 08:45:25
5791,735,2021-09-15 06:08:14
5792,801,2020-06-06 12:25:51
5793,615,2025-12-06 13:18:37
5794,707,2021-06-13 11:37:19
5795,954,2025-06-07 21:57:11
5796,535,2020-07-25 08:11:38
5797,859,2024-05-03 05:10:26
5798,854,2021-06-11 00:24:26
5799,489,2020-10-24 14:59:36
5800,541,2024-07-29 05:12:57
5801,135,2024-03-24 19:37:58
5802,539,2021-09-24 18:58:47
5803,976,2026-02-23 07:13:20
5804,838,2026-03-14 23:30:55
5805,754,2024-06-25 17:32:29
5806,983,2025-07-22 14:39:11
5807,283,2024-11-11 00:19:07
5808,748,2022-11-09 16:11:03
5809,354,2022-10-27 19:52:15
5810,941,2023-09-02 06:38:33
5811,513,2022-02-15 19:05:09
5812,341,2024-07-06 00:01:00
5813,572,2020-09-29 09:19:03
5814,967,2025-03-25 12:09:53
5815,489,2020-10-02 09:47:41
5816,208,2022-07-18 01:55:18
5817,911,2026-04-29 02:13:19
5818,579,2020-03-09 06:33:51
5819,753,2025-07-23 10:09:57
5820,167,2026-02-04 15:08:02
5821,183,2026-01-21 13:41:20
5822,975,2024-04-20 09:10:47
5823,279,2021-07-08 09:58:00
5824,429,2021-09-11 01:33:11
5825,219,2023-10-11 07:01:36
5826,456,2025-06-07 13:27:38
5827,952,2021-02-23 19:16:35
5828,217,2024-06-29 04:58:36
5829,241,2026-02-11 01:41:54
5830,558,2024-07-05 17:08:56
5831,993,2020-12-14 15:42:23
5832,494,2020-01-12 14:39:26
5833,207,2021-02-15 16:27:36
5834,785,2025-05-21 04:48:48
5835,580,2023-04-04 00:19:15
5836,814,2023-06-12 15:16:07
5837,983,2021-10-31 10:14:04
5838,377,2022-03-06 15:42:39
5839,573,2024-07-15 03:00:03
5840,473,2025-06-30 15:12:41
5841,938,2020-10-27 15:22:03
5842,891,2024-09-12 02:48:36
5843,268,2022-01-04 01:09:44
5844,785,2026-07-19 19:46:04
5845,183,2022-03-23 16:30:12
5846,988,2025-02-25 01:12:19
5847,911,2022-01-23 09:54:19
5848,349,2025-01-11 09:35:38
5849,458,2023-01-14 15:27:01
5850,739,2025-12-29 13:55:08
5851,365,2022-07-12 10:04:59
5852,718,2020-01-22 22:53:30
5853,730,2023-08-09 02:49:48
5854,220,2020-10-19 15:40:02
5855,924,2026-04-01 11:05:30
5856,505,2022-09-05 21:10:55
5857,659,2023-11-22 02:17:22
5858,711,2022-02-27 08:02:38
5859,262,2020-10-27 17:50:22
5860,910,2020-01-06 11:22:34
5861,398,2020-11-19 23:47:51
5862,941,2023-08-07 14:16:17
5863,665,2024-05-26 21:23:15
5864,976,2021-04-24 12:03:41
5865,765,2025-04-20 00:03:18
5866,828,2026-08-04 07:57:53
5867,423,2020-02-21 22:19:20
5868,309,2023-06-30 03:34:17
5869,668,2022-10-15 19:59:50
5870,217,2026-02-14 04:11:05
5871,588,2026-01-19 00:43:13
5872,739,2024-04-16 12:49:10
5873,893,2020-06-12 07:32:23
5874,119,2026-02-06 17:25:43
5875,682,2023-02-15 20:44:47
5876,249,2024-12-26 17:34:00
5877,870,2024-05-23 10:10:38
5878,325,2023-10-16 02:57:24
5879,645,2024-11-26 22:38:13
5880,726,2022-04-14 23:15:21
5881,622,2024-09-06 04:12:03
5882,456,2022-02-16 19:29:19
5883,775,2020-03-25 16:58:32
5884,100,2020-08-06 13:31:02
5885,435,2026-04-06 15:02:38
5886,938,2020-06-17 21:45:07
5887,729,2021-01-14 17:53:46
5888,152,2023-03-01 07:05:05
5889,303,2021-08-17 12:24:06
5890,432,2023-10-05 17:17:35
5891,115,2026-04-16 01:21:10
5892,802,2024-06-23 07:11:42
5893,296,2021-04-01 19:41:25
5894,353,2023-04-24 14:51:43
5895,851,2021-10-12 04:01:20
5896,891,2025-04-10 21:00:30
5897,523,2023-01-21 11:45:17
5898,557,2025-05-21 23:44:50
5899,992,2025-12-18 21:57:43
5900,321,2021-07-17 20:57:12
5901,342,2024-12-22 02:18:24
5902,513,2020-10-27 19:36:21
5903,158,2022-09-25 18:17:26
5904,605,2025-06-13 12:26:08
5905,729,2024-07-26 05:15:20
5906,822,2026-06-18 12:59:00
5907,653,2022-08-08 00:08:47
5908,711,2020-10-28 23:34:19
5909,738,2021-06-15 11:31:52
5910,105,2025-01-10 00:13:58
5911,727,2025-10-18 12:03:21
5912,436,2020-07-31 12:15:02
5913,177,2024-06-09 07:27:53
5914,313,2024-02-28 01:08:46
5915,107,2020-12-25 20:40:27
5916,446,2020-02-02 19:34:37
5917,296,2020-02-14 06:37:02
5918,928,2021-04-29 05:03:51
5919,398,2022-08-29 20:01:09
5920,653,2021-07-08 00:38:16
5921,115,2021-10-09 22:12:49
5922,952,2025-02-27 11:36:29
5923,772,2024-02-10 07:54:07
5924,753,2022-02-03 12:02:03
5925,383,2025-12-24 13:02:08
5926,631,2025-03-13 11:58:52
5927,682,2025-07-12 09:42:20
5928,872,2023-01-24 20:37:08
5929,871,2023-07-30 09:47:35
5930,628,2023-02-27 22:18:59
5931,429,2022-07-11 16:05:07
5932,467,2020-03-07 20:35:07
5933,665,2026-02-22 19:24:22
5934,760,2023-12-06 16:13:18
5935,541,2023-03-05 10:25:25
5936,961,2021-11-18 19:50:43
5937,558,2021-09-03 03:31:39
5938,389,2020-08-02 10:44:26
5939,669,2020-02-19 07:51:26
5940,102,2024-09-16 04:19:34
5941,747,2020-05-04 14:00:18
5942,169,2021-09-23 13:57:58
5943,766,2020-03-06 04:12:22
5944,802,2020-09-14 11:32:23
5945,286,2020-10-17 11:12:43
5946,993,2020-10-04 14:14:43
5947,830,2021-01-04 13:31:51
5948,941,2023-07-18 13:03:22
5949,394,2024-12-07 18:03:23
5950,404,2022-01-04 08:19:04
5951,988,2022-10-01 18:20:19
5952,157,2026-05-12 08:03:45
5953,581,2022-12-18 23:47:23
5954,219,2021-02-01 21:51:20
5955,505,2025-03-30 18:03:20
5956,333,2025-02-28 03:36:59
5957,216,2020-11-23 20:59:33
5958,282,2026-06-15 17:25:27
5959,257,2023-05-15 22:25:37
5960,219,2024-10-25 10:24:56
5961,290,2026-03-18 07:12:56
5962,218,2025-07-20 08:40:42
5963,309,2025-02-27 12:35:00
5964,826,2025-04-03 01:49:11
5965,214,2022-09-21 23:44:30
5966,995,2025-04-25 23:05:34
5967,629,2022-09-27 00:51:41
5968,394,2026-04-27 05:10:01
5969,976,2024-01-14 13:31:15
5970,445,2022-02-15 04:44:45
5971,176,2025-05-16 06:50:43
5972,608,2022-05-11 18:55:25
5973,691,2022-11-27 01:11:55
5974,412,2021-06-30 10:15:48
5975,218,2024-06-05 14:24:39
5976,258,2022-02-04 08:10:28
5977,875,2022-08-27 19:59:45
5978,282,2022-07-05 23:34:55
5979,115,2021-07-30 01:08:15
5980,334,2022-01-16 00:36:06
5981,236,2020-01-01 02:27:39
5982,310,2022-07-22 05:33:17
5983,564,2021-07-20 06:19:31
5984,338,2020-10-16 19:37:33
5985,211,2020-02-07 21:30:21
5986,905,2023-08-08 02:21:53
5987,965,2023-11-02 04:57:24
5988,992,2024-12-17 10:27:36
5989,128,2020-10-11 06:35:14
5990,290,2020-04-30 00:45:53
5991,152,2023-03-10 07:13:43
5992,100,2022-01-24 13:40:46
5993,594,2021-09-08 04:31:28
5994,305,2025-03-27 06:13:04
5995,247,2025-09-04 22:02:25
5996,646,2023-05-08 23:30:01
5997,873,2024-12-19 00:13:35
5998,581,2020-08-02 07:24:51
5999,583,2023-10-04 19:20:10
6000,383,2025-08-24 09:08:40
6001,861,2020-12-13 23:52:02
6002,800,2025-04-21 22:19:46
6003,805,2021-06-25 15:17:01
6004,395,2024-11-14 15:50:48
6005,349,2025-09-04 05:27:29
6006,803,2021-07-18 11:36:59
6007,493,2024-10-26 05:00:53
6008,360,2022-09-30 22:25:12
6009,534,2025-09-13 21:22:40
6010,995,2024-07-10 08:26:46
6011,784,2023-03-04 18:28:17
6012,573,2025-06-12 20:37:13
6013,795,2025-11-11 06:37:44
6014,655,2026-05-26 21:31:47
6015,753,2026-01-27 22:17:53
6016,729,2020-11-12 08:38:58
6017,110,2025-09-03 13:02:37
6018,845,2023-07-14 10:00:55
6019,645,2022-04-30 04:52:26
6020,365,2024-11-22 09:13:08
6021,618,2022-06-30 18:16:57
6022,849,2021-02-19 04:06:10
6023,665,2026-02-22 18:45:59
6024,269,2025-12-25 20:04:42
6025,726,2021-03-03 10:39:18
6026,412,2023-10-22 07:16:01
6027,993,2020-10-26 05:43:28
6028,126,2021-10-31 04:58:12
6029,297,2026-08-20 16:45:58
6030,907,2025-07-31 09:11:52
6031,539,2021-10-23 10:25:45
6032,192,2025-08-26 22:31:04
6033,995,2025-10-03 16:33:09
6034,925,2021-06-11 06:28:33
6035,240,2026-02-14 20:30:03
6036,429,2026-02-17 09:04:24
6037,354,2020-07-21 12:44:04
6038,911,2022-03-29 22:46:16
6039,753,2024-02-24 12:19:29
6040,251,2026-06-13 19:34:55
6041,718,2023-01-15 12:01:48
6042,323,2023-08-22 16:27:43
6043,739,2023-01-08 18:49:50
6044,727,2022-02-28 21:34:15
6045,754,2020-01-16 19:54:58
6046,739,2021-09-23 06:25:51
6047,296,2020-07-26 17:03:36
6048,269,2021-07-30 13:05:24
6049,646,2021-06-26 00:06:26
6050,218,2023-12-30 10:46:28
6051,708,2025-09-05 13:17:21
6052,746,2025-11-11 12:20:20
6053,838,2024-01-08 15:22:06
6054,376,2021-12-06 08:30:27
6055,349,2020-01-24 00:03:24
6056,859,2025-01-02 10:33:50
6057,550,2024-08-26 16:54:08
6058,371,2020-08-23 11:04:26
6059,849,2023-12-16 08:20:06
6060,495,2021-12-18 08:55:19
6061,190,2020-10-08 16:37:39
6062,139,2023-04-27 00:09:51
6063,297,2022-04-06 06:33:26
6064,391,2025-12-28 13:01:32
6065,469,2022-08-13 10:52:30
6066,921,2020-06-20 23:04:28
6067,249,2022-10-01 13:12:02
6068,988,2023-05-06 08:09:58
6069,478,2025-09-30 20:26:03
6070,687,2020-07-04 22:21:46
6071,710,2026-01-23 19:47:34
6072,382,2020-05-04 19:49:55
6073,596,2020-10-10 06:17:42
6074,575,2020-02-19 18:49:27
6075,282,2020-09-28 19:30:38
6076,870,2026-06-16 15:08:53
6077,225,2023-10-10 04:35:17
6078,511,2022-05-09 11:24:39
6079,383,2025-11-27 00:19:20
6080,119,2020-06-22 14:13:22
6081,455,2024-03-26 22:31:19
6082,910,2020-02-28 18:20:31
6083,800,2022-07-01 18:16:43
6084,668,2023-10-11 18:53:40
6085,293,2026-02-24 01:08:42
6086,896,2020-01-05 05:45:39
6087,236,2023-01-12 04:41:55
6088,550,2020-06-30 07:05:22
6089,858,2025-12-12 19:48:08
6090,785,2025-11-02 08:39:53
6091,125,2020-03-12 14:12:54
6092,548,2021-09-21 01:14:06
6093,854,2024-12-07 21:29:30
6094,720,2025-12-21 13:29:23
6095,836,2024-02-05 03:42:19
6096,738,2025-10-04 13:47:17
6097,925,2025-11-10 23:10:12
6098,493,2025-08-13 16:48:46
6099,404,2023-08-03 20:33:55
6100,177,2025-10-07 08:06:36
6101,803,2021-10-13 07:41:49
6102,756,2021-11-20 13:01:47
6103,240,2024-01-16 23:35:24
6104,435,2023-02-20 05:29:26
6105,340,2025-05-22 09:59:33
6106,988,2021-02-08 14:12:44
6107,493,2024-04-21 12:11:53
6108,183,2022-05-25 21:41:58
6109,420,2020-12-20 11:05:51
6110,107,2021-01-04 14:34:32
6111,211,2023-04-22 04:56:24
6112,152,2024-01-21 10:36:19
6113,247,2026-02-25 18:53:01
6114,456,2024-09-17 04:15:08
6115,329,2021-08-14 07:41:30
6116,579,2025-01-18 19:32:37
6117,286,2021-09-12 05:14:30
6118,323,2026-06-05 01:02:45
6119,262,2024-10-20 10:52:17
6120,729,2026-01-29 20:40:28
6121,925,2026-03-11 08:51:29
6122,617,2026-07-07 10:45:16
6123,784,2024-12-28 13:31:20
6124,633,2022-04-09 18:33:04
6125,905,2026-02-08 17:39:43
6126,360,2025-01-27 23:13:29
6127,982,2020-09-28 11:37:04
6128,939,2025-07-16 19:03:35
6129,314,2023-05-24 11:32:38
6130,268,2024-05-18 05:25:52
6131,909,2022-05-10 16:16:35
6132,822,2024-12-20 13:13:33
6133,225,2021-09-29 00:43:30
6134,506,2020-11-20 04:15:37
6135,506,2021-03-21 05:07:59
6136,386,2020-04-24 20:54:21
6137,913,2020-12-27 17:56:51
6138,794,2021-02-12 04:59:36
6139,517,2026-01-20 16:41:24
6140,995,2021-02-06 16:49:08
6141,387,2020-04-18 20:52:31
6142,796,2024-07-03 12:45:48
6143,860,2020-05-30 03:03:29
6144,996,2021-06-24 07:30:49
6145,512,2026-08-11 17:09:24
6146,320,2022-08-04 07:17:57
6147,110,2025-09-25 21:59:54
6148,126,2023-05-29 19:57:29
6149,795,2020-07-08 07:45:20
6150,871,2024-09-19 15:20:29
6151,261,2024-08-21 16:50:46
6152,824,2022-07-11 06:21:22
6153,128,2025-01-01 00:51:31
6154,157,2022-08-25 23:06:49
6155,346,2022-06-12 03:20:21
6156,160,2020-06-23 21:54:49
6157,978,2024-12-07 21:57:02
6158,730,2021-06-04 20:05:33
6159,523,2022-06-30 16:17:45
6160,799,2023-02-21 08:02:19
6161,379,2025-09-16 17:13:06
6162,754,2020-11-08 09:04:19
6163,378,2025-06-02 01:41:58
6164,822,2021-02-23 04:59:14
6165,517,2023-08-14 01:12:25
6166,373,2024-12-23 03:20:40
6167,838,2024-05-30 17:38:04
6168,138,2020-06-02 18:40:28
6169,605,2025-01-18 19:28:34
6170,805,2021-08-05 07:40:19
6171,588,2022-12-29 11:27:32
6172,371,2022-12-14 13:30:36
6173,550,2023-04-16 00:58:48
6174,776,2024-09-29 23:54:27
6175,722,2023-05-06 00:04:27
6176,445,2021-07-05 19:20:30
6177,445,2025-08-04 16:42:13
6178,921,2021-05-02 11:37:31
6179,349,2025-01-29 22:58:10
6180,435,2021-08-26 21:28:14
6181,795,2025-09-16 12:35:49
6182,138,2022-05-03 22:02:08
6183,888,2020-12-29 10:35:23
6184,795,2023-05-31 20:10:52
6185,223,2022-07-17 05:19:05
6186,581,2024-03-07 02:35:22
6187,819,2022-11-07 17:15:37
6188,896,2024-05-12 00:29:58
6189,834,2023-05-13 09:50:24
6190,995,2025-04-12 22:16:24
6191,435,2021-05-16 11:47:40
6192,862,2024-01-01 17:18:41
6193,505,2025-06-17 08:47:59
6194,860,2021-04-15 13:04:28
6195,493,2023-10-11 00:10:57
6196,683,2020-11-11 16:42:06
6197,766,2026-05-01 17:04:41
6198,190,2023-03-20 03:14:50
6199,268,2023-05-13 08:42:30
6200,159,2020-08-27 22:37:16
6201,297,2026-04-22 06:44:31
6202,449,2025-01-16 09:01:47
6203,844,2026-08-19 23:55:08
6204,373,2024-07-17 09:42:40
6205,107,2022-04-04 00:51:09
6206,250,2023-11-25 23:01:36
6207,830,2026-07-24 12:45:52
6208,728,2021-04-22 17:57:12
6209,247,2024-03-24 14:29:07
6210,435,2024-03-26 13:26:27
6211,970,2020-11-15 00:08:20
6212,251,2024-06-02 07:17:11
6213,449,2020-05-11 04:50:54
6214,340,2021-06-08 04:43:44
6215,756,2023-01-05 19:37:34
6216,360,2020-10-23 06:46:28
6217,754,2024-09-30 17:14:57
6218,803,2025-06-22 11:39:47
6219,738,2021-01-19 15:55:28
6220,609,2020-10-22 10:09:40
6221,907,2023-02-04 12:07:17
6222,564,2020-04-20 19:10:13
6223,494,2023-12-06 02:29:19
6224,860,2024-06-07 11:27:56
6225,543,2021-07-27 12:52:03
6226,511,2026-03-01 12:15:31
6227,838,2021-06-09 12:13:04
6228,954,2026-07-22 11:47:57
6229,240,2024-04-11 19:40:21
6230,472,2026-07-14 05:40:11
6231,870,2024-12-01 12:54:56
6232,775,2021-01-14 09:38:02
6233,286,2022-06-05 17:20:00
6234,952,2022-01-02 23:51:21
6235,336,2020-09-17 23:46:13
6236,998,2023-01-15 09:59:43
6237,716,2026-02-28 12:30:09
6238,249,2025-12-24 17:14:36
6239,458,2023-05-16 15:48:15
6240,934,2022-08-14 02:16:59
6241,174,2023-02-04 12:46:47
6242,772,2020-12-08 11:43:30
6243,371,2026-07-04 06:09:22
6244,350,2021-04-13 08:44:50
6245,739,2025-02-18 16:33:29
6246,739,2023-07-21 06:04:08
6247,951,2020-02-03 09:00:37
6248,939,2023-03-15 07:28:31
6249,580,2024-11-18 13:06:32
6250,100,2020-07-31 22:33:51
6251,826,2025-08-18 01:03:06
6252,333,2026-01-04 15:15:05
6253,548,2022-04-24 18:05:20
6254,350,2020-09-22 08:14:27
6255,235,2025-12-30 13:10:40
6256,795,2020-03-01 15:51:35
6257,618,2026-02-25 14:06:02
6258,609,2024-07-18 20:33:20
6259,747,2023-05-18 04:21:48
6260,548,2020-08-04 13:41:35
6261,580,2020-01-10 04:55:27
6262,799,2026-06-26 21:12:15
6263,873,2020-10-22 11:16:11
6264,110,2022-03-14 00:25:02
6265,805,2022-01-26 06:03:11
6266,807,2025-08-19 13:55:21
6267,517,2023-10-04 22:01:43
6268,610,2021-07-19 05:18:47
6269,941,2021-01-27 09:50:09
6270,286,2024-07-11 13:30:02
6271,102,2023-07-14 02:16:20
6272,845,2026-08-08 18:09:01
6273,941,2024-07-03 13:57:15
6274,724,2025-10-28 04:08:08
6275,816,2021-07-13 08:02:02
6276,987,2022-08-08 18:08:11
6277,716,2021-12-22 01:23:24
6278,712,2020-04-22 03:42:47
6279,609,2020-07-08 02:07:48
6280,834,2022-11-14 17:19:13
6281,382,2026-06-16 03:12:14
6282,624,2021-12-14 11:11:33
6283,452,2021-04-23 06:10:15
6284,497,2022-11-07 10:53:55
6285,735,2023-03-06 10:08:13
6286,907,2022-01-30 16:25:19
6287,321,2023-05-05 19:28:27
6288,820,2020-01-21 05:16:37
6289,822,2024-10-27 13:12:17
6290,325,2020-08-11 23:51:37
6291,256,2023-12-31 07:27:48
6292,548,2025-04-23 20:57:55
6293,799,2022-09-20 08:42:36
6294,909,2024-01-16 05:39:30
6295,998,2022-08-08 11:25:53
6296,365,2021-01-12 10:44:11
6297,711,2024-07-13 11:52:21
6298,854,2020-09-28 08:31:48
6299,572,2024-05-16 05:23:50
6300,748,2025-09-23 01:39:58
6301,956,2024-09-01 09:06:17
6302,875,2024-02-22 07:15:25
6303,297,2026-07-10 22:23:10
6304,861,2024-12-13 08:59:48
6305,152,2024-11-13 23:20:42
6306,219,2023-10-16 06:35:37
6307,325,2024-07-28 04:48:40
6308,269,2026-06-19 17:56:21
6309,251,2022-10-20 04:18:12
6310,605,2024-05-09 15:59:37
6311,870,2023-05-04 03:21:30
6312,471,2021-10-03 20:29:55
6313,248,2024-09-09 06:47:40
6314,276,2022-07-08 10:17:13
6315,241,2023-03-19 13:35:21
6316,344,2024-10-23 07:42:36
6317,286,2024-08-18 03:25:46
6318,659,2021-08-25 09:36:30
6319,183,2022-08-26 19:38:48
6320,539,2026-02-15 21:04:26
6321,432,2023-12-22 07:43:32
6322,505,2021-02-19 12:57:50
6323,982,2022-03-16 22:29:05
6324,153,2022-09-29 00:31:51
6325,834,2025-04-25 04:24:03
6326,139,2021-11-11 00:06:17
6327,373,2024-10-01 15:35:57
6328,217,2020-03-19 17:57:08
6329,159,2023-01-31 18:13:07
6330,618,2021-05-16 09:25:50
6331,527,2023-05-04 14:25:11
6332,218,2023-02-12 04:47:37
6333,998,2021-11-04 12:53:44
6334,557,2023-11-11 12:13:58
6335,387,2022-02-22 19:06:29
6336,712,2026-07-24 18:40:57
6337,366,2020-02-16 06:25:52
6338,862,2022-12-10 16:54:42
6339,342,2021-03-25 05:41:26
6340,822,2024-04-18 22:18:36
6341,329,2020-12-28 19:26:28
6342,851,2020-04-14 13:43:56
6343,909,2022-07-07 06:21:14
6344,435,2021-03-30 01:06:24
6345,756,2021-11-26 11:50:49
6346,690,2020-04-22 03:25:49
6347,665,2022-10-08 18:38:17
6348,911,2026-07-24 01:48:48
6349,471,2022-03-08 07:14:17
6350,754,2023-01-18 06:30:58
6351,716,2024-09-13 15:42:51
6352,724,2023-01-25 17:50:06
6353,645,2020-07-05 18:34:51
6354,128,2022-12-22 02:46:03
6355,722,2020-10-18 13:31:38
6356,163,2020-06-03 02:16:58
6357,542,2021-01-08 03:25:00
6358,952,2023-03-04 18:41:45
6359,183,2020-12-06 00:03:54
6360,548,2021-10-23 01:09:33
6361,412,2024-09-04 13:59:07
6362,378,2026-02-07 01:47:04
6363,605,2020-06-11 07:18:09
6364,485,2022-04-01 08:32:57
6365,138,2023-09-10 09:35:16
6366,378,2021-09-30 01:13:20
6367,219,2020-11-01 13:03:44
6368,523,2026-05-05 21:06:31
6369,689,2026-08-20 03:13:58
6370,542,2024-04-14 01:05:20
6371,895,2025-05-22 03:54:44
6372,892,2020-12-19 15:07:13
6373,605,2021-07-07 22:06:37
6374,560,2023-06-21 00:08:19
6375,217,2025-03-15 21:55:00
6376,718,2025-11-03 17:51:41
6377,183,2023-03-31 02:07:08
6378,833,2025-12-25 14:54:40
6379,366,2023-07-22 04:58:31
6380,191,2020-11-03 19:13:27
6381,320,2025-09-20 11:31:24
6382,564,2024-10-21 06:38:04
6383,575,2026-03-19 02:02:58
6384,282,2025-08-07 09:39:07
6385,377,2024-04-01 03:50:36
6386,720,2021-11-24 07:41:09
6387,579,2023-11-27 09:56:03
6388,539,2022-08-30 02:58:21
6389,445,2023-09-19 01:26:38
6390,242,2024-11-09 21:11:24
6391,738,2024-07-23 17:16:52
6392,135,2023-10-12 05:20:11
6393,713,2025-07-28 23:19:57
6394,539,2020-01-09 04:40:23
6395,645,2025-06-15 23:51:04
6396,191,2025-03-25 18:34:38
6397,225,2023-02-04 16:33:58
6398,925,2024-01-10 13:24:38
6399,645,2025-09-06 18:38:14
6400,992,2020-05-05 11:06:37
6401,729,2023-10-27 13:28:22
6402,222,2024-07-04 06:23:23
6403,594,2025-08-29 09:56:09
6404,816,2022-01-24 14:40:46
6405,890,2025-02-09 04:24:25
6406,608,2024-01-21 12:23:01
6407,178,2024-04-16 00:30:01
6408,242,2020-06-24 02:18:54
6409,967,2023-01-29 03:53:14
6410,993,2024-03-28 16:41:26
6411,258,2022-01-07 08:02:50
6412,514,2025-09-27 14:49:51
6413,102,2020-01-22 00:40:52
6414,735,2024-08-02 17:38:03
6415,851,2023-01-18 03:31:08
6416,373,2021-07-30 00:30:26
6417,938,2022-02-26 16:46:07
6418,485,2023-12-09 21:10:08
6419,794,2021-08-08 17:09:11
6420,325,2026-03-27 04:18:00
6421,373,2023-02-11 15:20:55
6422,100,2025-11-24 06:22:38
6423,183,2023-05-02 01:00:17
6424,350,2020-06-08 23:48:35
6425,965,2025-01-26 19:51:07
6426,223,2024-03-07 03:45:07
6427,371,2022-10-05 11:42:01
6428,991,2023-07-11 06:20:49
6429,811,2024-12-19 04:10:49
6430,240,2025-12-13 18:08:59
6431,991,2020-02-01 13:18:07
6432,800,2024-01-12 15:35:02
6433,729,2025-03-17 16:15:01
6434,844,2026-01-22 00:54:04
6435,286,2023-05-14 03:39:18
6436,925,2023-09-11 07:19:04
6437,167,2023-09-25 04:50:48
6438,261,2021-01-26 20:16:18
6439,556,2026-03-26 13:51:29
6440,861,2021-06-11 17:02:11
6441,668,2025-09-19 21:35:59
6442,836,2022-07-03 00:24:14
6443,713,2023-11-11 15:58:35
6444,624,2020-04-12 21:14:29
6445,467,2026-07-24 03:42:09
6446,432,2022-06-27 21:39:46
6447,217,2024-12-26 08:59:58
6448,281,2022-09-08 23:25:38
6449,753,2020-02-26 10:52:21
6450,783,2023-08-16 11:58:31
6451,223,2024-03-04 18:36:19
6452,325,2020-03-26 17:48:17
6453,728,2026-06-16 23:00:53
6454,569,2024-10-26 18:40:03
6455,128,2023-05-05 11:57:09
6456,517,2026-02-03 13:00:24
6457,738,2020-07-17 12:21:26
6458,329,2022-09-12 07:28:48
6459,225,2024-02-29 14:57:02
6460,505,2024-06-22 10:09:28
6461,247,2021-01-16 07:26:42
6462,309,2020-10-10 09:37:57
6463,783,2020-08-27 04:22:14
6464,167,2020-03-24 16:17:12
6465,445,2024-06-20 19:39:10
6466,800,2024-06-17 09:17:19
6467,329,2025-08-05 05:20:51
6468,605,2020-02-07 17:18:43
6469,375,2022-09-11 23:09:57
6470,236,2021-12-14 06:19:32
6471,993,2020-05-10 08:05:29
6472,983,2021-05-31 09:07:46
6473,713,2023-11-01 07:55:25
6474,435,2021-03-18 10:34:21
6475,573,2025-02-21 09:54:37
6476,436,2020-04-27 12:11:53
6477,746,2026-04-25 12:00:10
6478,596,2021-11-04 11:28:03
6479,575,2022-05-22 07:42:09
6480,313,2023-10-16 21:38:18
6481,730,2022-01-12 07:54:05
6482,939,2026-01-11 04:33:24
6483,891,2020-07-07 08:01:58
6484,788,2021-07-26 19:27:25
6485,375,2021-01-06 14:10:06
6486,870,2023-04-25 05:38:08
6487,788,2021-06-20 00:19:05
6488,765,2025-03-15 17:59:49
6489,435,2021-05-03 11:43:15
6490,183,2021-12-22 12:24:38
6491,988,2025-04-28 00:25:14
6492,341,2023-12-24 01:13:07
6493,340,2022-08-02 18:10:32
6494,985,2023-05-22 17:49:52
6495,730,2020-02-01 05:09:02
6496,569,2021-01-25 21:37:03
6497,758,2026-06-19 07:41:15
6498,478,2024-03-10 19:14:31
6499,176,2025-06-18 02:38:03
6500,493,2020-08-26 20:01:11
6501,846,2026-07-10 20:21:27
6502,954,2024-03-23 04:11:53
6503,160,2024-03-22 22:45:43
6504,638,2025-07-09 02:32:47
6505,379,2023-12-20 19:19:00
6506,119,2025-01-15 18:39:51
6507,100,2021-08-07 07:00:18
6508,820,2023-11-10 23:51:13
6509,535,2022-08-17 02:24:41
6510,729,2025-04-03 14:58:50
6511,605,2020-11-05 09:21:24
6512,691,2024-12-11 23:18:53
6513,494,2024-12-23 00:50:47
6514,579,2023-04-26 11:12:43
6515,609,2021-03-03 02:42:28
6516,952,2025-08-05 13:26:45
6517,801,2023-10-24 01:22:11
6518,338,2025-04-12 20:57:48
6519,569,2020-10-01 04:01:50
6520,753,2021-10-17 17:05:52
6521,514,2023-08-08 15:35:03
6522,765,2020-10-30 23:39:03
6523,100,2021-06-24 07:04:43
6524,422,2024-05-19 15:40:35
6525,420,2024-12-14 00:24:40
6526,991,2025-05-11 20:27:13
6527,957,2022-10-04 04:09:12
6528,708,2025-06-14 03:34:22
6529,153,2021-09-28 02:55:08
6530,452,2025-10-17 23:18:41
6531,822,2024-02-14 13:14:58
6532,473,2020-12-09 02:18:54
6533,870,2023-06-30 06:01:02
6534,153,2022-09-29 14:53:21
6535,321,2022-10-03 18:48:34
6536,888,2021-08-31 07:44:44
6537,707,2022-04-28 04:16:27
6538,135,2025-08-19 12:24:39
6539,834,2021-06-03 15:48:34
6540,840,2022-11-22 03:31:42
6541,320,2022-04-06 21:31:26
6542,336,2026-05-24 02:56:21
6543,297,2022-05-11 16:08:02
6544,941,2021-02-06 08:42:55
6545,416,2024-05-07 11:10:44
6546,801,2024-05-28 09:11:27
6547,739,2022-06-21 11:04:51
6548,189,2025-06-21 05:17:20
6549,952,2023-11-15 07:51:58
6550,663,2025-06-25 11:43:25
6551,633,2024-04-29 19:30:26
6552,190,2025-12-06 14:32:18
6553,739,2024-10-10 05:10:17
6554,262,2026-06-24 09:45:23
6555,998,2021-05-07 00:19:26
6556,819,2021-07-19 10:00:26
6557,575,2021-06-14 18:26:20
6558,711,2025-12-26 10:54:07
6559,189,2020-08-10 13:49:08
6560,838,2025-01-06 13:45:31
6561,912,2022-08-05 23:20:44
6562,225,2024-12-10 18:49:13
6563,872,2023-01-08 04:04:08
6564,753,2021-03-27 09:27:55
6565,352,2024-02-29 00:11:09
6566,895,2022-03-13 09:57:31
6567,192,2026-03-03 22:59:54
6568,514,2020-01-26 09:58:22
6569,754,2025-07-11 23:36:29
6570,859,2021-07-14 11:07:55
6571,517,2023-04-08 22:41:03
6572,431,2020-04-09 06:14:41
6573,836,2025-12-09 04:05:18
6574,424,2026-03-25 21:53:09
6575,365,2022-09-22 06:28:41
6576,911,2021-10-01 22:03:59
6577,954,2023-01-09 10:04:45
6578,860,2024-06-04 15:25:49
6579,158,2024-12-28 00:25:12
6580,765,2022-06-18 21:08:54
6581,631,2025-10-31 13:12:00
6582,696,2020-10-02 04:56:50
6583,991,2021-09-12 00:52:53
6584,185,2025-10-22 09:32:58
6585,965,2021-06-02 12:52:16
6586,321,2026-02-02 06:13:48
6587,478,2024-09-28 14:43:36
6588,849,2020-04-03 16:10:44
6589,515,2024-07-18 15:46:47
6590,282,2020-12-17 22:13:24
6591,313,2023-10-06 20:43:16
6592,186,2023-03-17 13:56:58
6593,729,2021-06-29 00:35:23
6594,626,2024-09-13 08:36:45
6595,975,2020-07-31 03:55:12
6596,804,2022-12-07 19:23:48
6597,726,2021-01-18 18:59:13
6598,826,2020-07-23 20:56:55
6599,458,2020-11-13 03:57:21
6600,371,2024-05-22 03:30:22
6601,279,2025-12-13 22:44:57
6602,846,2020-09-02 17:56:03
6603,163,2025-11-15 23:32:36
6604,800,2020-05-26 09:16:40
6605,738,2020-09-07 09:03:17
6606,107,2020-09-18 11:25:24
6607,309,2025-09-15 10:04:43
6608,219,2023-09-14 06:33:40
6609,287,2021-02-26 08:32:41
6610,445,2025-05-09 09:29:20
6611,664,2025-09-02 01:12:02
6612,383,2020-02-19 03:59:25
6613,957,2023-07-25 12:18:28
6614,511,2025-06-17 14:35:16
6615,391,2021-01-08 19:02:09
6616,378,2025-03-09 21:06:25
6617,572,2025-11-29 22:35:41
6618,225,2022-04-16 15:44:06
6619,126,2021-01-17 03:23:33
6620,436,2024-05-13 13:51:33
6621,747,2021-04-07 02:36:36
6622,556,2024-04-27 14:22:37
6623,216,2025-11-05 06:42:12
6624,282,2024-08-22 02:30:55
6625,340,2023-08-07 00:21:34
6626,834,2024-03-15 06:16:22
6627,240,2026-01-17 02:37:22
6628,747,2023-09-02 14:45:09
6629,794,2024-02-22 07:23:15
6630,748,2026-06-27 20:37:49
6631,293,2025-09-16 05:18:10
6632,727,2024-06-27 21:09:06
6633,305,2025-05-28 10:35:02
6634,738,2023-09-14 17:52:17
6635,436,2024-10-08 13:35:31
6636,176,2022-05-02 00:52:55
6637,469,2022-04-09 00:09:50
6638,982,2023-10-28 06:10:57
6639,991,2025-03-07 05:30:48
6640,711,2024-10-27 18:35:51
6641,517,2022-06-28 08:20:04
6642,282,2024-02-28 23:45:03
6643,683,2023-08-03 04:55:33
6644,558,2023-05-13 13:06:15
6645,993,2026-02-07 14:52:12
6646,241,2020-02-01 17:58:36
6647,873,2025-04-16 04:56:46
6648,924,2020-02-02 20:29:48
6649,788,2022-07-05 17:55:45
6650,150,2021-11-14 15:50:30
6651,556,2025-02-10 23:48:07
6652,296,2025-08-15 09:08:20
6653,844,2025-05-23 20:32:58
6654,755,2022-03-23 00:49:38
6655,214,2020-02-05 14:58:05
6656,804,2020-10-26 01:52:09
6657,435,2023-02-15 04:12:18
6658,395,2023-04-03 15:13:56
6659,323,2020-07-31 11:47:42
6660,936,2025-01-05 15:06:48
6661,966,2024-10-15 03:43:37
6662,541,2025-04-28 03:24:23
6663,983,2024-11-14 11:49:25
6664,378,2025-02-07 13:18:02
6665,186,2024-03-26 16:54:15
6666,100,2023-03-23 08:01:01
6667,609,2024-02-10 04:10:59
6668,152,2023-02-27 04:43:24
6669,560,2024-02-02 06:49:29
6670,383,2022-03-31 22:11:08
6671,689,2020-12-27 18:04:48
6672,178,2022-09-25 19:45:00
6673,431,2020-03-28 11:44:18
6674,523,2022-09-23 13:03:48
6675,422,2023-10-02 15:50:40
6676,996,2021-04-13 02:58:21
6677,732,2021-01-28 01:04:25
6678,846,2021-09-12 13:00:01
6679,435,2020-05-13 04:25:22
6680,309,2026-05-31 22:13:42
6681,190,2025-04-03 10:38:29
6682,824,2026-03-28 06:14:20
6683,861,2025-09-10 16:45:13
6684,730,2025-07-08 02:38:11
6685,756,2023-03-07 18:25:30
6686,101,2021-01-08 08:24:15
6687,214,2025-08-31 13:40:24
6688,816,2023-03-07 21:53:15
6689,449,2021-09-30 00:56:13
6690,562,2025-07-19 22:08:52
6691,377,2024-07-27 13:23:09
6692,594,2025-10-24 04:19:25
6693,659,2023-09-26 08:54:56
6694,928,2021-11-12 23:31:42
6695,844,2023-04-03 00:02:51
6696,583,2021-08-01 00:34:25
6697,716,2020-07-22 02:19:42
6698,251,2024-03-24 00:20:05
6699,739,2020-04-08 17:49:21
6700,638,2022-05-03 04:31:56
6701,422,2024-06-29 20:12:46
6702,992,2022-03-22 07:20:57
6703,803,2022-06-08 12:38:45
6704,268,2022-04-02 00:05:58
6705,992,2020-08-20 23:02:37
6706,965,2025-11-25 19:37:15
6707,324,2026-03-15 14:33:07
6708,119,2020-01-15 09:54:52
6709,280,2020-07-02 05:33:41
6710,682,2022-08-02 10:44:17
6711,324,2023-10-04 17:56:38
6712,713,2022-01-06 19:43:03
6713,335,2022-07-31 01:59:16
6714,110,2022-06-22 20:28:26
6715,250,2020-12-28 07:49:26
6716,152,2021-11-28 17:58:41
6717,286,2025-09-27 02:08:08
6718,395,2024-10-23 16:04:22
6719,816,2026-06-01 09:49:29
6720,309,2022-11-16 14:54:00
6721,729,2023-11-24 22:14:04
6722,788,2020-12-27 01:22:43
6723,276,2022-05-18 21:49:47
6724,494,2020-02-04 19:27:31
6725,946,2022-04-10 19:28:39
6726,170,2023-04-03 04:06:35
6727,153,2021-05-26 23:19:08
6728,842,2024-09-25 19:14:30
6729,765,2023-12-29 20:01:48
6730,119,2021-03-01 12:51:31
6731,214,2025-05-15 22:55:06
6732,910,2025-07-21 15:25:55
6733,572,2021-05-28 21:33:34
6734,550,2022-06-06 13:59:15
6735,896,2026-02-09 16:57:42
6736,842,2024-01-04 00:05:46
6737,287,2024-06-12 20:10:29
6738,873,2024-07-02 05:37:10
6739,375,2024-10-07 13:27:28
6740,982,2025-10-09 00:36:44
6741,990,2022-03-08 14:41:25
6742,668,2024-06-06 10:10:11
6743,909,2026-01-11 19:00:29
6744,371,2026-07-06 18:15:51
6745,978,2026-05-05 17:06:08
6746,218,2023-10-30 19:30:30
6747,749,2021-09-15 13:20:38
6748,689,2025-07-24 12:18:01
6749,909,2022-02-08 17:23:47
6750,280,2020-04-10 10:01:59
6751,707,2023-04-06 03:49:28
6752,756,2024-05-06 10:30:35
6753,541,2022-02-10 18:04:52
6754,712,2026-08-14 11:55:25
6755,554,2021-01-15 17:34:28
6756,471,2021-04-12 09:33:27
6757,360,2020-08-17 20:23:49
6758,871,2020-01-18 22:38:11
6759,775,2023-01-09 19:45:40
6760,249,2025-11-11 14:35:53
6761,539,2025-07-05 11:40:29
6762,185,2022-08-12 20:01:49
6763,143,2026-08-12 06:01:07
6764,102,2021-09-06 10:40:00
6765,878,2025-09-08 12:53:40
6766,391,2025-07-13 08:10:36
6767,126,2020-04-04 12:42:41
6768,435,2023-11-12 04:11:10
6769,223,2022-02-13 13:38:13
6770,799,2021-05-02 20:35:01
6771,711,2021-11-19 01:00:50
6772,970,2025-08-03 20:12:01
6773,241,2021-07-11 08:50:11
6774,217,2024-04-25 20:45:27
6775,712,2022-11-29 22:51:36
6776,424,2024-01-28 07:30:50
6777,216,2023-03-26 00:44:51
6778,610,2025-07-19 22:05:51
6779,624,2023-02-08 09:25:42
6780,628,2024-02-14 13:43:49
6781,925,2025-07-24 08:03:46
6782,669,2026-02-01 15:50:13
6783,581,2023-05-29 08:23:14
6784,716,2023-09-14 23:04:17
6785,669,2024-10-23 17:34:42
6786,152,2024-09-11 11:59:55
6787,982,2022-03-24 21:47:55
6788,965,2025-09-06 06:50:18
6789,412,2022-07-25 21:59:22
6790,287,2026-02-18 13:40:10
6791,419,2024-09-01 15:13:27
6792,860,2023-05-12 16:20:15
6793,495,2020-04-30 21:51:29
6794,875,2024-02-03 16:30:00
6795,873,2025-09-11 19:18:15
6796,282,2024-07-31 19:35:13
6797,377,2022-10-28 09:15:55
6798,952,2024-10-29 19:44:21
6799,726,2026-01-02 01:22:01
6800,268,2023-06-05 10:51:03
6801,174,2020-05-10 19:11:34
6802,965,2024-06-30 14:10:46
6803,152,2020-02-03 01:29:12
6804,638,2021-12-06 19:48:12
6805,954,2020-07-06 22:29:28
6806,223,2025-06-30 04:54:37
6807,573,2023-01-09 20:50:59
6808,135,2020-01-20 07:35:59
6809,153,2020-09-16 13:08:21
6810,309,2023-12-09 03:22:02
6811,182,2021-06-27 22:44:40
6812,993,2023-05-13 10:01:42
6813,375,2026-04-22 03:19:13
6814,336,2022-07-18 02:08:58
6815,615,2022-12-20 21:43:43
6816,708,2022-08-10 07:48:31
6817,313,2023-09-16 06:05:51
6818,622,2021-02-15 03:09:15
6819,377,2023-12-15 18:01:17
6820,921,2021-11-14 12:22:11
6821,541,2025-03-02 08:09:35
6822,793,2024-04-06 05:51:42
6823,135,2021-03-30 22:03:33
6824,653,2025-07-24 07:33:12
6825,320,2023-12-04 11:18:21
6826,722,2020-11-24 08:40:48
6827,342,2020-06-16 19:52:58
6828,819,2020-11-27 18:14:20
6829,941,2020-11-17 15:42:57
6830,860,2023-05-31 11:53:22
6831,633,2022-06-19 22:29:44
6832,353,2024-09-07 04:30:11
6833,542,2021-03-16 13:29:12
6834,748,2024-12-16 08:24:06
6835,924,2021-07-29 02:42:20
6836,998,2025-05-02 11:27:46
6837,622,2021-11-14 13:16:56
6838,394,2021-12-12 13:01:32
6839,872,2025-11-23 03:32:50
6840,287,2024-12-15 12:10:00
6841,739,2020-08-30 13:36:14
6842,505,2024-11-02 07:01:50
6843,150,2022-08-20 19:38:21
6844,256,2020-10-29 13:47:31
6845,241,2020-08-30 09:21:02
6846,217,2023-09-13 23:39:52
6847,183,2026-01-20 04:58:52
6848,341,2024-09-11 14:14:43
6849,588,2021-02-13 05:48:13
6850,638,2022-07-27 16:58:35
6851,107,2020-06-06 09:32:22
6852,860,2021-01-05 21:18:41
6853,870,2020-08-22 04:23:38
6854,387,2022-09-19 12:19:23
6855,985,2021-08-15 17:11:50
6856,622,2022-08-30 03:15:16
6857,618,2025-04-14 11:49:23
6858,157,2024-03-30 14:11:38
6859,836,2020-09-18 03:45:21
6860,371,2026-08-15 00:47:18
6861,729,2022-11-25 06:57:05
6862,517,2022-04-11 20:19:15
6863,126,2024-03-05 07:58:50
6864,668,2020-06-05 21:41:54
6865,961,2026-07-25 15:30:07
6866,323,2021-03-15 10:01:26
6867,512,2026-07-22 03:43:59
6868,305,2021-06-02 12:57:50
6869,301,2023-10-23 02:58:28
6870,219,2021-10-24 16:07:53
6871,214,2021-08-01 21:39:05
6872,138,2020-08-07 23:32:31
6873,794,2021-09-29 05:06:37
6874,909,2022-10-05 12:36:57
6875,539,2023-08-12 14:13:43
6876,329,2024-11-17 15:07:49
6877,286,2024-01-10 04:36:32
6878,560,2025-01-22 15:00:28
6879,240,2023-04-11 11:54:38
6880,398,2020-11-27 11:55:12
6881,925,2022-11-07 08:20:03
6882,828,2021-12-28 00:08:49
6883,248,2024-03-25 23:51:33
6884,683,2026-04-14 15:35:39
6885,583,2022-05-22 23:19:40
6886,154,2020-08-14 05:38:20
6887,170,2024-06-25 14:48:25
6888,710,2022-08-31 20:49:03
6889,225,2020-02-04 19:49:46
6890,895,2022-04-22 08:26:43
6891,128,2025-02-24 21:22:19
6892,819,2020-10-08 17:45:46
6893,804,2022-09-10 13:34:32
6894,432,2020-07-01 02:56:15
6895,998,2026-02-28 21:08:28
6896,687,2020-10-20 01:55:48
6897,633,2021-02-14 07:15:17
6898,581,2020-09-03 03:34:19
6899,282,2021-09-01 00:06:15
6900,373,2026-02-18 05:23:50
6901,992,2021-12-12 01:49:35
6902,845,2022-03-17 21:46:04
6903,988,2024-05-03 16:07:46
6904,154,2024-08-10 07:26:53
6905,313,2022-08-31 17:36:43
6906,842,2020-12-18 20:44:30
6907,494,2024-04-07 19:00:29
6908,615,2025-09-21 18:45:19
6909,517,2025-06-14 13:30:11
6910,985,2020-06-24 00:22:08
6911,471,2022-11-18 22:45:06
6912,154,2020-07-25 15:58:00
6913,608,2021-04-12 13:15:17
6914,412,2024-02-04 00:50:41
6915,136,2025-12-23 19:20:06
6916,249,2022-06-06 14:00:33
6917,283,2020-11-27 03:56:49
6918,153,2020-11-25 19:16:51
6919,240,2023-05-29 11:16:59
6920,653,2024-09-17 19:30:09
6921,489,2024-06-07 11:21:24
6922,152,2021-04-15 19:11:29
6923,801,2025-08-03 02:15:28
6924,617,2021-04-21 22:48:43
6925,344,2025-08-11 13:48:09
6926,995,2024-10-09 07:37:22
6927,646,2021-03-12 04:47:25
6928,352,2024-04-12 14:34:14
6929,241,2020-04-13 11:23:31
6930,834,2025-02-22 03:12:34
6931,995,2025-11-19 15:47:18
6932,152,2020-07-09 05:46:08
6933,445,2023-03-28 21:24:04
6934,149,2023-05-02 12:56:24
6935,435,2025-07-17 13:13:46
6936,445,2020-01-04 09:43:07
6937,784,2025-02-15 13:49:06
6938,708,2023-05-06 05:40:42
6939,102,2024-03-14 05:18:32
6940,223,2021-04-06 19:25:34
6941,913,2024-09-22 06:56:59
6942,247,2022-12-08 15:01:53
6943,236,2024-05-09 10:24:34
6944,888,2024-05-06 18:32:57
6945,936,2020-03-30 06:24:35
6946,309,2022-08-05 00:01:17
6947,631,2022-06-19 15:43:38
6948,795,2022-07-22 12:46:14
6949,128,2020-11-18 11:36:11
6950,251,2021-08-16 22:38:07
6951,208,2021-11-17 15:59:03
6952,711,2023-09-12 19:14:17
6953,878,2020-06-27 08:03:24
6954,138,2021-08-17 18:06:05
6955,542,2025-01-24 05:08:32
6956,961,2023-02-24 15:07:33
6957,732,2020-03-24 02:34:07
6958,617,2026-07-17 12:41:03
6959,297,2025-05-21 10:43:28
6960,394,2025-11-02 20:16:53
6961,193,2025-05-08 09:37:39
6962,169,2020-08-20 10:10:59
6963,921,2021-07-06 03:31:07
6964,511,2023-02-17 17:54:26
6965,571,2023-10-07 13:22:33
6966,913,2021-01-23 17:39:34
6967,242,2021-02-21 00:27:04
6968,475,2022-05-15 20:51:43
6969,419,2023-07-07 13:55:15
6970,941,2024-07-28 06:53:06
6971,938,2025-03-03 11:53:22
6972,169,2021-12-30 23:55:48
6973,247,2021-02-27 13:38:19
6974,220,2024-08-08 06:31:58
6975,412,2025-09-08 02:05:36
6976,340,2022-05-15 16:54:44
6977,983,2026-08-13 20:37:56
6978,153,2020-08-07 12:33:10
6979,325,2020-07-12 03:48:13
6980,240,2020-02-23 15:04:27
6981,475,2023-11-26 06:50:43
6982,772,2021-12-04 03:24:14
6983,423,2022-03-07 13:58:07
6984,423,2022-09-18 02:30:39
6985,258,2025-11-28 10:17:37
6986,391,2020-07-04 09:44:38
6987,190,2020-08-18 07:30:43
6988,218,2024-01-03 23:18:23
6989,957,2023-09-25 16:14:21
6990,505,2024-09-20 07:43:38
6991,626,2026-07-28 17:48:53
6992,290,2021-09-19 15:54:17
6993,497,2022-06-11 19:40:09
6994,804,2023-08-12 10:06:28
6995,550,2023-01-20 02:53:38
6996,514,2022-01-24 10:35:56
6997,605,2020-09-30 20:47:53
6998,281,2022-11-06 15:55:26
6999,572,2022-01-05 03:52:45
7000,457,2022-02-08 12:51:02
7001,485,2026-01-29 12:14:36
7002,729,2022-12-05 11:16:06
7003,991,2022-05-01 23:49:35
7004,236,2023-07-27 07:06:20
7005,755,2022-06-10 01:38:15
7006,313,2025-04-10 19:25:33
7007,208,2023-10-15 19:02:41
7008,996,2024-10-21 22:42:19
7009,581,2026-06-30 17:29:08
7010,760,2023-02-10 23:02:35
7011,615,2021-12-21 22:06:29
7012,936,2022-02-09 10:41:48
7013,873,2021-01-15 13:25:32
7014,878,2020-09-29 06:13:39
7015,556,2022-02-25 13:28:01
7016,523,2021-07-11 03:30:42
7017,891,2023-04-18 00:45:58
7018,249,2023-06-05 04:41:10
7019,248,2021-11-30 23:54:17
7020,941,2025-11-21 23:14:51
7021,550,2020-09-08 13:43:58
7022,494,2022-01-27 23:15:27
7023,633,2023-06-17 00:06:57
7024,542,2021-02-13 20:50:19
7025,691,2023-01-04 05:18:48
7026,754,2026-03-14 08:09:42
7027,725,2020-05-06 05:44:17
7028,494,2024-02-15 00:44:38
7029,543,2024-12-04 13:22:44
7030,309,2021-01-07 03:42:47
7031,982,2024-10-10 21:04:21
7032,956,2023-01-27 00:39:51
7033,753,2023-03-13 03:19:31
7034,554,2022-02-27 19:34:39
7035,110,2020-09-23 06:29:02
7036,987,2023-06-28 20:08:19
7037,340,2023-08-23 02:43:40
7038,383,2020-08-16 16:58:52
7039,912,2024-04-28 02:42:57
7040,799,2020-10-16 00:41:12
7041,978,2024-04-19 10:39:17
7042,249,2026-06-25 18:11:02
7043,345,2021-12-15 07:30:24
7044,217,2024-04-12 13:37:42
7045,371,2024-09-30 19:11:49
7046,243,2026-05-23 11:14:14
7047,659,2024-04-20 02:36:16
7048,350,2020-09-24 20:52:34
7049,352,2022-02-24 19:43:01
7050,190,2022-08-02 09:08:17
7051,967,2021-09-01 09:00:24
7052,250,2021-12-28 16:47:12
7053,383,2024-08-06 06:12:51
7054,366,2025-10-20 17:38:14
7055,970,2022-09-02 08:13:30
7056,558,2021-02-23 23:33:24
7057,126,2022-11-08 23:02:32
7058,793,2024-01-22 09:11:18
7059,663,2026-04-21 05:24:39
7060,811,2021-07-01 17:21:21
7061,249,2025-01-16 08:13:21
7062,799,2020-03-29 18:55:22
7063,218,2026-04-10 20:57:59
7064,354,2024-03-08 19:17:56
7065,795,2025-05-18 20:55:00
7066,663,2026-05-20 13:51:57
7067,176,2024-09-24 09:20:13
7068,218,2021-01-28 15:25:21
7069,871,2022-11-25 14:07:51
7070,909,2025-11-12 06:00:02
7071,268,2026-08-08 10:17:08
7072,909,2025-09-14 14:13:59
7073,349,2023-03-12 23:46:39
7074,248,2024-07-04 21:24:33
7075,628,2024-11-11 13:28:37
7076,659,2026-07-01 08:29:01
7077,207,2021-03-12 14:44:54
7078,419,2020-04-01 13:37:03
7079,668,2022-12-04 19:28:58
7080,505,2020-11-26 00:48:13
7081,989,2025-11-14 08:50:45
7082,456,2025-01-09 03:21:25
7083,445,2024-01-08 13:27:46
7084,873,2020-01-01 20:21:04
7085,631,2025-08-31 13:01:43
7086,432,2024-04-23 15:42:18
7087,190,2026-04-24 23:43:11
7088,108,2023-03-09 22:13:23
7089,836,2024-11-16 18:33:20
7090,668,2023-02-13 10:48:58
7091,738,2023-10-04 13:26:54
7092,846,2026-06-19 07:31:21
7093,548,2020-07-05 04:52:45
7094,615,2022-12-18 05:50:35
7095,793,2020-10-22 15:53:44
7096,373,2026-08-04 05:57:21
7097,423,2024-12-30 03:19:02
7098,150,2021-06-16 10:03:55
7099,560,2022-09-12 17:20:55
7100,110,2025-07-02 13:47:11
7101,126,2024-03-21 09:32:50
7102,784,2024-08-11 07:33:41
7103,861,2026-06-04 07:48:47
7104,765,2026-04-09 01:42:24
7105,527,2023-08-16 16:22:14
7106,668,2020-12-12 00:49:05
7107,860,2021-08-01 14:35:36
7108,452,2023-09-27 02:51:39
7109,464,2022-05-03 00:48:18
7110,240,2025-08-25 11:09:58
7111,921,2025-06-28 14:22:33
7112,581,2025-04-28 01:57:13
7113,727,2023-09-03 13:09:03
7114,963,2022-03-06 23:27:13
7115,468,2023-05-30 21:18:13
7116,729,2022-11-23 12:32:49
7117,729,2024-03-26 23:47:45
7118,494,2022-08-10 03:34:04
7119,395,2021-09-08 06:14:23
7120,345,2024-09-23 02:30:45
7121,924,2020-07-14 14:56:14
7122,340,2021-05-23 14:19:17
7123,726,2024-01-03 14:29:56
7124,801,2021-12-09 21:26:56
7125,535,2024-05-08 07:25:28
7126,659,2023-07-06 22:02:32
7127,609,2026-03-20 19:31:52
7128,389,2022-12-21 15:49:54
7129,826,2023-01-21 21:18:41
7130,575,2023-03-14 16:45:21
7131,409,2026-08-03 11:54:12
7132,617,2025-02-25 08:56:52
7133,125,2020-04-22 07:30:24
7134,749,2024-09-15 17:30:18
7135,286,2022-12-22 04:01:55
7136,445,2024-09-21 14:22:05
7137,543,2024-12-28 11:12:19
7138,183,2020-11-07 10:48:30
7139,893,2022-04-30 20:49:13
7140,879,2026-08-06 01:50:02
7141,240,2020-07-09 18:54:17
7142,845,2020-05-17 13:23:25
7143,472,2025-09-04 04:15:47
7144,691,2022-12-14 10:15:33
7145,807,2023-09-28 20:42:27
7146,349,2022-10-04 10:11:58
7147,303,2021-06-17 13:27:02
7148,386,2020-02-25 01:16:29
7149,153,2026-05-26 23:05:04
7150,879,2022-10-02 09:37:48
7151,716,2024-01-21 13:04:05
7152,435,2025-08-17 18:37:47
7153,506,2023-07-11 02:05:35
7154,102,2023-07-27 16:13:47
7155,628,2025-01-08 08:25:27
7156,618,2023-07-01 23:19:30
7157,169,2024-10-07 02:32:41
7158,352,2024-07-30 16:31:42
7159,458,2023-02-23 23:29:46
7160,541,2024-08-12 12:42:41
7161,859,2024-04-19 17:56:09
7162,846,2020-03-05 23:23:45
7163,608,2024-02-19 12:21:38
7164,996,2024-03-15 00:33:41
7165,966,2020-10-04 08:45:10
7166,822,2022-08-11 22:14:00
7167,158,2022-01-09 18:45:11
7168,473,2024-09-27 09:54:01
7169,573,2023-02-13 15:43:15
7170,383,2025-12-31 13:11:58
7171,100,2020-10-01 08:03:22
7172,738,2022-06-04 02:34:24
7173,581,2020-05-12 09:31:19
7174,508,2022-09-24 06:35:37
7175,340,2021-01-04 08:29:46
7176,398,2025-08-11 10:10:16
7177,608,2023-05-10 09:52:08
7178,493,2022-02-08 10:38:16
7179,645,2021-02-26 00:59:57
7180,251,2021-11-12 23:14:50
7181,435,2025-05-23 20:14:53
7182,472,2020-12-02 17:58:47
7183,560,2024-07-22 13:19:59
7184,726,2025-07-28 15:19:06
7185,108,2021-01-04 06:58:23
7186,618,2025-09-01 21:12:00
7187,143,2023-12-26 16:23:12
7188,446,2024-09-09 10:34:52
7189,342,2023-12-01 06:39:59
7190,394,2026-01-12 11:40:10
7191,505,2021-05-02 15:35:38
7192,610,2023-11-08 19:51:39
7193,992,2026-06-22 16:19:45
7194,541,2020-11-07 05:35:24
7195,713,2024-01-18 16:53:56
7196,952,2021-03-29 12:29:22
7197,255,2021-12-29 06:34:13
7198,952,2021-02-01 18:14:19
7199,280,2026-05-31 02:35:57
7200,435,2020-06-17 23:03:12
7201,301,2025-12-22 02:52:16
7202,726,2024-04-26 06:16:08
7203,225,2021-12-09 09:58:10
7204,102,2024-02-24 18:29:47
7205,833,2022-09-18 01:53:37
7206,216,2021-02-20 05:04:32
7207,633,2021-09-25 15:57:12
7208,557,2021-01-06 02:18:46
7209,646,2020-12-26 06:15:05
7210,785,2023-12-30 11:12:54
7211,805,2020-09-14 10:14:02
7212,688,2020-08-29 09:18:00
7213,508,2024-12-11 17:05:42
7214,217,2021-02-12 01:39:56
7215,398,2024-07-26 11:39:35
7216,907,2023-07-05 10:29:26
7217,398,2024-11-05 07:47:51
7218,958,2023-08-26 09:07:50
7219,467,2022-01-22 19:37:06
7220,143,2024-07-23 19:54:57
7221,729,2022-12-29 10:09:03
7222,956,2023-06-10 21:05:59
7223,966,2021-02-25 00:26:06
7224,626,2024-04-15 20:24:44
7225,489,2021-01-17 00:03:57
7226,455,2025-11-26 20:08:10
7227,716,2022-10-21 04:51:47
7228,290,2024-07-14 17:09:26
7229,991,2025-08-24 04:09:43
7230,505,2025-08-06 11:59:40
7231,646,2021-11-29 20:50:24
7232,190,2026-05-17 12:09:01
7233,596,2022-03-03 20:17:31
7234,862,2020-12-19 23:00:00
7235,135,2026-05-18 07:08:42
7236,802,2023-12-11 15:08:48
7237,618,2026-03-07 20:29:03
7238,225,2022-04-04 05:09:01
7239,985,2025-03-12 08:35:21
7240,489,2025-07-13 23:08:16
7241,534,2022-02-22 17:29:07
7242,804,2023-12-03 02:18:21
7243,728,2020-07-02 10:43:32
7244,892,2020-04-04 22:59:09
7245,391,2025-10-14 12:01:51
7246,669,2020-06-28 09:35:01
7247,687,2022-01-15 08:00:26
7248,352,2024-01-08 09:56:30
7249,775,2025-01-21 12:44:38
7250,376,2023-10-29 01:45:37
7251,225,2022-11-19 02:40:32
7252,754,2026-07-21 16:21:27
7253,860,2022-11-29 06:02:06
7254,925,2024-05-12 10:40:53
7255,549,2024-11-02 04:14:32
7256,309,2025-07-08 16:32:59
7257,261,2024-12-18 23:56:24
7258,154,2024-10-09 22:58:39
7259,383,2022-08-31 02:13:24
7260,338,2020-08-02 13:41:08
7261,541,2021-07-19 18:01:56
7262,183,2021-02-04 23:55:12
7263,105,2024-04-14 00:59:17
7264,235,2026-08-10 08:42:48
7265,617,2020-11-22 18:39:00
7266,219,2025-09-15 00:13:21
7267,485,2022-11-16 16:37:51
7268,352,2023-08-14 23:15:35
7269,938,2026-05-21 09:19:04
7270,739,2021-05-14 08:29:51
7271,854,2020-07-14 11:14:19
7272,345,2021-06-08 17:15:37
7273,730,2021-01-15 23:26:30
7274,163,2020-08-18 18:21:46
7275,192,2021-05-31 21:46:25
7276,475,2020-02-02 17:16:55
7277,261,2025-10-18 12:52:40
7278,596,2024-08-22 10:24:44
7279,208,2021-09-03 18:57:10
7280,379,2025-12-30 21:11:55
7281,541,2021-10-12 16:57:10
7282,665,2026-01-06 00:48:48
7283,511,2025-11-28 06:09:15
7284,826,2022-05-08 01:27:57
7285,261,2025-10-07 10:27:34
7286,119,2023-05-05 21:53:27
7287,870,2024-08-04 20:31:32
7288,668,2024-06-23 08:20:51
7289,783,2022-06-15 15:17:46
7290,638,2026-06-11 10:53:36
7291,320,2023-10-03 04:05:14
7292,472,2022-04-01 02:30:20
7293,572,2023-11-12 21:50:45
7294,429,2021-10-11 16:44:39
7295,921,2023-01-29 17:45:29
7296,376,2023-02-06 02:43:04
7297,110,2023-04-07 16:24:43
7298,378,2021-10-02 13:28:20
7299,293,2021-05-07 23:41:07
7300,571,2025-07-12 13:16:21
7301,382,2023-01-03 19:26:22
7302,895,2023-07-27 02:49:22
7303,594,2024-11-20 09:56:07
7304,167,2024-07-09 14:33:38
7305,214,2022-08-31 23:00:58
7306,550,2020-07-23 18:13:22
7307,913,2025-08-27 05:03:53
7308,511,2024-06-10 06:53:02
7309,668,2023-09-02 18:30:41
7310,800,2021-09-27 05:59:17
7311,804,2021-06-01 16:17:48
7312,631,2022-05-30 09:49:42
7313,435,2021-11-16 15:24:26
7314,320,2020-07-18 18:40:33
7315,893,2022-11-06 13:41:44
7316,185,2020-12-05 20:55:32
7317,754,2020-05-17 08:00:50
7318,108,2022-03-16 09:35:00
7319,784,2023-09-28 07:28:47
7320,107,2024-03-14 16:25:25
7321,251,2025-06-13 03:59:22
7322,610,2022-12-05 08:26:56
7323,738,2023-11-14 07:37:09
7324,181,2024-05-28 01:39:56
7325,126,2025-06-07 08:59:47
7326,991,2024-07-08 20:44:08
7327,389,2021-07-11 01:40:21
7328,615,2022-04-24 12:59:44
7329,816,2023-05-09 19:36:04
7330,758,2021-09-19 22:33:52
7331,809,2024-08-01 14:47:40
7332,873,2021-09-20 16:23:47
7333,340,2021-11-30 02:56:56
7334,256,2024-01-03 10:46:56
7335,860,2022-06-09 17:15:55
7336,249,2025-07-29 14:21:55
7337,987,2026-02-26 04:05:58
7338,282,2024-05-01 05:26:16
7339,445,2024-02-27 12:30:41
7340,822,2022-12-29 09:47:25
7341,493,2024-12-31 17:39:49
7342,975,2020-04-01 15:53:21
7343,505,2026-04-23 22:36:06
7344,186,2025-08-29 02:29:30
7345,826,2024-02-25 02:09:36
7346,182,2023-02-09 09:06:50
7347,543,2021-11-07 10:13:43
7348,394,2024-10-25 08:39:34
7349,912,2025-10-30 21:48:15
7350,957,2023-10-09 21:36:30
7351,225,2024-12-07 14:27:22
7352,669,2023-07-31 18:57:02
7353,235,2020-03-17 11:20:19
7354,830,2022-12-14 20:50:45
7355,988,2023-06-07 07:49:27
7356,373,2025-04-12 21:31:06
7357,792,2024-08-08 18:11:09
7358,830,2020-01-11 18:17:49
7359,167,2020-08-08 15:25:44
7360,107,2023-05-07 03:22:13
7361,174,2025-03-14 14:07:03
7362,242,2020-07-14 03:07:21
7363,240,2022-10-30 14:29:54
7364,794,2023-03-24 19:16:15
7365,242,2020-10-20 21:16:44
7366,373,2025-06-04 04:11:22
7367,952,2024-02-05 14:32:21
7368,646,2022-11-08 03:14:21
7369,383,2025-06-21 09:06:25
7370,605,2023-09-08 20:23:29
7371,219,2023-07-10 04:15:55
7372,804,2026-01-06 11:23:22
7373,783,2020-03-13 21:47:37
7374,279,2023-11-10 15:47:38
7375,149,2025-06-21 11:59:32
7376,954,2024-08-01 12:02:09
7377,895,2025-12-14 08:40:40
7378,579,2022-03-03 13:10:15
7379,219,2023-05-21 14:00:19
7380,668,2025-03-19 03:16:25
7381,920,2024-12-26 20:45:06
7382,716,2025-07-11 21:37:31
7383,678,2022-10-02 09:07:35
7384,809,2023-08-01 18:21:02
7385,162,2022-06-06 15:18:23
7386,840,2024-07-06 01:07:29
7387,286,2022-02-21 19:52:24
7388,394,2020-03-20 02:29:22
7389,489,2020-05-07 21:54:02
7390,255,2021-03-05 14:47:02
7391,241,2024-04-18 14:36:50
7392,248,2023-01-09 18:02:31
7393,542,2024-11-06 22:38:11
7394,811,2025-12-06 10:20:43
7395,954,2024-06-17 22:09:07
7396,615,2024-02-04 18:51:49
7397,228,2026-03-01 18:27:28
7398,646,2022-10-20 11:12:50
7399,801,2025-06-16 07:23:56
7400,851,2023-12-29 22:33:38
7401,765,2020-07-05 15:03:29
7402,844,2021-06-28 17:34:13
7403,383,2020-12-15 06:14:51
7404,135,2021-03-12 06:39:00
7405,539,2023-01-19 06:03:38
7406,305,2023-06-23 05:31:40
7407,201,2022-07-17 13:25:54
7408,851,2022-07-10 10:30:45
7409,321,2026-05-14 13:28:49
7410,905,2020-09-13 22:17:33
7411,257,2020-04-01 06:45:49
7412,419,2020-02-15 21:03:58
7413,608,2022-07-24 11:49:40
7414,126,2024-02-03 17:52:09
7415,755,2020-04-13 16:11:54
7416,336,2022-01-13 21:26:15
7417,572,2025-04-12 18:16:45
7418,594,2020-10-06 04:56:32
7419,824,2025-11-12 12:27:37
7420,795,2020-12-28 04:43:08
7421,934,2022-03-14 05:04:16
7422,819,2021-11-12 10:55:10
7423,534,2024-03-26 02:59:06
7424,153,2025-06-26 20:34:36
7425,534,2021-08-24 10:51:39
7426,824,2023-06-07 12:48:48
7427,987,2025-01-23 08:40:40
7428,225,2024-03-26 11:44:13
7429,249,2024-03-15 21:52:20
7430,638,2023-03-19 02:07:33
7431,432,2025-12-20 21:54:48
7432,217,2023-11-04 02:13:24
7433,795,2025-01-17 06:32:01
7434,334,2023-10-16 04:03:13
7435,783,2026-01-20 03:44:37
7436,163,2024-12-25 23:27:32
7437,149,2021-02-12 17:49:57
7438,638,2025-07-27 02:16:24
7439,136,2021-07-05 05:01:04
7440,190,2025-11-09 07:12:15
7441,218,2022-12-29 01:57:06
7442,511,2022-01-26 14:10:34
7443,834,2024-05-13 00:12:00
7444,910,2025-05-26 12:58:18
7445,305,2025-05-31 01:46:36
7446,828,2024-09-23 21:42:30
7447,793,2021-03-20 17:15:49
7448,749,2024-03-25 04:47:38
7449,826,2020-01-11 15:26:41
7450,936,2020-09-26 20:26:11
7451,807,2021-01-19 15:09:02
7452,645,2026-02-12 16:54:33
7453,177,2026-04-16 01:42:19
7454,102,2025-08-14 12:52:36
7455,192,2020-07-02 07:56:52
7456,136,2021-10-24 12:54:19
7457,287,2023-09-07 12:16:39
7458,801,2025-03-28 09:06:37
7459,167,2020-12-07 12:02:20
7460,665,2022-08-02 19:43:01
7461,727,2022-10-21 18:02:36
7462,678,2025-06-15 20:00:14
7463,771,2021-06-19 10:52:42
7464,422,2025-01-19 21:03:07
7465,783,2020-10-10 23:55:23
7466,309,2026-06-08 03:12:25
7467,542,2021-08-05 18:25:29
7468,722,2020-02-14 14:17:11
7469,579,2023-09-22 07:04:38
7470,663,2024-06-18 23:08:49
7471,951,2023-10-28 05:25:50
7472,493,2021-07-29 05:07:27
7473,690,2020-04-12 17:45:32
7474,608,2024-02-11 08:32:00
7475,143,2022-08-07 06:49:23
7476,794,2022-08-03 16:52:19
7477,732,2020-12-04 00:26:23
7478,169,2022-09-07 10:54:05
7479,445,2023-06-29 10:58:16
7480,452,2026-06-08 06:49:44
7481,110,2023-11-14 03:01:56
7482,218,2020-11-29 09:03:58
7483,920,2020-12-28 04:58:34
7484,494,2022-02-14 02:36:21
7485,379,2025-10-03 20:37:45
7486,235,2026-05-08 18:00:59
7487,756,2023-10-20 19:29:06
7488,475,2025-07-12 02:54:31
7489,514,2020-04-19 06:02:22
7490,735,2025-08-11 14:58:03
7491,309,2026-06-05 09:04:08
7492,468,2024-04-13 00:21:05
7493,257,2024-05-25 08:34:51
7494,776,2026-03-24 18:20:13
7495,575,2025-01-09 12:35:16
7496,157,2026-04-01 14:48:53
7497,378,2025-02-16 14:55:42
7498,126,2020-09-05 00:24:17
7499,382,2023-06-24 10:41:53
7500,840,2026-08-01 22:29:43
7501,167,2022-08-13 02:40:48
7502,139,2022-08-26 01:14:14
7503,435,2022-12-18 18:50:26
7504,615,2025-01-22 10:58:48
7505,746,2022-12-17 10:07:49
7506,458,2023-05-22 17:17:57
7507,605,2020-06-25 18:19:44
7508,951,2024-12-02 23:51:13
7509,924,2021-04-24 17:05:22
7510,727,2020-03-21 10:54:18
7511,218,2025-06-04 01:29:38
7512,154,2026-07-18 11:52:37
7513,665,2023-05-09 15:26:53
7514,579,2021-03-06 03:03:30
7515,722,2026-06-17 15:25:19
7516,988,2025-01-15 11:18:43
7517,138,2023-12-09 13:21:29
7518,211,2025-09-27 18:50:29
7519,870,2021-11-12 12:43:36
7520,988,2023-04-27 16:21:17
7521,952,2020-04-11 06:37:00
7522,220,2025-09-09 08:43:24
7523,596,2023-11-29 23:26:00
7524,924,2024-11-12 12:46:37
7525,158,2022-01-15 20:45:55
7526,765,2020-10-04 06:33:08
7527,946,2024-08-05 17:30:02
7528,383,2024-12-18 14:56:29
7529,825,2024-03-14 14:02:48
7530,967,2022-04-20 18:36:57
7531,991,2024-07-22 04:24:14
7532,473,2025-04-02 18:11:56
7533,513,2024-12-23 02:42:50
7534,668,2020-08-13 14:48:15
7535,730,2021-05-19 04:35:38
7536,569,2021-12-07 05:42:50
7537,353,2024-07-24 17:57:41
7538,626,2021-11-18 09:12:10
7539,776,2022-02-27 21:49:15
7540,965,2021-08-09 06:39:37
7541,436,2022-07-30 08:17:24
7542,225,2024-07-01 22:56:01
7543,190,2024-03-27 18:16:45
7544,223,2020-01-10 12:39:22
7545,287,2021-06-18 06:21:28
7546,659,2024-05-23 10:49:08
7547,729,2023-06-05 02:08:32
7548,336,2022-09-20 15:45:53
7549,710,2020-05-15 12:55:16
7550,468,2025-12-15 17:21:18
7551,280,2025-05-15 10:15:06
7552,157,2026-06-28 20:48:48
7553,802,2025-11-01 00:16:10
7554,581,2023-12-04 09:57:09
7555,107,2020-01-27 10:15:28
7556,735,2023-05-24 04:23:21
7557,802,2020-05-02 15:35:55
7558,754,2024-10-03 17:33:40
7559,301,2025-01-03 17:25:01
7560,323,2022-01-09 01:14:46
7561,183,2021-06-16 05:07:15
7562,378,2020-11-03 15:02:57
7563,100,2021-01-16 19:45:57
7564,873,2026-04-13 12:26:59
7565,834,2026-06-20 21:08:34
7566,449,2025-04-17 18:33:49
7567,936,2021-10-15 16:31:12
7568,575,2020-11-08 08:51:10
7569,534,2023-06-22 18:23:51
7570,207,2021-12-12 18:52:07
7571,875,2026-06-23 12:19:19
7572,422,2024-10-15 00:15:12
7573,293,2022-01-18 17:35:32
7574,796,2025-04-13 00:01:20
7575,342,2020-06-18 05:33:31
7576,548,2023-10-18 21:05:09
7577,222,2020-03-27 04:43:10
7578,911,2020-01-15 02:46:56
7579,921,2024-01-18 09:23:17
7580,738,2024-06-19 08:33:31
7581,313,2021-07-17 21:55:44
7582,738,2020-08-15 08:25:26
7583,618,2025-03-25 10:41:47
7584,668,2021-02-04 11:10:25
7585,420,2026-05-28 14:16:17
7586,346,2020-07-27 07:55:46
7587,489,2020-08-14 15:34:58
7588,893,2023-10-31 09:47:34
7589,456,2022-02-11 06:00:36
7590,718,2024-03-05 16:31:09
7591,925,2022-09-01 22:35:13
7592,489,2025-12-30 22:41:00
7593,214,2020-07-19 02:55:16
7594,957,2024-12-29 19:09:14
7595,608,2024-07-01 15:04:17
7596,398,2025-12-17 10:32:45
7597,394,2025-02-28 00:06:23
7598,871,2021-03-13 18:27:31
7599,220,2025-06-02 21:08:01
7600,966,2021-06-12 11:04:36
7601,404,2020-07-08 03:54:35
7602,100,2026-03-01 23:46:22
7603,341,2022-09-02 07:45:09
7604,214,2026-05-03 14:53:00
7605,998,2023-01-05 18:41:54
7606,219,2025-05-06 18:21:32
7607,718,2021-02-26 10:34:40
7608,925,2024-03-03 10:51:07
7609,618,2024-10-24 06:51:38
7610,248,2024-12-22 02:18:38
7611,683,2020-03-20 14:21:53
7612,371,2025-02-25 09:44:54
7613,511,2023-06-22 05:19:35
7614,449,2025-03-30 07:37:26
7615,282,2024-04-27 04:22:38
7616,342,2025-10-19 17:15:44
7617,844,2021-12-29 09:41:36
7618,970,2025-04-08 23:28:15
7619,255,2024-11-13 22:50:29
7620,445,2021-12-04 08:19:12
7621,167,2023-06-06 06:40:56
7622,336,2023-05-31 19:57:29
7623,162,2025-07-22 05:38:55
7624,581,2024-01-22 15:07:21
7625,281,2024-07-21 22:54:19
7626,382,2025-10-24 21:41:02
7627,190,2021-10-03 19:58:36
7628,710,2022-07-16 08:59:34
7629,517,2020-03-17 20:18:08
7630,564,2025-04-12 18:55:26
7631,628,2020-07-26 20:01:46
7632,185,2026-05-13 09:00:38
7633,324,2024-09-12 22:22:30
7634,223,2025-05-11 13:08:18
7635,269,2021-11-18 12:24:44
7636,594,2021-07-20 04:23:16
7637,906,2021-09-21 01:14:26
7638,352,2022-08-03 01:38:48
7639,668,2023-01-04 20:03:58
7640,394,2023-09-22 04:29:15
7641,756,2021-04-10 14:11:52
7642,457,2024-06-10 09:58:04
7643,178,2025-07-05 10:26:36
7644,214,2020-02-22 00:40:04
7645,354,2022-12-25 04:58:39
7646,989,2022-07-01 06:21:39
7647,596,2023-01-22 14:51:19
7648,218,2021-10-08 18:34:40
7649,683,2023-08-16 19:26:43
7650,247,2025-05-25 15:51:59
7651,505,2023-12-16 07:55:38
7652,249,2021-11-22 05:27:49
7653,391,2021-10-31 23:19:29
7654,158,2022-08-25 12:20:00
7655,340,2022-04-10 04:38:36
7656,738,2026-06-11 01:45:40
7657,925,2024-11-05 09:53:29
7658,765,2020-10-03 20:19:19
7659,804,2025-01-23 16:31:15
7660,924,2023-08-23 10:16:42
7661,222,2020-08-03 22:58:18
7662,435,2022-10-15 03:25:39
7663,475,2021-08-11 23:45:47
7664,214,2024-11-08 14:23:51
7665,631,2023-01-01 18:14:39
7666,527,2023-06-06 07:43:36
7667,506,2026-08-03 00:17:20
7668,419,2022-05-18 23:49:42
7669,183,2022-01-20 22:22:11
7670,822,2025-04-04 17:44:14
7671,957,2025-02-13 06:15:52
7672,989,2025-09-23 03:57:14
7673,748,2020-03-21 15:14:17
7674,160,2022-10-15 20:57:53
7675,323,2022-05-02 01:11:14
7676,747,2023-06-24 03:54:11
7677,495,2023-04-15 15:59:16
7678,225,2026-05-23 17:23:12
7679,840,2025-02-21 05:03:15
7680,794,2023-11-21 01:20:58
7681,707,2024-06-25 01:08:15
7682,799,2021-06-24 10:06:52
7683,153,2025-06-19 22:05:23
7684,963,2023-12-31 10:34:54
7685,746,2020-08-09 18:17:40
7686,325,2020-08-02 08:09:09
7687,297,2023-05-10 10:25:19
7688,784,2020-11-18 18:39:10
7689,283,2024-03-04 02:08:20
7690,219,2025-09-22 01:31:49
7691,957,2020-11-04 18:05:54
7692,663,2023-11-15 00:22:45
7693,138,2022-07-03 23:44:19
7694,836,2022-11-06 02:39:45
7695,951,2025-04-10 03:21:44
7696,473,2023-07-10 11:31:07
7697,309,2024-05-25 13:51:14
7698,687,2025-10-10 20:41:08
7699,596,2024-08-04 07:01:53
7700,223,2024-10-29 03:47:26
7701,608,2020-10-31 21:42:55
7702,373,2024-02-02 22:27:15
7703,573,2021-06-22 00:55:49
7704,458,2025-02-19 13:04:20
7705,340,2023-03-30 04:03:20
7706,186,2026-04-22 21:24:32
7707,550,2024-01-08 21:41:26
7708,906,2024-12-29 14:56:04
7709,958,2022-02-16 21:13:44
7710,257,2024-09-26 00:58:59
7711,435,2020-06-21 23:48:37
7712,732,2021-03-23 01:05:58
7713,799,2024-09-06 23:06:54
7714,185,2022-06-05 19:09:31
7715,998,2025-10-04 16:32:35
7716,954,2026-01-12 19:13:02
7717,638,2024-05-19 21:07:24
7718,222,2022-09-22 17:33:07
7719,765,2025-09-12 15:45:34
7720,497,2023-12-14 02:33:52
7721,708,2023-12-17 13:59:38
7722,985,2023-12-06 20:02:42
7723,183,2024-04-12 10:25:48
7724,467,2026-01-05 05:24:30
7725,435,2025-11-16 01:00:30
7726,256,2021-10-01 22:31:10
7727,152,2020-01-08 23:40:35
7728,696,2023-04-04 14:09:40
7729,732,2025-02-19 06:22:26
7730,645,2020-03-13 14:33:14
7731,119,2020-04-27 17:14:03
7732,131,2024-06-27 19:28:56
7733,517,2026-07-20 20:36:23
7734,102,2022-11-11 11:18:38
7735,276,2022-04-17 13:29:57
7736,342,2022-12-01 12:30:16
7737,854,2020-05-24 13:24:33
7738,982,2024-09-07 14:23:04
7739,921,2026-04-17 10:48:31
7740,309,2021-02-17 02:27:19
7741,549,2024-10-31 01:22:42
7742,220,2024-02-05 12:13:19
7743,663,2021-01-01 16:03:58
7744,819,2024-12-02 06:37:59
7745,512,2020-03-07 23:02:08
7746,809,2025-12-07 11:27:21
7747,255,2022-05-26 07:49:30
7748,225,2025-05-07 15:50:15
7749,668,2022-03-30 03:24:31
7750,990,2026-04-01 15:06:37
7751,352,2021-10-20 13:06:23
7752,645,2026-02-20 15:43:09
7753,627,2021-02-27 04:16:42
7754,992,2021-07-21 11:52:18
7755,792,2023-08-08 00:42:03
7756,336,2023-04-26 18:02:32
7757,513,2020-05-29 21:36:37
7758,924,2026-03-05 06:36:54
7759,389,2024-07-02 20:29:15
7760,517,2025-09-19 15:08:19
7761,452,2021-02-02 12:13:00
7762,710,2023-03-01 07:33:14
7763,321,2020-08-31 00:01:37
7764,342,2023-04-07 07:20:10
7765,609,2023-06-12 19:59:14
7766,668,2025-07-07 22:45:17
7767,758,2024-11-27 18:36:41
7768,730,2023-07-10 08:26:48
7769,727,2021-09-17 16:39:31
7770,462,2022-03-08 11:06:33
7771,186,2024-03-26 05:09:21
7772,100,2025-01-26 10:40:25
7773,925,2020-01-18 05:08:15
7774,732,2021-06-15 07:57:18
7775,732,2024-03-04 12:47:29
7776,424,2021-02-22 05:23:05
7777,338,2024-02-20 16:36:47
7778,871,2022-12-10 03:59:33
7779,860,2021-11-10 16:56:58
7780,627,2023-10-11 02:26:25
7781,342,2020-06-26 22:34:51
7782,422,2022-01-06 06:37:08
7783,596,2025-11-29 17:18:49
7784,175,2025-06-13 20:39:02
7785,541,2026-03-30 12:51:12
7786,956,2020-12-05 10:08:30
7787,860,2023-08-15 17:51:51
7788,854,2023-02-28 09:19:09
7789,415,2021-08-15 05:51:16
7790,505,2026-03-24 04:16:34
7791,542,2024-05-28 06:46:04
7792,494,2025-03-05 07:29:04
7793,366,2024-02-12 01:14:04
7794,689,2021-03-26 17:02:44
7795,495,2024-04-06 21:24:40
7796,996,2021-05-13 08:50:07
7797,176,2022-10-15 21:36:26
7798,796,2024-04-18 02:01:16
7799,548,2021-01-13 16:36:53
7800,513,2021-05-23 03:52:37
7801,588,2021-05-27 23:20:54
7802,682,2024-03-29 21:43:38
7803,189,2023-05-29 23:31:26
7804,309,2026-03-11 21:49:13
7805,691,2020-09-16 01:14:16
7806,342,2023-02-24 02:12:48
7807,844,2025-10-13 03:07:54
7808,419,2026-04-22 20:06:19
7809,313,2023-11-01 02:44:45
7810,776,2021-10-03 10:40:07
7811,739,2026-08-02 21:00:19
7812,548,2025-01-18 01:32:23
7813,247,2020-01-06 18:47:17
7814,666,2020-07-14 12:29:06
7815,557,2025-08-23 14:33:13
7816,844,2020-03-30 06:06:16
7817,550,2023-12-19 12:17:20
7818,875,2021-05-27 04:29:20
7819,208,2025-04-18 19:17:50
7820,805,2025-02-06 23:17:01
7821,192,2022-05-29 14:16:16
7822,966,2026-07-06 19:58:33
7823,508,2020-01-16 19:14:15
7824,220,2021-03-12 22:14:25
7825,251,2023-03-29 02:11:52
7826,760,2024-07-14 09:04:00
7827,975,2024-04-27 00:14:10
7828,214,2025-01-20 11:14:04
7829,822,2026-03-29 01:22:31
7830,873,2024-06-12 07:05:43
7831,689,2020-05-28 02:01:34
7832,976,2024-07-21 20:21:18
7833,765,2021-01-22 05:20:14
7834,177,2020-06-02 12:59:18
7835,249,2020-09-08 08:28:18
7836,256,2025-11-04 12:29:38
7837,366,2026-04-18 12:49:40
7838,167,2026-07-19 16:37:17
7839,910,2022-10-30 16:04:29
7840,627,2022-10-06 12:51:06
7841,286,2020-08-07 14:51:29
7842,993,2020-10-21 14:31:48
7843,631,2022-06-27 20:30:20
7844,862,2023-06-23 19:12:51
7845,710,2020-05-31 14:33:06
7846,511,2020-10-29 14:06:36
7847,225,2024-09-29 01:02:17
7848,489,2020-04-06 05:59:05
7849,965,2023-03-19 09:05:51
7850,472,2023-09-30 18:27:28
7851,638,2022-07-20 07:14:42
7852,208,2025-10-26 09:42:36
7853,158,2024-07-25 22:59:21
7854,826,2021-10-24 07:36:06
7855,445,2020-04-18 06:46:14
7856,174,2022-09-25 00:56:59
7857,713,2020-08-14 09:39:44
7858,989,2026-07-26 18:11:24
7859,819,2024-07-13 11:13:46
7860,159,2021-04-02 23:39:30
7861,517,2025-02-12 07:06:29
7862,163,2026-05-15 09:48:27
7863,505,2021-09-25 08:32:31
7864,665,2021-09-15 06:50:47
7865,449,2026-04-13 11:54:33
7866,581,2023-09-11 21:15:53
7867,335,2021-09-20 15:42:51
7868,727,2026-03-16 14:42:05
7869,190,2020-11-16 07:17:36
7870,303,2021-05-24 15:58:38
7871,755,2024-12-08 01:27:00
7872,349,2024-01-30 17:41:06
7873,523,2022-07-26 10:29:38
7874,341,2021-04-30 22:07:24
7875,535,2023-10-20 00:25:44
7876,449,2026-08-03 17:39:12
7877,191,2024-02-28 08:25:19
7878,646,2022-05-04 18:34:44
7879,566,2025-01-08 00:06:18
7880,242,2023-09-04 11:31:00
7881,995,2022-08-03 19:45:15
7882,236,2021-06-25 15:44:53
7883,954,2026-01-24 12:25:47
7884,541,2021-09-10 11:20:08
7885,176,2020-08-12 10:01:39
7886,873,2021-12-12 12:03:00
7887,710,2020-11-24 03:42:49
7888,615,2020-08-14 02:52:20
7889,250,2020-10-29 13:04:54
7890,153,2025-02-25 06:35:16
7891,895,2022-10-30 23:39:40
7892,982,2020-12-01 04:05:54
7893,776,2020-01-05 01:43:47
7894,105,2025-09-28 04:41:48
7895,732,2025-12-14 09:42:24
7896,975,2026-06-04 19:03:48
7897,420,2026-04-15 12:30:08
7898,527,2022-06-12 02:03:16
7899,716,2022-12-10 16:07:31
7900,182,2025-03-24 20:15:40
7901,730,2024-01-26 10:46:26
7902,844,2021-07-21 04:04:49
7903,107,2026-02-18 04:56:08
7904,249,2024-08-09 06:48:05
7905,394,2024-06-16 09:07:30
7906,711,2020-09-15 20:40:40
7907,952,2022-07-03 00:09:12
7908,730,2022-12-08 03:44:40
7909,126,2022-09-04 13:32:12
7910,978,2026-08-17 02:26:54
7911,192,2024-11-14 08:00:53
7912,683,2021-08-26 07:50:36
7913,842,2020-10-04 22:36:46
7914,223,2022-01-05 10:08:50
7915,100,2025-12-25 04:56:56
7916,167,2024-07-05 14:58:06
7917,325,2024-04-07 19:15:29
7918,541,2022-12-01 19:54:39
7919,954,2023-08-07 05:59:11
7920,633,2022-01-27 19:26:48
7921,872,2022-11-23 09:43:33
7922,596,2022-10-14 23:40:27
7923,893,2026-01-29 13:32:07
7924,729,2021-04-20 02:19:50
7925,754,2022-06-30 07:02:27
7926,872,2020-04-09 19:45:33
7927,286,2023-08-05 17:31:30
7928,668,2023-09-29 10:44:22
7929,906,2020-08-16 20:58:24
7930,325,2021-11-14 15:33:30
7931,436,2020-08-01 05:59:22
7932,193,2021-02-05 22:09:01
7933,840,2022-12-27 12:15:29
7934,938,2021-04-21 13:11:56
7935,333,2024-06-13 12:46:01
7936,163,2021-08-20 06:20:32
7937,771,2020-10-23 17:50:00
7938,325,2023-08-01 11:42:39
7939,739,2026-05-14 15:29:49
7940,223,2025-02-08 18:12:38
7941,998,2024-01-10 15:54:37
7942,573,2023-11-19 02:36:41
7943,387,2021-08-21 08:46:28
7944,965,2020-12-15 02:04:30
7945,395,2022-06-06 12:59:29
7946,627,2022-06-13 22:33:27
7947,512,2023-12-25 12:41:29
7948,631,2024-10-31 03:06:10
7949,653,2026-03-25 09:46:54
7950,718,2022-04-20 06:01:50
7951,415,2026-02-02 01:23:25
7952,934,2022-10-17 01:47:32
7953,514,2021-08-21 18:10:40
7954,468,2026-04-07 04:32:29
7955,382,2021-12-02 03:02:56
7956,139,2025-11-06 16:12:05
7957,346,2024-12-12 07:45:27
7958,664,2023-04-05 17:22:09
7959,375,2020-01-11 15:08:00
7960,878,2025-01-13 00:35:18
7961,409,2026-02-09 15:16:53
7962,851,2020-10-11 13:43:45
7963,718,2025-06-30 19:44:27
7964,268,2022-05-07 20:25:20
7965,324,2021-10-05 19:46:46
7966,610,2023-12-18 10:05:43
7967,983,2020-03-20 00:23:56
7968,471,2020-05-12 16:07:39
7969,907,2026-01-11 08:45:08
7970,844,2024-10-24 05:13:44
7971,710,2020-02-22 06:26:00
7972,424,2021-07-05 04:15:20
7973,732,2021-09-20 23:41:33
7974,776,2020-01-12 22:57:12
7975,725,2023-01-17 21:09:56
7976,905,2023-01-29 06:29:21
7977,920,2022-04-18 18:07:27
7978,893,2026-06-05 04:54:35
7979,416,2021-04-03 13:45:25
7980,192,2021-05-22 13:53:57
7981,223,2024-10-12 19:24:53
7982,467,2025-04-14 23:43:19
7983,313,2022-10-15 06:54:00
7984,716,2024-03-11 08:58:16
7985,878,2020-03-18 12:06:27
7986,860,2022-12-16 18:29:00
7987,416,2026-02-16 09:18:50
7988,216,2023-09-18 17:01:06
7989,429,2021-01-24 15:26:19
7990,189,2026-07-04 13:53:44
7991,346,2025-10-13 00:37:08
7992,557,2021-01-27 03:22:00
7993,978,2020-03-15 20:39:51
7994,765,2026-06-05 22:26:06
7995,911,2022-03-10 03:21:53
7996,218,2023-09-19 11:10:44
7997,494,2021-10-28 04:42:50
7998,783,2020-07-15 10:32:53
7999,276,2022-03-01 14:41:28
8000,167,2023-05-30 07:22:58
8001,383,2020-08-22 22:54:45
8002,958,2025-07-28 12:11:21
8003,251,2022-03-23 19:23:02
8004,321,2021-03-12 02:07:58
8005,429,2021-10-13 10:20:32
8006,334,2024-11-18 05:29:28
8007,225,2026-02-03 17:34:11
8008,646,2020-06-14 07:05:28
8009,175,2025-12-17 18:01:15
8010,249,2022-11-09 11:51:57
8011,605,2025-09-09 00:45:48
8012,928,2025-04-12 03:53:34
8013,896,2020-10-03 09:52:57
8014,618,2021-12-30 19:57:14
8015,379,2023-09-07 22:49:18
8016,208,2024-02-01 19:56:11
8017,985,2023-08-28 23:50:22
8018,854,2024-07-24 14:20:28
8019,389,2020-12-27 03:43:12
8020,279,2025-01-13 18:51:35
8021,382,2020-03-16 22:19:48
8022,713,2025-03-30 13:09:28
8023,951,2022-10-21 10:49:55
8024,560,2021-03-02 02:24:00
8025,909,2026-05-23 11:33:36
8026,615,2020-06-08 03:56:22
8027,338,2021-11-18 05:07:49
8028,724,2022-04-05 12:45:33
8029,906,2024-03-19 01:00:58
8030,982,2022-03-12 08:29:27
8031,420,2020-10-15 04:42:32
8032,167,2026-06-24 16:37:39
8033,622,2022-07-19 00:43:58
8034,389,2023-02-24 12:57:06
8035,398,2021-04-23 23:15:46
8036,689,2026-06-01 19:48:40
8037,445,2026-06-22 19:08:29
8038,795,2023-09-06 22:25:59
8039,710,2022-06-21 06:33:43
8040,870,2026-01-24 16:43:22
8041,988,2021-08-19 16:23:46
8042,240,2026-04-16 19:32:25
8043,822,2021-03-05 17:49:49
8044,178,2022-08-19 18:29:25
8045,772,2022-09-21 01:45:58
8046,572,2026-05-17 00:41:00
8047,556,2022-08-29 15:37:18
8048,489,2026-07-13 19:54:50
8049,952,2023-05-02 08:20:29
8050,708,2022-10-31 09:17:07
8051,860,2020-06-26 14:25:37
8052,217,2021-11-28 23:27:08
8053,159,2023-11-07 09:41:14
8054,771,2025-01-25 11:36:06
8055,990,2024-05-20 00:59:51
8056,497,2022-11-27 07:21:37
8057,580,2025-10-12 06:58:39
8058,957,2023-09-11 20:40:45
8059,631,2026-05-14 23:03:29
8060,449,2026-06-02 13:23:32
8061,419,2023-07-11 14:32:48
8062,382,2025-07-28 10:26:42
8063,989,2026-03-11 02:24:30
8064,394,2023-06-21 06:19:43
8065,732,2025-06-25 22:13:03
8066,157,2021-02-04 21:53:29
8067,749,2024-05-07 03:56:58
8068,334,2022-03-02 10:42:01
8069,624,2020-01-11 15:32:34
8070,445,2024-05-07 18:10:09
8071,688,2022-03-19 22:45:32
8072,939,2023-03-03 00:15:57
8073,310,2024-08-01 18:37:38
8074,160,2021-06-16 17:21:43
8075,893,2020-06-26 23:11:14
8076,890,2021-07-20 21:51:25
8077,573,2022-03-12 05:29:15
8078,633,2023-09-17 03:18:39
8079,508,2021-09-30 08:38:44
8080,805,2022-02-10 04:08:15
8081,965,2025-05-28 15:04:18
8082,250,2023-09-12 01:37:15
8083,983,2024-01-02 10:23:22
8084,505,2025-01-23 01:58:09
8085,391,2020-06-16 13:07:30
8086,236,2020-10-28 06:26:19
8087,629,2024-01-16 18:17:51
8088,556,2024-05-23 03:49:10
8089,756,2026-03-06 18:15:59
8090,242,2021-01-16 20:09:30
8091,182,2020-02-28 13:20:01
8092,825,2024-07-17 03:57:09
8093,938,2021-09-04 17:41:15
8094,287,2020-04-18 11:24:18
8095,799,2024-09-13 17:44:22
8096,663,2020-01-18 08:23:23
8097,218,2023-10-25 18:21:03
8098,341,2024-07-28 06:45:21
8099,801,2020-01-28 15:31:31
8100,131,2026-01-16 19:51:43
8101,548,2022-06-05 07:41:08
8102,596,2024-08-06 06:36:46
8103,435,2020-09-09 08:43:52
8104,735,2020-05-24 00:33:11
8105,505,2022-09-27 12:36:24
8106,622,2021-08-05 13:56:59
8107,854,2020-03-12 05:43:11
8108,211,2020-09-11 18:28:23
8109,682,2023-10-13 21:01:25
8110,795,2025-02-18 19:02:27
8111,240,2025-03-08 00:58:46
8112,738,2023-10-27 21:06:11
8113,732,2020-08-16 06:37:54
8114,834,2022-11-01 09:39:02
8115,431,2024-11-22 19:30:57
8116,218,2021-04-14 12:11:46
8117,707,2026-03-07 20:12:43
8118,228,2022-08-05 18:47:40
8119,419,2020-10-24 23:38:10
8120,193,2024-03-27 20:39:09
8121,696,2020-01-11 10:14:01
8122,445,2020-12-14 05:11:58
8123,956,2020-06-21 01:57:35
8124,341,2021-08-18 16:14:41
8125,615,2024-12-25 23:17:11
8126,548,2020-08-09 10:18:39
8127,309,2023-08-20 15:47:34
8128,373,2024-12-27 05:57:35
8129,456,2021-08-18 01:25:12
8130,870,2021-10-12 22:42:33
8131,998,2020-04-15 02:10:26
8132,952,2026-06-21 17:03:57
8133,371,2022-11-25 13:45:26
8134,349,2025-08-23 18:20:08
8135,398,2023-01-13 15:26:00
8136,150,2026-05-14 13:52:44
8137,799,2020-03-20 20:27:56
8138,998,2022-12-22 14:09:44
8139,729,2022-11-18 10:11:23
8140,192,2022-06-09 14:35:29
8141,505,2022-10-23 15:31:35
8142,217,2026-01-05 08:00:28
8143,493,2023-01-21 13:20:30
8144,305,2025-02-19 01:27:05
8145,143,2025-10-06 16:38:29
8146,722,2021-09-19 17:19:09
8147,506,2025-11-09 01:50:38
8148,535,2025-09-30 04:57:25
8149,334,2020-10-18 22:41:48
8150,452,2022-11-19 03:28:01
8151,458,2023-10-31 06:55:31
8152,539,2025-10-14 13:02:21
8153,727,2024-06-17 17:32:00
8154,820,2022-04-04 02:44:53
8155,257,2024-07-02 12:19:30
8156,214,2026-06-22 11:40:04
8157,189,2025-03-24 18:33:12
8158,572,2021-05-19 05:48:48
8159,775,2021-06-30 17:43:23
8160,228,2024-03-08 21:43:17
8161,505,2024-06-21 00:05:36
8162,176,2020-12-16 19:35:43
8163,190,2026-03-28 00:33:28
8164,493,2021-04-30 15:00:44
8165,982,2024-06-27 15:55:57
8166,102,2024-02-12 05:02:30
8167,305,2021-02-27 23:03:30
8168,575,2023-03-14 01:18:14
8169,891,2024-10-05 17:37:23
8170,911,2024-12-18 19:24:28
8171,514,2021-09-13 20:58:18
8172,730,2020-12-06 21:03:20
8173,952,2020-10-02 02:02:59
8174,788,2026-05-26 00:03:43
8175,556,2020-07-27 03:31:35
8176,913,2024-01-23 00:46:11
8177,627,2024-03-04 01:09:22
8178,716,2023-03-29 18:30:10
8179,334,2022-07-29 22:43:39
8180,325,2020-05-14 02:00:43
8181,687,2025-04-11 11:57:39
8182,571,2025-04-22 08:41:29
8183,395,2023-09-29 20:14:55
8184,729,2024-09-25 10:38:55
8185,615,2025-01-22 23:19:16
8186,998,2021-11-15 11:09:24
8187,242,2022-11-22 21:41:10
8188,925,2023-02-26 02:25:18
8189,696,2023-12-01 23:13:28
8190,371,2020-06-10 21:54:23
8191,350,2022-02-07 07:29:59
8192,154,2022-07-30 14:50:27
8193,814,2024-06-07 23:36:49
8194,223,2025-01-06 12:34:07
8195,138,2024-03-23 00:53:33
8196,987,2023-11-07 15:49:05
8197,920,2025-02-18 09:38:42
8198,985,2024-01-27 16:19:39
8199,333,2024-05-20 16:32:05
8200,349,2023-01-22 18:39:02
8201,982,2020-08-26 06:52:51
8202,792,2025-08-23 12:10:18
8203,216,2020-07-03 21:22:28
8204,716,2022-12-23 10:01:36
8205,966,2026-06-23 17:27:13
8206,457,2022-11-24 11:48:15
8207,978,2021-08-18 14:47:37
8208,756,2021-02-02 03:05:44
8209,628,2020-08-20 22:33:23
8210,802,2020-10-17 17:16:26
8211,182,2024-10-03 16:39:35
8212,725,2023-08-09 19:14:52
8213,683,2020-11-08 07:22:52
8214,193,2024-08-14 03:32:42
8215,988,2020-08-02 21:29:46
8216,505,2022-03-24 20:17:44
8217,371,2025-12-18 00:56:48
8218,360,2021-10-01 04:42:54
8219,569,2022-12-20 04:22:39
8220,718,2025-07-21 21:59:08
8221,313,2023-10-03 10:18:34
8222,575,2021-11-02 18:33:55
8223,892,2025-06-06 17:55:06
8224,665,2021-07-31 02:54:48
8225,588,2023-02-28 15:43:16
8226,220,2026-01-20 08:28:19
8227,159,2020-01-21 09:11:37
8228,748,2025-02-09 03:30:46
8229,276,2022-10-29 21:30:50
8230,269,2022-01-08 02:16:27
8231,342,2025-02-19 05:31:21
8232,373,2020-07-13 08:22:51
8233,189,2022-01-11 13:28:55
8234,952,2024-10-18 19:58:32
8235,162,2025-02-06 18:34:33
8236,192,2025-04-11 10:18:17
8237,429,2025-10-01 08:56:28
8238,255,2023-04-22 02:15:17
8239,993,2021-04-18 19:59:08
8240,622,2026-07-08 22:13:26
8241,539,2020-01-14 22:21:38
8242,793,2022-01-15 22:29:21
8243,242,2020-09-19 22:37:13
8244,236,2024-03-23 07:33:38
8245,286,2021-03-30 04:53:17
8246,833,2025-12-02 09:50:18
8247,445,2022-09-19 13:46:50
8248,725,2023-12-02 13:07:58
8249,378,2020-10-13 11:26:35
8250,588,2024-07-04 04:45:08
8251,822,2022-09-10 01:51:29
8252,153,2024-09-11 10:39:16
8253,162,2020-05-03 10:14:06
8254,452,2020-05-23 04:45:08
8255,508,2023-05-11 07:15:03
8256,219,2024-12-07 21:11:51
8257,541,2025-07-08 02:34:26
8258,167,2021-10-25 09:19:29
8259,729,2023-12-13 13:12:55
8260,878,2021-03-06 04:40:04
8261,988,2026-02-04 22:00:31
8262,542,2022-01-31 17:57:31
8263,515,2020-07-13 12:26:04
8264,987,2023-05-08 11:39:55
8265,261,2023-09-19 16:25:24
8266,776,2023-12-19 13:20:45
8267,975,2023-04-29 02:33:59
8268,153,2021-11-07 20:54:35
8269,420,2025-11-09 05:21:08
8270,539,2021-12-02 21:33:45
8271,515,2024-04-10 13:37:02
8272,858,2023-07-18 19:17:24
8273,739,2025-11-24 09:11:34
8274,344,2021-10-02 22:53:34
8275,720,2025-01-13 01:21:09
8276,871,2022-09-20 02:42:14
8277,340,2021-11-17 19:34:35
8278,726,2025-02-28 02:50:46
8279,126,2021-11-17 06:47:10
8280,626,2020-03-09 06:55:27
8281,811,2024-04-12 16:27:18
8282,341,2024-12-17 23:30:34
8283,755,2021-07-11 13:34:44
8284,242,2023-10-16 05:30:09
8285,596,2025-03-10 23:24:01
8286,622,2022-09-23 04:00:32
8287,391,2025-06-01 14:35:14
8288,998,2023-01-05 14:05:47
8289,796,2024-07-23 05:42:34
8290,223,2022-06-27 08:40:40
8291,154,2024-02-17 15:15:21
8292,181,2024-10-07 05:12:41
8293,404,2025-01-29 15:41:45
8294,893,2020-05-29 01:16:21
8295,219,2023-10-23 16:22:45
8296,153,2025-04-08 06:03:08
8297,469,2025-03-08 07:47:40
8298,725,2021-06-02 05:35:22
8299,387,2025-01-09 00:19:45
8300,218,2022-11-08 01:48:46
8301,754,2021-09-16 10:21:21
8302,691,2024-08-08 16:38:46
8303,571,2022-07-02 18:50:28
8304,181,2025-02-19 20:02:18
8305,795,2021-03-01 13:30:35
8306,659,2020-10-10 11:50:37
8307,803,2023-03-15 12:55:41
8308,329,2022-08-11 16:25:53
8309,279,2023-11-07 12:38:00
8310,771,2023-02-14 16:42:59
8311,572,2022-12-19 23:42:27
8312,746,2022-07-23 06:11:45
8313,912,2020-10-15 22:10:18
8314,542,2023-09-14 11:34:29
8315,924,2024-11-27 00:00:42
8316,297,2024-09-29 05:15:43
8317,609,2022-12-08 10:37:53
8318,928,2023-02-16 05:26:17
8319,353,2025-06-22 13:01:40
8320,105,2023-08-16 06:03:05
8321,844,2020-07-12 07:55:15
8322,753,2025-09-26 00:44:07
8323,107,2025-08-28 15:05:55
8324,255,2024-03-19 04:34:14
8325,748,2023-12-28 13:35:39
8326,805,2023-08-05 17:49:04
8327,732,2026-01-24 21:01:07
8328,349,2022-06-13 06:29:17
8329,689,2022-03-20 10:25:29
8330,249,2021-06-13 20:41:28
8331,765,2021-11-09 16:49:29
8332,784,2023-07-29 12:23:38
8333,342,2024-02-16 14:44:58
8334,314,2023-04-26 11:31:21
8335,954,2023-11-06 19:36:23
8336,952,2024-02-15 00:57:21
8337,218,2022-09-10 22:40:24
8338,608,2026-04-25 22:40:05
8339,157,2021-04-14 09:32:23
8340,605,2023-03-18 02:35:14
8341,383,2023-11-14 05:44:20
8342,618,2024-02-12 04:51:59
8343,214,2025-01-30 21:49:33
8344,248,2025-08-12 05:49:48
8345,539,2024-06-03 20:20:06
8346,951,2020-10-01 19:40:45
8347,375,2021-01-14 09:53:58
8348,826,2025-07-05 09:45:18
8349,987,2021-09-02 01:51:13
8350,360,2021-07-09 15:40:24
8351,352,2022-12-09 14:12:01
8352,822,2026-02-18 04:19:03
8353,310,2024-01-24 21:54:15
8354,687,2021-01-10 05:47:18
8355,605,2023-03-16 00:47:44
8356,687,2026-07-14 06:49:27
8357,219,2023-04-01 20:53:50
8358,279,2020-03-31 18:16:05
8359,435,2020-12-28 17:57:02
8360,581,2021-11-05 11:30:36
8361,978,2026-07-15 18:03:45
8362,286,2023-03-02 15:38:58
8363,468,2020-12-28 04:51:58
8364,287,2022-08-27 04:20:19
8365,765,2020-02-03 02:35:57
8366,906,2020-12-22 03:13:51
8367,149,2022-08-13 08:51:32
8368,983,2024-02-11 15:04:12
8369,219,2024-11-06 22:11:57
8370,192,2024-10-17 17:26:05
8371,728,2025-07-14 07:18:52
8372,844,2021-04-20 03:09:01
8373,321,2021-11-08 19:05:56
8374,772,2022-04-14 16:05:14
8375,360,2021-01-12 09:37:54
8376,958,2026-04-14 01:10:39
8377,394,2020-07-26 17:34:41
8378,596,2020-10-14 18:24:43
8379,730,2023-05-22 11:10:12
8380,157,2026-06-02 03:43:36
8381,921,2026-08-14 01:32:09
8382,844,2022-06-07 06:20:25
8383,257,2026-04-19 23:52:44
8384,724,2021-01-20 14:09:14
8385,293,2024-10-31 20:25:31
8386,805,2023-05-15 22:56:44
8387,844,2025-06-06 02:00:54
8388,287,2022-06-10 22:35:57
8389,854,2021-01-12 19:07:56
8390,550,2025-05-16 09:02:20
8391,262,2020-05-03 03:15:46
8392,724,2021-10-12 00:48:56
8393,663,2023-01-20 08:37:23
8394,342,2020-04-23 15:04:16
8395,309,2025-10-27 15:49:25
8396,135,2020-08-25 22:31:29
8397,154,2021-09-20 11:45:55
8398,967,2025-02-24 04:14:04
8399,991,2024-03-25 23:13:07
8400,152,2020-04-16 06:42:31
8401,301,2025-08-25 23:04:05
8402,580,2020-08-12 10:49:56
8403,128,2024-12-05 00:12:48
8404,854,2026-06-06 19:24:55
8405,321,2022-04-22 01:27:25
8406,125,2025-03-05 00:00:22
8407,906,2023-02-24 12:58:38
8408,631,2024-06-13 12:43:38
8409,494,2021-07-14 07:13:44
8410,192,2020-08-30 00:31:06
8411,138,2023-07-27 16:52:00
8412,352,2020-04-18 18:31:55
8413,391,2020-09-26 08:41:03
8414,309,2024-09-19 06:15:11
8415,163,2023-05-06 06:54:01
8416,802,2024-07-21 10:56:34
8417,594,2025-07-03 09:18:56
8418,772,2026-01-27 22:33:35
8419,732,2021-12-01 07:29:21
8420,435,2020-01-22 18:31:11
8421,143,2025-11-18 10:58:34
8422,340,2021-08-02 21:23:35
8423,963,2023-10-15 23:17:22
8424,573,2021-04-06 06:39:49
8425,422,2026-06-17 13:50:01
8426,257,2022-05-29 09:33:55
8427,683,2022-08-21 13:31:34
8428,412,2022-04-24 17:45:31
8429,527,2024-06-11 18:53:40
8430,732,2021-08-18 07:34:01
8431,353,2022-11-23 22:15:26
8432,716,2024-12-03 11:33:19
8433,730,2024-09-20 08:33:27
8434,913,2025-05-18 22:17:06
8435,152,2022-08-03 15:49:05
8436,404,2020-06-07 12:14:06
8437,431,2023-09-25 11:56:10
8438,753,2024-12-16 15:25:02
8439,485,2022-12-01 11:32:19
8440,993,2025-10-01 03:07:47
8441,469,2023-01-08 08:51:05
8442,558,2024-12-04 05:34:07
8443,110,2023-06-30 22:13:44
8444,669,2020-10-07 02:26:34
8445,849,2021-04-29 03:19:24
8446,626,2020-05-07 06:56:24
8447,539,2020-12-31 16:38:10
8448,506,2020-03-31 10:21:21
8449,983,2023-01-09 12:22:58
8450,178,2021-12-19 23:25:32
8451,214,2022-10-07 12:32:48
8452,716,2022-08-06 15:28:05
8453,446,2020-04-21 06:18:56
8454,802,2023-01-21 20:43:20
8455,638,2023-10-16 18:22:43
8456,735,2024-10-02 00:00:14
8457,796,2020-12-19 02:38:26
8458,240,2021-07-17 04:31:49
8459,211,2022-06-22 16:24:51
8460,996,2025-04-15 08:43:08
8461,128,2021-02-09 20:54:46
8462,376,2024-12-27 23:55:51
8463,834,2024-05-18 16:14:34
8464,379,2020-08-14 18:20:53
8465,323,2025-01-21 00:50:37
8466,100,2022-11-25 00:49:45
8467,176,2026-06-07 02:26:43
8468,924,2024-01-17 01:34:07
8469,844,2022-02-13 13:51:44
8470,571,2022-11-29 00:15:17
8471,387,2025-12-01 20:16:35
8472,225,2022-02-12 23:30:52
8473,615,2020-05-18 00:44:26
8474,687,2025-06-17 18:21:45
8475,208,2026-06-18 10:56:45
8476,290,2023-06-02 05:38:22
8477,716,2023-03-13 19:47:24
8478,801,2026-06-17 10:18:08
8479,190,2020-12-12 23:48:44
8480,320,2023-12-19 13:08:30
8481,336,2021-11-21 16:00:00
8482,696,2024-08-26 23:56:56
8483,946,2020-09-30 20:28:13
8484,383,2023-06-07 14:37:42
8485,352,2023-03-11 22:48:20
8486,153,2022-01-24 07:20:43
8487,579,2024-08-03 22:13:35
8488,223,2021-10-26 13:17:58
8489,911,2025-10-07 19:31:45
8490,562,2020-07-08 01:05:28
8491,627,2025-03-20 17:06:08
8492,560,2023-03-08 20:41:21
8493,169,2024-07-17 02:47:47
8494,575,2020-06-16 08:55:49
8495,963,2026-05-08 09:35:18
8496,562,2023-03-27 05:40:45
8497,181,2022-10-01 10:45:22
8498,365,2021-09-05 17:12:40
8499,219,2025-06-02 05:43:34
8500,550,2025-04-16 22:22:55
8501,766,2025-07-07 18:35:07
8502,338,2022-05-02 01:58:08
8503,247,2023-08-27 12:17:40
8504,608,2025-04-18 03:52:05
8505,160,2025-10-21 17:08:56
8506,158,2020-09-22 16:55:29
8507,301,2020-06-02 21:56:33
8508,571,2023-02-11 02:59:46
8509,371,2020-01-09 15:46:36
8510,296,2021-04-20 13:07:04
8511,366,2024-07-01 08:16:24
8512,217,2020-11-30 03:37:54
8513,435,2022-09-14 01:48:36
8514,431,2024-01-27 09:11:46
8515,893,2023-05-21 15:13:46
8516,262,2025-10-15 17:54:41
8517,352,2023-10-10 22:11:15
8518,473,2025-05-31 09:35:43
8519,340,2025-07-22 14:00:03
8520,556,2026-04-14 17:56:07
8521,386,2021-08-25 10:15:11
8522,957,2021-01-23 05:05:48
8523,464,2026-03-22 00:35:10
8524,126,2021-11-10 12:30:36
8525,754,2026-07-26 01:39:26
8526,716,2024-07-20 13:46:01
8527,512,2026-01-25 13:23:58
8528,678,2022-04-12 17:13:53
8529,690,2024-01-18 14:04:26
8530,543,2024-07-06 21:33:08
8531,952,2021-03-20 22:00:53
8532,415,2022-02-12 21:47:30
8533,313,2020-03-27 14:02:51
8534,494,2025-06-19 16:49:03
8535,596,2025-09-28 23:26:58
8536,840,2024-11-15 18:14:10
8537,391,2025-08-04 22:02:36
8538,257,2025-10-09 07:17:32
8539,383,2021-09-25 21:44:44
8540,793,2025-07-07 23:19:34
8541,345,2024-08-03 21:11:39
8542,207,2023-11-24 01:54:30
8543,989,2023-03-19 21:55:17
8544,449,2023-10-25 12:20:28
8545,608,2024-10-15 15:25:23
8546,182,2023-02-05 02:49:38
8547,261,2021-10-18 16:06:28
8548,996,2023-01-16 15:30:36
8549,554,2020-01-15 01:12:19
8550,785,2021-06-26 04:03:11
8551,126,2022-01-05 12:39:14
8552,992,2022-06-06 04:54:47
8553,755,2022-11-13 11:10:59
8554,283,2024-12-20 07:15:00
8555,167,2020-05-15 14:48:49
8556,905,2022-11-22 01:46:24
8557,223,2023-10-04 02:27:32
8558,336,2021-08-23 20:09:17
8559,749,2024-06-25 23:30:23
8560,485,2021-05-27 10:45:35
8561,303,2025-05-29 20:36:37
8562,286,2020-09-10 23:51:22
8563,833,2022-05-09 12:46:59
8564,893,2024-07-29 19:59:13
8565,100,2021-07-11 15:27:14
8566,445,2022-11-22 04:09:34
8567,811,2023-12-24 22:25:10
8568,321,2025-10-29 07:29:08
8569,297,2022-06-16 15:43:11
8570,728,2023-10-12 18:13:06
8571,391,2022-08-12 07:45:30
8572,991,2020-08-05 00:34:44
8573,153,2023-07-02 04:41:13
8574,236,2020-05-19 06:47:28
8575,828,2022-12-30 06:12:14
8576,378,2022-03-16 21:07:40
8577,819,2026-01-10 16:13:34
8578,638,2024-02-12 12:40:49
8579,718,2020-12-03 04:23:41
8580,596,2026-02-20 20:59:00
8581,965,2025-03-18 07:28:06
8582,928,2025-11-15 22:41:40
8583,283,2021-04-10 15:26:36
8584,338,2024-04-28 17:01:57
8585,967,2024-04-30 09:23:54
8586,110,2023-12-31 09:19:46
8587,998,2021-08-13 03:23:31
8588,716,2026-01-18 07:29:39
8589,725,2021-10-06 13:18:01
8590,218,2022-04-24 22:09:40
8591,152,2025-01-18 06:41:38
8592,801,2025-11-09 16:23:39
8593,108,2022-12-13 23:08:33
8594,105,2022-05-24 20:51:36
8595,732,2022-06-24 19:29:39
8596,858,2025-04-03 21:43:33
8597,631,2022-06-10 21:13:05
8598,505,2024-03-04 00:15:10
8599,941,2025-09-19 11:48:37
8600,991,2024-09-18 11:51:23
8601,154,2020-11-26 21:43:46
8602,416,2021-06-07 10:00:25
8603,126,2024-11-14 23:41:33
8604,766,2020-05-30 12:41:29
8605,382,2023-05-04 15:26:30
8606,350,2023-05-04 18:36:43
8607,280,2024-10-21 07:09:35
8608,541,2024-01-07 23:39:05
8609,539,2020-01-04 07:33:21
8610,375,2023-06-25 04:54:30
8611,849,2021-11-22 04:06:20
8612,664,2026-05-07 12:15:58
8613,182,2024-12-14 09:13:36
8614,182,2024-08-25 07:38:38
8615,872,2023-10-11 19:18:00
8616,303,2026-03-28 18:22:20
8617,895,2023-03-17 13:23:27
8618,594,2024-02-16 06:04:30
8619,992,2025-10-04 15:13:02
8620,805,2021-09-04 23:54:05
8621,738,2021-08-22 23:51:29
8622,241,2022-04-15 12:42:24
8623,192,2021-11-18 11:47:24
8624,377,2025-03-04 06:46:45
8625,575,2022-01-31 05:46:13
8626,799,2025-08-30 14:17:36
8627,219,2020-09-24 13:42:25
8628,993,2021-01-28 18:07:02
8629,976,2020-02-12 09:35:33
8630,342,2024-06-11 23:46:01
8631,251,2024-12-16 06:54:47
8632,495,2024-08-20 09:19:59
8633,126,2025-01-06 17:56:36
8634,729,2022-03-20 21:30:32
8635,472,2024-01-27 20:17:05
8636,936,2024-10-30 01:50:52
8637,489,2020-04-05 19:12:31
8638,432,2024-08-26 09:58:49
8639,846,2024-02-07 20:35:06
8640,415,2023-03-15 11:48:31
8641,387,2022-10-08 22:17:26
8642,793,2026-06-11 09:16:58
8643,475,2022-05-24 22:14:34
8644,345,2026-02-27 01:47:49
8645,279,2023-08-26 04:32:36
8646,416,2023-09-20 12:27:22
8647,924,2020-12-25 17:12:28
8648,631,2023-05-25 23:28:28
8649,562,2025-12-05 17:32:15
8650,739,2023-01-25 07:52:16
8651,549,2020-06-26 19:52:25
8652,910,2023-07-30 19:13:32
8653,360,2024-06-06 05:47:20
8654,992,2021-09-05 07:02:32
8655,258,2026-05-26 20:37:53
8656,851,2024-05-16 08:25:51
8657,220,2021-11-08 08:59:14
8658,771,2022-08-09 11:16:33
8659,766,2023-09-13 05:07:11
8660,905,2021-02-22 21:22:24
8661,353,2022-08-21 16:28:04
8662,993,2025-11-04 17:02:13
8663,713,2023-06-25 13:39:18
8664,849,2024-10-15 00:57:19
8665,996,2020-08-28 06:30:25
8666,178,2024-12-12 08:29:27
8667,216,2026-07-15 03:42:47
8668,988,2020-12-01 13:05:11
8669,435,2021-04-19 10:02:48
8670,228,2026-06-11 21:25:44
8671,633,2023-12-09 17:50:26
8672,983,2025-08-21 22:59:44
8673,844,2026-04-25 20:02:02
8674,895,2023-05-24 03:20:33
8675,976,2022-06-26 06:13:23
8676,618,2026-02-05 13:45:45
8677,208,2024-06-30 00:06:52
8678,382,2025-10-12 10:20:47
8679,458,2020-04-16 05:37:21
8680,279,2025-05-27 06:50:33
8681,828,2021-03-09 00:04:11
8682,854,2023-04-20 11:54:29
8683,941,2026-01-28 02:58:23
8684,309,2020-08-12 12:47:58
8685,967,2021-01-06 19:18:38
8686,954,2026-06-27 03:12:58
8687,646,2024-03-10 01:56:22
8688,792,2021-05-09 18:06:42
8689,262,2022-06-30 18:26:34
8690,825,2020-11-29 16:27:50
8691,208,2025-07-10 02:30:00
8692,373,2020-02-16 20:19:39
8693,682,2021-08-27 19:54:13
8694,846,2021-10-29 17:58:45
8695,722,2024-02-06 00:31:58
8696,858,2021-02-19 19:27:05
8697,495,2026-08-17 07:13:52
8698,712,2020-10-31 06:17:36
8699,664,2021-10-30 04:02:36
8700,729,2022-12-22 01:42:03
8701,811,2022-05-23 15:55:43
8702,707,2025-04-13 15:23:33
8703,105,2023-11-29 12:09:45
8704,169,2022-11-10 17:00:24
8705,506,2021-03-11 02:44:58
8706,297,2022-01-12 13:50:47
8707,618,2020-05-14 20:14:58
8708,879,2024-05-09 18:53:23
8709,952,2020-10-27 13:20:31
8710,851,2021-01-17 05:07:07
8711,320,2024-11-02 01:53:41
8712,878,2026-01-29 02:57:07
8713,842,2021-06-23 21:45:41
8714,154,2022-07-31 21:39:54
8715,220,2022-06-26 06:03:11
8716,873,2024-01-02 18:55:47
8717,910,2025-07-21 18:46:58
8718,535,2020-08-31 13:50:09
8719,192,2021-04-16 09:52:42
8720,160,2024-10-29 17:42:44
8721,435,2021-03-07 00:56:37
8722,225,2024-05-03 20:06:36
8723,268,2024-07-15 17:03:18
8724,730,2020-05-06 11:10:05
8725,324,2021-07-31 01:53:13
8726,666,2024-09-25 00:33:07
8727,766,2023-01-27 03:44:56
8728,467,2020-02-24 08:16:47
8729,814,2024-07-25 01:56:34
8730,822,2020-11-04 22:39:31
8731,743,2021-02-22 08:02:51
8732,365,2026-03-10 07:17:27
8733,854,2023-08-26 08:17:36
8734,605,2023-12-14 00:52:25
8735,828,2026-08-16 21:51:54
8736,845,2023-09-23 16:02:26
8737,575,2021-06-23 22:29:16
8738,160,2024-06-19 13:38:35
8739,756,2026-02-15 11:36:41
8740,360,2025-06-18 08:09:38
8741,349,2020-11-16 09:09:42
8742,966,2020-03-06 09:39:22
8743,548,2024-12-19 13:11:20
8744,297,2022-02-19 21:48:40
8745,605,2023-03-24 14:25:48
8746,755,2020-12-16 19:51:22
8747,100,2020-07-02 03:25:54
8748,718,2023-03-16 15:08:33
8749,760,2024-06-29 03:30:18
8750,851,2024-03-17 16:20:37
8751,743,2020-02-28 04:50:43
8752,727,2021-06-14 19:51:28
8753,807,2024-05-08 02:07:48
8754,755,2024-05-03 04:49:46
8755,515,2024-06-22 13:00:49
8756,688,2023-06-17 19:33:08
8757,383,2024-06-26 17:38:58
8758,386,2024-08-18 15:41:02
8759,290,2024-06-09 11:24:10
8760,340,2025-07-31 23:31:52
8761,708,2023-04-24 01:10:04
8762,572,2024-01-30 15:08:13
8763,890,2021-08-27 10:09:17
8764,912,2022-04-11 10:09:21
8765,575,2024-05-17 01:00:33
8766,939,2025-11-10 19:19:38
8767,755,2020-09-13 14:11:06
8768,581,2020-08-19 10:49:09
8769,313,2024-01-14 23:57:14
8770,713,2022-03-26 02:12:46
8771,579,2025-10-10 08:23:58
8772,730,2020-03-09 10:39:53
8773,383,2022-07-30 09:42:09
8774,683,2021-09-04 04:46:45
8775,217,2021-05-21 00:38:05
8776,892,2021-08-24 18:17:58
8777,178,2022-07-15 23:06:50
8778,262,2023-02-09 22:41:51
8779,539,2023-02-25 00:51:57
8780,659,2025-06-11 16:14:16
8781,505,2022-03-17 21:53:40
8782,749,2025-05-27 18:48:34
8783,870,2023-05-29 01:48:09
8784,432,2021-04-15 13:59:33
8785,512,2022-07-23 02:13:31
8786,335,2026-05-06 21:57:47
8787,957,2020-11-26 16:06:41
8788,415,2020-06-23 21:36:24
8789,870,2023-06-26 05:26:22
8790,615,2025-10-28 19:48:51
8791,793,2022-06-08 21:21:23
8792,435,2025-04-23 14:18:49
8793,811,2023-11-21 04:26:13
8794,893,2023-05-15 16:33:34
8795,189,2022-03-11 23:48:31
8796,152,2021-09-02 10:19:18
8797,251,2022-01-30 04:40:20
8798,710,2023-09-01 03:04:57
8799,749,2025-11-26 21:35:48
8800,728,2026-03-17 00:21:02
8801,663,2022-10-28 10:23:14
8802,320,2025-11-29 05:32:30
8803,282,2020-01-30 08:28:25
8804,875,2024-11-17 12:58:24
8805,846,2020-06-30 17:08:34
8806,794,2025-07-21 09:20:45
8807,772,2025-08-12 14:05:46
8808,716,2021-06-13 01:40:30
8809,633,2022-04-30 02:43:53
8810,799,2022-05-31 22:58:24
8811,105,2024-01-14 19:12:06
8812,283,2021-07-12 12:08:06
8813,377,2020-05-21 15:53:18
8814,217,2020-12-02 08:50:16
8815,756,2020-01-16 20:52:07
8816,415,2024-05-06 02:17:59
8817,720,2023-12-27 04:37:50
8818,921,2024-04-13 09:22:45
8819,192,2023-07-01 08:59:13
8820,219,2020-10-10 19:50:39
8821,860,2025-05-15 03:51:07
8822,560,2024-01-24 07:14:52
8823,683,2023-02-07 18:59:28
8824,683,2024-11-05 19:29:01
8825,350,2020-04-13 01:47:13
8826,666,2023-05-24 07:18:19
8827,435,2025-07-25 11:47:45
8828,631,2023-12-28 17:45:26
8829,819,2020-10-08 23:33:33
8830,550,2021-01-13 15:32:25
8831,805,2021-06-19 03:23:36
8832,183,2021-09-20 15:38:16
8833,445,2025-02-12 13:58:14
8834,982,2021-06-06 15:57:18
8835,541,2020-07-03 06:13:07
8836,718,2021-11-16 05:14:55
8837,976,2023-08-09 08:35:02
8838,436,2024-12-03 00:18:28
8839,724,2021-04-26 09:46:56
8840,913,2025-11-21 06:51:25
8841,105,2025-03-12 09:29:30
8842,333,2025-07-26 08:00:29
8843,668,2022-06-24 12:24:26
8844,258,2023-12-17 12:00:00
8845,851,2025-01-14 12:45:08
8846,718,2026-03-01 04:07:55
8847,718,2022-01-11 21:41:34
8848,844,2021-05-10 18:53:59
8849,478,2025-08-24 13:55:34
8850,683,2025-05-23 17:50:16
8851,268,2024-12-08 04:27:16
8852,846,2022-06-01 19:13:12
8853,860,2020-02-15 09:46:49
8854,174,2026-07-29 13:36:10
8855,242,2020-05-30 12:25:42
8856,376,2024-06-14 01:56:17
8857,542,2023-12-14 07:06:11
8858,710,2022-10-30 20:58:16
8859,724,2023-10-24 16:51:46
8860,175,2026-06-26 17:05:07
8861,376,2025-11-03 21:19:55
8862,989,2024-11-08 11:06:09
8863,718,2022-12-06 05:07:01
8864,729,2024-05-11 23:15:29
8865,467,2020-12-27 15:48:45
8866,668,2023-06-11 17:45:46
8867,222,2022-07-12 12:16:40
8868,256,2025-12-06 03:05:44
8869,735,2023-10-16 18:22:59
8870,581,2026-03-12 20:45:23
8871,862,2022-11-22 05:04:39
8872,748,2025-08-08 18:48:12
8873,795,2021-03-03 06:48:54
8874,207,2022-03-03 22:25:21
8875,193,2025-07-26 05:31:25
8876,192,2024-10-17 16:31:30
8877,596,2024-02-08 18:13:23
8878,895,2026-04-08 13:04:13
8879,975,2023-06-18 02:31:16
8880,906,2020-10-25 18:22:14
8881,365,2026-03-24 00:35:41
8882,542,2023-05-04 05:27:50
8883,765,2021-06-17 06:12:38
8884,186,2020-02-23 21:51:31
8885,297,2024-07-21 03:23:55
8886,153,2020-05-15 03:04:05
8887,382,2021-03-11 10:19:33
8888,718,2020-01-01 09:18:11
8889,615,2022-03-25 13:16:31
8890,966,2021-10-02 02:16:37
8891,176,2020-02-22 02:00:55
8892,830,2025-11-18 12:06:51
8893,191,2024-04-23 08:52:29
8894,225,2020-03-16 09:53:40
8895,802,2026-05-26 02:21:57
8896,235,2022-07-07 16:42:59
8897,286,2024-04-11 14:39:36
8898,849,2025-03-06 21:14:24
8899,424,2022-01-13 01:37:43
8900,152,2021-04-29 01:51:11
8901,293,2022-03-04 14:11:27
8902,958,2022-07-05 21:11:03
8903,653,2025-09-15 12:36:36
8904,825,2021-10-10 08:58:23
8905,313,2025-04-04 03:42:54
8906,455,2024-01-31 11:58:43
8907,739,2022-03-11 05:49:56
8908,921,2025-03-27 00:07:07
8909,420,2023-10-06 09:43:39
8910,432,2025-03-25 21:31:13
8911,819,2022-01-19 23:53:54
8912,730,2020-01-19 18:27:32
8913,160,2024-07-22 16:35:44
8914,373,2026-03-04 13:48:04
8915,583,2025-11-15 10:43:38
8916,875,2022-04-01 11:32:24
8917,718,2025-05-15 18:18:53
8918,478,2022-03-07 13:17:17
8919,892,2025-07-25 01:10:24
8920,303,2021-09-07 15:25:53
8921,475,2024-10-03 11:38:25
8922,920,2022-12-16 23:21:33
8923,739,2024-05-05 12:39:16
8924,905,2026-07-17 20:16:28
8925,513,2020-11-16 11:22:53
8926,729,2022-09-04 08:54:28
8927,743,2022-11-01 10:41:02
8928,665,2021-06-15 08:01:49
8929,653,2022-09-15 14:31:10
8930,435,2020-01-23 17:46:17
8931,323,2025-11-17 19:25:20
8932,605,2022-07-18 20:39:16
8933,785,2020-04-20 07:28:51
8934,387,2023-12-02 08:35:55
8935,952,2020-05-13 15:33:00
8936,826,2022-07-29 17:13:12
8937,158,2025-12-25 11:59:25
8938,314,2022-02-11 05:46:38
8939,296,2022-10-11 13:38:24
8940,907,2025-11-19 01:44:58
8941,175,2020-04-29 15:14:29
8942,988,2020-08-14 08:05:22
8943,458,2024-05-01 06:11:51
8944,110,2022-11-20 00:20:06
8945,985,2021-08-01 13:23:33
8946,794,2025-12-23 14:40:37
8947,896,2022-04-23 06:57:18
8948,873,2024-06-04 14:17:41
8949,214,2022-12-27 22:50:57
8950,152,2024-11-03 23:02:15
8951,445,2021-07-13 15:12:52
8952,223,2026-05-25 19:30:16
8953,696,2023-10-06 19:09:50
8954,805,2026-06-15 09:52:52
8955,844,2020-08-06 02:01:11
8956,729,2025-06-26 13:02:30
8957,588,2025-12-24 03:43:55
8958,566,2023-09-05 03:25:19
8959,162,2022-12-10 18:56:29
8960,320,2026-05-06 20:30:12
8961,162,2022-03-15 07:55:53
8962,225,2024-10-15 02:16:16
8963,163,2023-08-09 14:55:41
8964,283,2023-01-09 22:30:33
8965,183,2022-05-11 10:01:51
8966,858,2023-11-09 21:48:49
8967,624,2022-01-21 13:02:11
8968,293,2025-03-29 00:46:25
8969,258,2025-12-02 15:21:27
8970,713,2025-04-10 01:30:05
8971,167,2026-01-28 21:07:10
8972,435,2022-01-16 07:56:46
8973,506,2021-01-23 06:36:07
8974,844,2022-02-07 15:29:16
8975,653,2026-08-06 16:19:43
8976,102,2022-04-28 07:31:26
8977,191,2025-08-12 14:00:21
8978,626,2025-08-30 00:31:37
8979,324,2020-07-02 20:51:48
8980,766,2024-01-28 03:56:01
8981,905,2024-10-16 08:02:31
8982,391,2025-02-06 16:13:48
8983,659,2023-05-19 14:33:46
8984,965,2025-09-29 06:51:00
8985,223,2022-11-07 16:53:49
8986,554,2025-03-09 06:27:59
8987,726,2023-09-07 21:18:44
8988,323,2020-01-30 09:56:16
8989,313,2021-06-13 15:11:32
8990,992,2020-02-10 06:07:55
8991,424,2026-03-19 16:15:50
8992,242,2024-05-16 08:15:47
8993,682,2020-12-04 13:31:47
8994,162,2023-08-26 23:39:32
8995,788,2022-12-29 08:17:56
8996,340,2026-03-06 17:42:36
8997,925,2023-07-16 23:37:13
8998,286,2022-03-29 05:40:02
8999,192,2024-03-02 13:00:54
9000,840,2023-11-02 04:27:39
9001,383,2020-08-09 03:47:23
9002,282,2022-04-26 20:02:57
9003,404,2024-07-05 12:12:14
9004,249,2021-11-07 07:22:54
9005,257,2024-06-24 11:16:00
9006,494,2020-04-30 14:38:41
9007,928,2021-04-25 11:17:51
9008,820,2020-09-03 05:43:29
9009,834,2021-10-31 00:07:09
9010,726,2024-01-03 06:05:35
9011,952,2023-08-29 00:01:18
9012,844,2022-04-01 02:42:34
9013,712,2020-06-08 22:54:24
9014,456,2025-10-19 04:51:58
9015,925,2023-05-17 16:55:07
9016,352,2020-05-13 18:15:58
9017,718,2020-08-17 11:19:33
9018,861,2025-01-10 06:58:33
9019,730,2024-12-21 15:38:28
9020,541,2022-04-17 18:51:33
9021,241,2021-09-07 08:53:45
9022,429,2023-09-03 07:33:53
9023,795,2024-03-14 02:34:10
9024,870,2021-08-18 21:12:48
9025,982,2021-07-19 13:59:17
9026,816,2021-06-22 18:22:55
9027,934,2021-02-07 16:21:11
9028,125,2024-01-24 11:41:29
9029,334,2024-09-11 16:50:33
9030,208,2020-11-20 10:57:21
9031,183,2020-06-17 07:03:59
9032,822,2021-05-22 18:27:46
9033,119,2023-09-06 09:16:47
9034,344,2025-01-31 12:06:43
9035,802,2023-10-18 00:52:45
9036,268,2023-04-19 16:35:18
9037,153,2021-04-16 22:54:20
9038,913,2020-05-04 16:36:08
9039,287,2022-11-11 09:26:45
9040,691,2020-06-17 07:58:21
9041,286,2024-12-22 13:38:59
9042,174,2023-11-20 11:38:44
9043,802,2022-05-11 11:55:21
9044,910,2025-09-23 02:54:03
9045,550,2021-07-03 21:09:28
9046,825,2023-09-12 09:28:49
9047,689,2025-01-25 20:31:59
9048,475,2023-01-17 11:36:55
9049,249,2024-02-24 09:56:45
9050,579,2021-05-31 06:32:28
9051,512,2023-03-27 23:37:51
9052,449,2022-10-14 15:38:30
9053,489,2020-06-06 00:31:03
9054,983,2023-03-13 10:57:23
9055,435,2023-03-10 17:53:19
9056,101,2024-08-31 14:57:16
9057,860,2021-03-08 13:27:08
9058,219,2026-04-27 10:50:26
9059,338,2025-06-24 03:09:21
9060,653,2026-07-28 07:21:57
9061,416,2021-11-22 14:27:28
9062,775,2020-03-26 12:19:07
9063,352,2021-09-26 04:31:09
9064,323,2025-05-31 12:23:12
9065,534,2020-09-14 09:52:23
9066,682,2021-04-08 22:40:12
9067,175,2021-02-26 15:58:59
9068,282,2020-07-21 01:21:18
9069,301,2024-02-02 10:35:15
9070,571,2023-04-01 11:22:39
9071,257,2023-10-09 11:59:27
9072,423,2022-02-06 03:27:35
9073,934,2022-05-29 06:23:50
9074,214,2025-06-04 22:55:48
9075,247,2024-08-25 16:03:35
9076,799,2023-12-29 00:19:51
9077,138,2026-07-05 02:01:32
9078,956,2020-07-27 09:12:05
9079,875,2020-12-29 11:58:21
9080,420,2025-04-15 17:20:49
9081,282,2021-01-17 20:45:37
9082,608,2026-07-16 07:14:25
9083,105,2024-04-20 01:49:39
9084,560,2022-09-20 02:42:43
9085,803,2020-05-27 16:36:56
9086,162,2025-09-04 17:22:41
9087,323,2020-04-10 02:02:23
9088,283,2026-03-10 06:38:05
9089,350,2021-03-18 11:53:13
9090,687,2020-06-28 05:25:18
9091,710,2020-05-15 19:45:12
9092,334,2022-08-30 22:13:36
9093,896,2022-09-22 15:37:02
9094,375,2020-01-10 21:42:56
9095,992,2026-02-03 17:40:28
9096,162,2021-11-25 20:04:35
9097,280,2022-05-15 16:19:18
9098,970,2025-01-16 16:06:48
9099,713,2024-08-15 14:27:25
9100,663,2023-01-23 04:47:00
9101,542,2022-08-10 09:32:44
9102,350,2022-01-30 09:11:47
9103,893,2024-07-15 13:18:30
9104,596,2021-09-01 23:52:26
9105,543,2023-01-30 00:16:29
9106,517,2026-04-07 06:49:43
9107,352,2021-11-12 15:38:52
9108,793,2024-07-22 07:28:38
9109,223,2023-09-02 16:05:43
9110,462,2026-03-01 15:28:52
9111,419,2023-05-23 08:39:36
9112,938,2023-06-28 12:33:28
9113,242,2020-12-27 09:59:16
9114,711,2022-06-08 18:39:45
9115,957,2022-10-18 02:51:20
9116,713,2024-11-25 12:19:41
9117,189,2022-03-13 19:17:00
9118,952,2021-09-17 20:24:50
9119,820,2026-07-17 00:54:35
9120,222,2026-05-04 12:17:49
9121,934,2026-08-10 12:24:26
9122,842,2025-10-28 02:57:07
9123,208,2026-01-11 05:53:08
9124,193,2021-08-20 07:42:49
9125,464,2021-07-12 08:24:35
9126,765,2021-07-16 05:57:03
9127,891,2025-03-30 06:14:31
9128,110,2026-04-04 08:03:24
9129,395,2020-09-20 06:32:26
9130,765,2023-05-17 22:56:33
9131,257,2023-08-31 15:32:15
9132,965,2022-12-23 10:20:37
9133,159,2023-08-26 21:49:28
9134,242,2024-06-23 20:52:42
9135,626,2024-03-03 14:32:24
9136,412,2020-01-09 01:56:22
9137,792,2020-10-01 23:08:58
9138,177,2025-05-15 20:27:16
9139,800,2022-11-12 19:16:13
9140,718,2024-08-23 07:10:29
9141,391,2024-02-14 13:06:16
9142,628,2024-11-14 11:12:56
9143,236,2022-11-03 05:02:03
9144,371,2021-09-10 02:43:32
9145,342,2024-12-19 08:29:45
9146,394,2024-02-19 04:03:15
9147,873,2020-12-05 20:36:05
9148,690,2025-12-01 11:42:42
9149,225,2023-10-25 13:23:40
9150,394,2022-08-22 07:20:56
9151,816,2026-02-19 10:03:34
9152,890,2022-12-13 06:58:11
9153,975,2022-01-31 22:36:32
9154,921,2025-05-02 13:26:45
9155,108,2022-02-01 15:42:37
9156,462,2020-07-14 08:08:13
9157,108,2026-02-22 03:00:25
9158,360,2025-09-01 19:04:47
9159,152,2025-07-04 01:02:23
9160,870,2021-06-03 19:05:33
9161,446,2023-12-02 14:57:53
9162,287,2023-04-25 18:53:49
9163,765,2024-01-22 19:38:01
9164,785,2021-06-27 15:01:45
9165,249,2023-12-10 19:39:27
9166,941,2021-04-08 09:13:20
9167,281,2025-08-25 06:02:19
9168,952,2020-01-26 20:30:30
9169,911,2024-02-09 03:14:02
9170,801,2020-11-10 00:38:48
9171,495,2021-07-27 03:25:35
9172,996,2025-02-09 09:21:51
9173,371,2022-04-03 14:07:18
9174,617,2022-09-06 04:02:18
9175,494,2020-12-04 19:08:28
9176,645,2022-10-16 02:11:26
9177,250,2024-08-11 11:25:54
9178,871,2021-12-19 07:12:25
9179,890,2024-08-22 11:21:32
9180,225,2024-09-10 04:16:29
9181,873,2023-09-20 10:09:26
9182,608,2021-07-22 01:43:15
9183,766,2025-04-21 23:03:09
9184,548,2023-07-10 03:00:00
9185,539,2023-12-30 23:54:53
9186,626,2024-11-23 17:31:02
9187,214,2026-06-29 00:20:29
9188,934,2020-11-07 02:11:05
9189,325,2025-11-10 02:54:24
9190,548,2022-04-09 05:15:23
9191,802,2022-02-07 18:51:14
9192,293,2022-08-05 00:40:55
9193,558,2023-01-21 16:18:46
9194,541,2023-08-02 02:55:55
9195,569,2023-09-17 15:52:03
9196,297,2024-12-16 18:18:12
9197,804,2021-03-19 22:33:14
9198,353,2021-08-28 08:11:25
9199,560,2022-12-21 13:47:33
9200,223,2023-10-01 20:59:43
9201,713,2021-03-28 18:01:09
9202,622,2020-05-21 09:04:54
9203,365,2020-09-22 10:45:19
9204,542,2025-08-28 01:49:20
9205,954,2020-07-23 19:14:12
9206,799,2024-05-21 11:46:15
9207,382,2024-09-02 06:48:15
9208,796,2023-07-17 15:45:49
9209,379,2023-05-24 06:29:44
9210,125,2020-08-04 00:36:52
9211,515,2023-02-28 03:25:49
9212,775,2022-08-13 14:59:28
9213,353,2021-08-23 03:50:29
9214,828,2023-01-09 14:03:07
9215,905,2022-01-23 10:45:44
9216,951,2021-11-25 17:57:43
9217,190,2022-07-06 06:58:58
9218,729,2026-05-04 23:30:05
9219,169,2026-01-17 11:24:33
9220,756,2025-02-02 12:38:28
9221,826,2020-05-30 11:38:06
9222,475,2022-08-27 22:49:36
9223,575,2020-05-05 22:04:03
9224,334,2023-11-22 23:23:57
9225,991,2026-08-12 02:49:24
9226,186,2026-02-23 06:15:45
9227,580,2020-10-28 15:37:13
9228,539,2024-03-19 09:41:31
9229,153,2025-10-27 19:45:52
9230,872,2023-05-13 01:24:22
9231,225,2023-04-27 11:52:09
9232,845,2023-09-30 18:12:59
9233,833,2024-02-18 14:01:42
9234,473,2024-04-14 11:00:36
9235,190,2024-05-24 05:55:00
9236,556,2026-01-12 20:20:27
9237,512,2022-01-16 14:07:37
9238,208,2021-10-17 13:01:48
9239,844,2024-04-17 23:52:04
9240,485,2026-04-17 13:32:55
9241,824,2020-03-22 23:07:01
9242,186,2022-06-21 13:53:00
9243,996,2020-10-05 18:17:54
9244,690,2020-01-15 17:04:41
9245,305,2020-07-19 01:55:12
9246,535,2025-08-08 22:25:42
9247,938,2025-11-30 00:22:59
9248,150,2025-11-15 14:29:52
9249,765,2025-07-23 01:05:17
9250,136,2026-08-08 14:08:44
9251,159,2025-09-05 04:56:06
9252,795,2026-04-25 10:27:41
9253,287,2024-07-01 09:27:01
9254,257,2025-07-03 14:12:40
9255,978,2024-01-22 12:44:51
9256,854,2021-04-04 18:52:10
9257,211,2020-05-31 11:55:52
9258,925,2021-05-07 06:23:25
9259,575,2026-05-19 23:42:29
9260,989,2023-03-02 23:33:50
9261,136,2021-12-16 11:02:03
9262,389,2024-01-01 03:27:29
9263,251,2022-12-24 23:33:26
9264,800,2025-04-20 06:23:34
9265,296,2026-03-06 04:46:07
9266,921,2025-07-27 08:32:28
9267,811,2023-03-01 15:28:38
9268,575,2024-03-11 19:59:39
9269,842,2023-09-26 20:35:19
9270,163,2026-01-08 07:23:24
9271,176,2026-06-28 18:30:48
9272,290,2021-12-27 11:09:49
9273,391,2020-11-24 19:12:03
9274,772,2024-04-05 08:27:40
9275,193,2021-05-19 04:24:51
9276,765,2021-04-03 18:05:36
9277,803,2026-07-25 18:12:13
9278,558,2022-09-05 21:02:13
9279,729,2020-11-08 07:48:35
9280,523,2026-03-30 06:02:20
9281,624,2024-05-30 16:08:32
9282,989,2025-05-09 11:14:15
9283,429,2023-09-19 05:27:44
9284,346,2020-08-06 04:38:43
9285,175,2026-02-26 15:16:30
9286,435,2021-05-22 03:11:35
9287,961,2024-07-09 18:54:42
9288,739,2022-03-17 09:47:23
9289,485,2025-01-25 07:36:10
9290,802,2021-06-06 04:37:14
9291,505,2024-12-09 20:29:32
9292,342,2023-10-06 00:50:15
9293,954,2023-02-08 21:46:51
9294,150,2024-12-04 11:53:48
9295,240,2020-08-15 10:20:30
9296,462,2025-07-20 23:30:49
9297,150,2026-04-23 02:29:19
9298,108,2020-10-30 04:42:19
9299,478,2023-05-21 20:20:13
9300,554,2022-10-11 16:59:44
9301,618,2020-10-08 22:21:31
9302,664,2020-05-09 18:09:57
9303,718,2025-02-24 05:03:39
9304,225,2025-10-12 01:46:50
9305,310,2024-04-07 18:44:54
9306,826,2025-01-20 20:22:26
9307,728,2022-11-16 06:12:36
9308,394,2024-07-24 17:24:56
9309,575,2025-03-01 00:51:33
9310,373,2023-07-15 10:01:25
9311,862,2023-01-20 07:49:59
9312,575,2023-01-21 08:51:06
9313,879,2020-10-03 00:19:09
9314,859,2025-06-16 23:37:30
9315,190,2022-03-01 11:17:53
9316,153,2021-09-07 03:58:00
9317,758,2025-11-18 02:32:34
9318,605,2024-08-29 19:57:39
9319,624,2021-04-10 06:09:48
9320,995,2026-07-29 07:23:28
9321,754,2023-08-07 06:33:19
9322,814,2025-08-21 20:04:06
9323,183,2023-08-23 22:31:02
9324,419,2022-02-11 09:29:23
9325,177,2020-08-05 20:05:55
9326,689,2024-08-14 09:53:59
9327,605,2021-10-22 12:11:19
9328,975,2023-10-01 10:18:26
9329,218,2020-01-14 05:07:53
9330,776,2023-10-31 22:16:50
9331,755,2021-11-25 04:42:15
9332,101,2023-03-11 00:31:53
9333,258,2020-12-07 14:15:42
9334,557,2022-07-27 08:24:24
9335,391,2020-09-11 19:59:21
9336,975,2022-11-27 15:43:03
9337,622,2020-07-26 13:03:50
9338,666,2022-10-20 18:33:54
9339,618,2020-07-29 14:36:49
9340,730,2021-03-19 12:12:21
9341,608,2020-11-01 08:40:48
9342,913,2020-12-15 23:11:00
9343,391,2021-11-29 05:18:40
9344,758,2025-06-20 10:25:04
9345,711,2025-10-08 01:57:38
9346,792,2024-11-21 08:42:53
9347,668,2025-12-05 23:58:21
9348,383,2021-05-14 06:13:43
9349,527,2024-11-15 12:23:46
9350,588,2020-02-20 04:33:21
9351,241,2020-10-02 10:57:27
9352,772,2023-08-01 17:07:28
9353,517,2021-02-09 21:23:46
9354,875,2026-02-25 05:36:03
9355,225,2023-09-10 05:47:51
9356,907,2021-12-31 05:05:52
9357,153,2021-04-20 20:43:06
9358,580,2023-03-05 05:36:37
9359,858,2023-01-12 16:07:18
9360,511,2023-03-10 00:48:05
9361,163,2025-10-03 11:44:45
9362,489,2026-06-22 18:12:37
9363,296,2023-03-11 05:26:20
9364,495,2020-01-24 03:53:10
9365,799,2020-05-05 03:28:19
9366,539,2020-06-24 04:03:39
9367,925,2025-09-03 20:19:44
9368,543,2024-11-20 19:32:32
9369,301,2025-11-02 12:25:23
9370,383,2023-05-02 17:04:44
9371,631,2021-08-24 14:11:51
9372,435,2021-05-25 07:42:24
9373,431,2023-09-01 19:06:58
9374,956,2023-07-02 08:44:40
9375,193,2021-05-21 10:12:50
9376,211,2021-04-10 17:41:01
9377,181,2021-01-24 03:12:03
9378,957,2023-07-12 04:13:06
9379,730,2024-07-07 17:49:10
9380,378,2022-08-23 09:11:34
9381,236,2020-02-20 23:08:09
9382,988,2022-10-28 12:11:25
9383,523,2020-11-30 20:15:49
9384,961,2020-02-11 04:20:15
9385,371,2022-11-02 05:15:34
9386,250,2024-12-11 01:52:28
9387,875,2024-04-25 00:19:49
9388,608,2022-03-21 20:40:59
9389,208,2026-08-13 17:31:40
9390,110,2024-10-13 22:25:58
9391,556,2023-05-23 01:34:44
9392,605,2025-08-06 15:55:08
9393,539,2020-06-11 14:41:21
9394,912,2023-04-11 22:03:01
9395,107,2022-06-14 22:02:56
9396,666,2024-02-26 02:01:44
9397,851,2025-07-12 04:18:51
9398,192,2021-07-17 11:17:11
9399,896,2023-11-19 09:56:04
9400,126,2025-12-18 18:42:13
9401,928,2021-12-29 15:54:27
9402,455,2022-08-16 18:35:20
9403,514,2022-01-28 07:35:42
9404,102,2026-03-08 05:50:59
9405,261,2026-06-19 06:58:24
9406,517,2022-02-24 21:40:10
9407,469,2025-02-24 17:41:27
9408,957,2020-03-28 15:56:47
9409,924,2020-06-11 08:11:41
9410,605,2022-08-09 11:57:58
9411,608,2022-08-04 02:33:39
9412,976,2024-02-13 18:15:04
9413,799,2020-11-26 23:27:43
9414,575,2022-02-05 21:05:41
9415,688,2023-07-29 07:19:45
9416,305,2020-08-21 11:00:52
9417,556,2020-01-14 15:30:23
9418,796,2026-04-06 17:58:49
9419,281,2023-05-03 18:18:42
9420,193,2024-06-24 06:50:22
9421,608,2024-03-27 16:26:45
9422,807,2024-08-25 04:49:04
9423,228,2026-02-17 00:51:20
9424,858,2026-06-28 11:04:39
9425,154,2022-11-19 17:17:47
9426,730,2023-02-12 23:10:10
9427,100,2024-02-27 18:21:21
9428,394,2022-03-14 06:45:02
9429,138,2023-09-03 19:04:22
9430,564,2021-01-29 18:26:13
9431,338,2023-12-22 03:58:47
9432,225,2021-02-11 00:38:26
9433,473,2023-06-18 10:06:43
9434,794,2024-10-22 07:25:48
9435,472,2020-02-10 10:46:01
9436,236,2020-09-22 15:15:31
9437,892,2021-08-06 04:15:16
9438,608,2024-09-15 22:31:53
9439,170,2025-03-24 01:45:12
9440,892,2021-12-07 06:40:52
9441,794,2021-04-03 04:33:05
9442,345,2020-09-15 16:52:39
9443,967,2026-05-24 07:22:55
9444,543,2024-12-20 23:43:54
9445,615,2023-08-04 04:52:07
9446,784,2021-10-22 14:47:20
9447,682,2026-07-09 13:15:48
9448,854,2025-08-01 06:04:05
9449,958,2022-04-23 07:06:57
9450,738,2025-12-31 16:25:10
9451,952,2022-09-13 01:52:27
9452,911,2023-10-01 18:56:16
9453,851,2020-04-17 00:15:52
9454,436,2025-12-21 03:32:51
9455,668,2022-09-24 22:26:19
9456,276,2024-03-04 22:05:43
9457,732,2020-07-01 04:04:32
9458,495,2023-06-01 02:45:16
9459,286,2026-02-06 02:28:02
9460,608,2025-10-21 08:27:04
9461,250,2026-03-03 15:34:28
9462,624,2022-02-23 05:48:04
9463,645,2026-05-15 19:36:30
9464,631,2020-02-14 06:42:08
9465,628,2020-03-25 08:12:41
9466,548,2025-07-22 08:13:46
9467,108,2023-06-10 09:08:06
9468,871,2024-08-11 11:04:55
9469,985,2020-03-26 09:53:25
9470,458,2020-09-25 00:40:18
9471,511,2022-03-27 03:15:21
9472,349,2023-09-29 23:29:36
9473,907,2021-06-29 01:46:30
9474,293,2021-08-24 21:43:08
9475,323,2022-08-08 19:22:27
9476,126,2025-03-16 04:42:05
9477,921,2024-03-27 02:45:33
9478,802,2026-04-09 18:35:31
9479,435,2026-03-18 14:31:27
9480,320,2024-11-28 11:55:04
9481,445,2025-08-10 15:29:42
9482,618,2021-06-11 06:38:34
9483,668,2025-12-23 18:14:39
9484,608,2021-10-20 01:17:32
9485,320,2022-07-09 01:17:23
9486,157,2026-08-01 08:20:21
9487,845,2025-08-15 13:59:32
9488,920,2020-12-12 20:47:50
9489,608,2022-07-03 08:07:34
9490,105,2020-05-05 15:37:42
9491,378,2023-06-30 23:43:02
9492,748,2021-03-14 11:56:31
9493,534,2023-07-30 16:21:39
9494,732,2026-05-18 03:49:34
9495,282,2023-08-25 07:42:25
9496,678,2021-07-28 01:23:57
9497,596,2023-06-06 19:12:49
9498,992,2026-07-18 05:28:05
9499,395,2026-04-27 10:16:01
9500,952,2024-08-08 07:33:20
9501,995,2024-09-18 14:00:08
9502,805,2025-04-01 20:04:49
9503,549,2022-03-18 14:35:42
9504,596,2022-01-31 01:43:57
9505,154,2024-01-10 21:41:22
9506,678,2023-10-10 07:43:20
9507,446,2023-03-02 01:28:48
9508,222,2025-10-15 22:37:43
9509,730,2025-02-10 14:44:32
9510,951,2025-11-22 17:51:37
9511,963,2021-11-05 20:45:57
9512,158,2021-07-08 03:48:59
9513,353,2020-06-07 14:49:08
9514,323,2020-02-07 08:01:49
9515,713,2023-06-25 15:48:04
9516,290,2021-12-12 09:25:06
9517,990,2024-12-21 11:42:31
9518,659,2020-03-04 08:06:56
9519,225,2023-06-26 17:27:26
9520,936,2020-12-01 16:26:16
9521,256,2023-01-24 04:27:08
9522,655,2023-04-12 09:52:31
9523,879,2022-11-25 18:35:26
9524,556,2020-12-02 03:51:01
9525,579,2025-08-18 14:29:49
9526,415,2022-08-03 07:10:20
9527,615,2020-07-11 22:18:42
9528,564,2022-07-07 00:29:15
9529,608,2023-06-15 12:42:27
9530,321,2025-12-11 18:39:55
9531,936,2022-11-16 19:51:51
9532,323,2020-09-02 06:40:49
9533,992,2022-12-04 07:32:06
9534,588,2025-03-15 14:39:38
9535,605,2025-08-10 18:36:09
9536,190,2024-07-12 18:10:18
9537,305,2020-04-01 09:54:33
9538,485,2021-03-07 21:12:03
9539,350,2025-09-26 13:49:18
9540,494,2021-07-10 07:05:52
9541,629,2024-01-03 22:24:52
9542,283,2021-01-31 16:50:07
9543,243,2025-03-14 11:38:05
9544,572,2025-04-28 01:01:15
9545,383,2022-09-18 14:17:12
9546,158,2021-09-25 11:56:24
9547,534,2025-04-05 09:01:52
9548,820,2023-09-16 06:24:08
9549,573,2021-01-09 20:42:09
9550,724,2021-05-20 02:52:21
9551,178,2021-03-23 20:04:07
9552,928,2020-04-20 20:08:01
9553,669,2020-02-17 15:06:15
9554,913,2024-07-04 20:37:13
9555,805,2020-05-15 11:55:08
9556,435,2020-11-04 21:19:16
9557,218,2024-10-02 14:41:15
9558,615,2024-02-06 06:35:16
9559,725,2021-07-11 10:49:27
9560,296,2021-05-21 13:06:43
9561,633,2026-05-27 22:39:19
9562,383,2021-08-03 13:50:44
9563,668,2025-12-27 08:54:52
9564,429,2023-07-12 06:28:48
9565,365,2023-07-21 17:09:25
9566,107,2021-06-05 23:41:39
9567,379,2020-09-02 17:06:17
9568,860,2026-07-05 21:19:02
9569,457,2022-02-23 04:12:22
9570,105,2024-02-26 18:14:52
9571,809,2025-09-24 01:44:13
9572,682,2023-09-27 20:10:32
9573,162,2020-05-03 10:01:59
9574,534,2025-07-23 10:02:55
9575,473,2025-09-13 02:37:43
9576,988,2025-01-21 06:23:16
9577,895,2023-04-22 04:22:11
9578,638,2025-04-22 15:31:30
9579,468,2023-03-14 08:36:24
9580,629,2026-08-02 07:02:19
9581,214,2023-03-02 01:03:27
9582,313,2024-05-02 18:34:55
9583,261,2021-07-09 12:19:34
9584,793,2021-05-30 23:42:29
9585,653,2024-02-04 06:31:29
9586,928,2022-07-22 17:22:57
9587,580,2023-04-03 20:51:24
9588,249,2026-07-15 03:08:07
9589,225,2022-11-07 00:29:10
9590,258,2024-01-16 08:51:22
9591,911,2022-03-22 19:27:02
9592,350,2024-11-13 01:36:53
9593,609,2022-06-30 04:53:40
9594,138,2022-11-01 14:01:28
9595,854,2021-08-10 12:08:23
9596,725,2021-03-02 22:30:18
9597,710,2021-05-24 21:25:49
9598,992,2022-06-10 04:23:03
9599,464,2022-08-04 23:43:44
9600,469,2026-07-22 09:15:43
9601,345,2025-09-13 16:16:17
9602,222,2021-09-25 14:35:36
9603,730,2021-09-28 21:59:15
9604,214,2021-01-06 15:37:58
9605,629,2026-05-23 13:46:16
9606,792,2023-06-08 19:44:47
9607,297,2023-12-22 22:39:22
9608,924,2025-02-12 23:32:56
9609,157,2021-12-10 14:46:12
9610,830,2021-03-23 15:45:55
9611,861,2021-08-11 14:46:06
9612,596,2022-07-25 04:54:09
9613,456,2023-02-20 00:10:13
9614,435,2022-05-04 12:55:42
9615,119,2021-06-13 15:24:06
9616,192,2024-07-31 08:45:01
9617,893,2023-02-07 01:17:46
9618,860,2024-05-14 10:42:23
9619,954,2020-11-26 05:35:24
9620,776,2025-08-29 02:07:01
9621,554,2020-01-27 04:45:55
9622,588,2021-06-21 17:45:38
9623,718,2020-06-04 15:49:41
9624,371,2023-10-18 18:22:10
9625,820,2025-11-24 22:08:28
9626,154,2024-09-16 15:30:50
9627,225,2022-01-17 06:39:13
9628,978,2022-12-21 06:58:48
9629,794,2025-02-14 06:46:50
9630,608,2024-12-09 16:13:38
9631,569,2026-06-27 05:05:52
9632,807,2023-11-12 03:02:00
9633,409,2024-04-02 00:31:28
9634,713,2021-11-07 02:16:12
9635,309,2022-10-26 22:33:24
9636,934,2026-05-20 21:50:24
9637,754,2023-11-07 06:55:31
9638,738,2024-01-19 11:30:15
9639,696,2020-04-17 11:11:00
9640,309,2026-05-14 17:12:04
9641,105,2025-01-30 07:01:42
9642,550,2026-05-16 11:03:30
9643,335,2022-05-08 07:29:28
9644,860,2022-07-21 03:08:39
9645,320,2022-02-28 08:05:47
9646,548,2025-10-19 10:03:57
9647,893,2021-10-16 21:44:29
9648,725,2024-03-08 19:40:53
9649,297,2020-04-19 16:09:26
9650,542,2020-03-16 00:38:03
9651,139,2021-09-09 05:01:35
9652,287,2025-05-10 02:55:10
9653,811,2021-05-11 16:37:54
9654,455,2023-02-17 11:11:15
9655,566,2023-08-17 18:26:49
9656,732,2021-06-22 07:13:04
9657,262,2023-09-04 19:58:49
9658,309,2025-10-14 23:29:22
9659,422,2025-02-28 11:28:50
9660,313,2020-05-01 06:10:12
9661,415,2026-03-06 16:34:03
9662,820,2024-11-12 00:56:38
9663,645,2020-10-01 14:21:00
9664,938,2023-02-19 03:14:59
9665,286,2020-07-11 14:32:40
9666,794,2024-09-29 15:41:22
9667,957,2025-06-07 10:21:43
9668,631,2023-10-16 00:37:21
9669,753,2021-02-01 09:21:02
9670,557,2024-11-27 05:57:15
9671,860,2024-08-15 19:18:43
9672,152,2021-06-08 14:11:32
9673,801,2023-10-21 03:34:58
9674,290,2023-03-25 22:08:02
9675,543,2022-07-14 20:35:17
9676,352,2023-08-19 01:43:44
9677,178,2024-07-01 04:06:31
9678,605,2024-04-30 08:42:12
9679,436,2023-04-26 19:55:12
9680,859,2026-06-09 09:06:27
9681,223,2024-03-26 14:16:02
9682,157,2026-03-27 21:35:43
9683,605,2024-09-14 18:32:47
9684,975,2024-01-14 17:20:28
9685,383,2020-11-04 02:03:25
9686,248,2024-11-23 14:41:09
9687,801,2023-04-01 02:32:28
9688,383,2022-08-25 20:37:28
9689,659,2023-07-22 06:29:30
9690,965,2020-10-23 05:17:36
9691,478,2021-03-24 13:47:17
9692,472,2025-11-06 04:59:57
9693,178,2022-10-08 14:34:00
9694,383,2024-12-08 00:18:02
9695,936,2026-08-10 06:24:22
9696,738,2025-09-15 14:23:25
9697,279,2026-07-03 05:27:57
9698,772,2026-08-11 04:48:03
9699,975,2022-06-22 21:46:10
9700,556,2022-05-03 10:49:31
9701,579,2021-07-31 11:24:57
9702,936,2022-01-26 02:09:54
9703,663,2020-01-20 00:35:49
9704,160,2025-02-18 21:32:55
9705,753,2023-11-30 18:07:23
9706,219,2021-08-04 22:19:11
9707,160,2024-05-09 12:01:00
9708,314,2026-01-19 23:54:00
9709,605,2023-09-28 15:51:34
9710,478,2024-07-26 20:38:02
9711,325,2022-04-21 00:12:57
9712,925,2023-01-05 02:52:58
9713,952,2022-10-04 20:25:21
9714,967,2022-02-13 04:37:32
9715,218,2024-11-11 23:59:34
9716,446,2024-12-22 23:51:28
9717,387,2020-04-23 23:31:51
9718,871,2024-10-11 01:01:31
9719,225,2024-03-25 03:53:17
9720,895,2022-09-08 07:55:28
9721,353,2020-07-27 08:46:37
9722,342,2025-06-22 09:57:18
9723,527,2024-05-06 17:28:05
9724,208,2024-04-11 07:32:58
9725,822,2025-02-20 13:11:55
9726,342,2024-01-05 15:45:31
9727,802,2023-05-18 00:47:20
9728,716,2024-03-14 16:27:27
9729,485,2025-11-14 04:18:48
9730,515,2025-08-07 09:04:17
9731,346,2025-06-26 16:23:56
9732,219,2020-09-17 08:06:46
9733,497,2025-08-22 16:30:11
9734,569,2022-04-28 22:16:43
9735,690,2021-12-05 02:40:10
9736,535,2022-04-19 22:14:36
9737,125,2026-07-25 16:57:53
9738,297,2021-10-14 03:20:36
9739,279,2020-04-07 00:29:44
9740,799,2021-05-18 06:55:08
9741,208,2020-01-28 09:45:17
9742,682,2025-09-25 08:59:49
9743,554,2024-09-15 14:59:50
9744,936,2020-10-18 11:53:52
9745,842,2022-12-25 03:46:29
9746,464,2024-04-04 12:00:18
9747,573,2024-09-06 17:37:53
9748,776,2026-06-20 02:57:06
9749,646,2023-06-24 11:28:41
9750,646,2025-07-06 21:28:48
9751,387,2024-06-24 11:52:30
9752,678,2024-11-08 12:25:55
9753,236,2025-05-22 12:02:35
9754,664,2021-05-29 00:32:42
9755,913,2023-11-01 20:08:37
9756,126,2023-06-27 10:56:20
9757,963,2022-01-27 02:31:23
9758,214,2023-03-23 18:39:34
9759,162,2025-07-20 16:08:37
9760,467,2025-08-15 15:09:29
9761,174,2023-05-10 23:17:09
9762,243,2020-01-21 13:04:43
9763,514,2026-03-19 11:44:02
9764,247,2021-11-28 19:52:34
9765,305,2022-08-08 20:33:27
9766,223,2023-02-02 01:03:24
9767,802,2025-05-15 04:19:26
9768,258,2024-11-03 06:37:02
9769,494,2021-10-26 02:16:15
9770,925,2022-03-05 02:34:44
9771,688,2026-05-10 07:15:52
9772,249,2020-11-19 03:58:07
9773,423,2025-09-13 08:42:01
9774,646,2023-12-19 08:32:34
9775,218,2023-11-06 16:31:20
9776,283,2021-06-30 22:18:22
9777,495,2026-05-21 12:06:21
9778,539,2023-02-06 06:26:38
9779,431,2022-11-02 11:29:45
9780,722,2025-11-13 06:20:04
9781,371,2025-01-29 18:56:34
9782,303,2025-08-16 14:45:59
9783,183,2022-09-16 10:22:25
9784,934,2024-10-03 19:27:56
9785,748,2022-04-12 17:45:51
9786,753,2023-12-26 22:56:47
9787,659,2024-11-26 21:16:04
9788,615,2025-12-26 04:20:43
9789,727,2020-07-07 22:07:38
9790,609,2026-07-16 03:49:52
9791,626,2024-11-05 04:16:55
9792,250,2023-06-09 20:30:26
9793,225,2021-11-19 18:12:25
9794,423,2026-01-07 09:08:27
9795,859,2024-01-22 03:31:37
9796,431,2022-02-22 13:30:36
9797,119,2020-07-18 02:52:56
9798,993,2021-06-21 20:59:52
9799,297,2025-07-18 02:38:48
9800,992,2023-07-05 23:47:43
9801,824,2021-06-05 00:12:34
9802,934,2025-02-03 05:06:58
9803,844,2021-05-23 11:40:04
9804,690,2020-06-18 20:17:57
9805,664,2024-04-16 05:52:19
9806,387,2023-01-13 13:44:11
9807,870,2020-05-26 03:25:21
9808,250,2024-07-29 06:40:50
9809,992,2022-05-18 21:22:02
9810,354,2021-09-29 09:12:46
9811,618,2024-04-18 04:20:15
9812,851,2026-01-14 02:17:00
9813,992,2020-08-07 20:31:20
9814,633,2025-11-28 09:04:43
9815,349,2021-10-15 01:09:56
9816,645,2025-12-07 09:12:48
9817,682,2023-11-20 01:31:17
9818,379,2020-02-29 23:38:13
9819,913,2022-10-07 05:32:03
9820,419,2026-07-21 20:56:36
9821,220,2025-03-22 00:08:16
9822,383,2020-01-17 09:59:50
9823,710,2020-12-18 00:58:39
9824,627,2025-04-01 15:06:42
9825,467,2021-12-13 07:43:21
9826,822,2022-09-16 04:48:55
9827,921,2025-04-28 20:41:14
9828,921,2024-11-21 11:21:16
9829,345,2024-06-17 02:28:08
9830,739,2024-01-02 15:14:21
9831,939,2023-06-23 17:59:06
9832,861,2025-04-01 03:11:58
9833,755,2024-07-22 13:06:21
9834,181,2022-10-08 18:13:51
9835,321,2026-06-21 23:55:08
9836,186,2022-12-26 05:29:45
9837,965,2021-07-22 02:22:03
9838,191,2021-02-06 06:56:16
9839,998,2022-06-30 20:15:36
9840,185,2024-11-23 05:30:39
9841,419,2026-01-19 19:41:56
9842,713,2025-08-27 05:57:18
9843,449,2025-01-02 15:12:13
9844,225,2026-05-03 02:53:08
9845,976,2020-06-26 07:28:58
9846,696,2021-03-25 04:28:22
9847,729,2022-09-19 18:44:50
9848,581,2023-07-14 14:42:58
9849,890,2023-03-24 05:05:50
9850,845,2021-01-01 13:43:11
9851,435,2020-05-17 22:25:54
9852,967,2023-08-25 19:05:02
9853,493,2023-02-04 08:12:25
9854,236,2022-06-02 12:17:18
9855,236,2022-05-11 05:47:49
9856,854,2024-09-09 18:05:16
9857,512,2021-10-02 22:48:59
9858,846,2020-01-31 20:03:29
9859,760,2021-09-07 05:58:56
9860,807,2024-12-13 12:45:32
9861,575,2023-07-31 05:29:32
9862,710,2025-09-08 14:58:34
9863,987,2025-05-29 03:03:38
9864,119,2022-06-13 06:34:48
9865,283,2022-06-12 01:00:02
9866,739,2020-06-26 01:42:27
9867,478,2021-07-29 10:32:46
9868,258,2024-10-03 20:30:59
9869,617,2023-09-16 09:25:23
9870,783,2024-08-19 03:30:10
9871,320,2023-06-19 14:41:01
9872,107,2023-03-30 08:51:26
9873,282,2022-06-06 07:11:45
9874,720,2024-03-30 11:41:50
9875,754,2024-08-19 16:18:52
9876,655,2020-09-23 10:18:47
9877,735,2022-04-02 10:07:29
9878,633,2025-07-20 06:20:48
9879,738,2025-10-09 11:06:50
9880,158,2025-08-08 12:36:43
9881,159,2024-01-10 22:52:36
9882,174,2026-07-03 13:20:50
9883,735,2020-02-21 01:50:59
9884,800,2022-07-25 22:14:28
9885,138,2023-07-13 04:11:36
9886,924,2024-06-06 23:17:33
9887,872,2021-07-26 02:00:36
9888,282,2022-01-23 04:20:05
9889,911,2022-12-23 10:22:30
9890,626,2026-08-04 20:23:53
9891,678,2022-03-21 14:41:08
9892,794,2025-06-08 12:26:02
9893,225,2020-10-14 09:09:59
9894,801,2023-06-11 06:03:11
9895,966,2025-04-16 01:34:04
9896,756,2025-06-16 04:11:37
9897,309,2021-08-07 03:01:39
9898,594,2022-03-31 11:40:48
9899,211,2023-06-29 21:12:38
9900,495,2021-11-11 19:40:23
9901,353,2020-12-22 22:43:42
9902,811,2023-06-05 18:25:57
9903,608,2026-03-31 08:01:29
9904,534,2024-11-06 21:41:42
9905,183,2023-09-07 06:38:03
9906,795,2026-02-13 14:34:59
9907,478,2023-04-19 15:25:29
9908,334,2020-04-08 01:28:32
9909,100,2023-06-26 09:25:27
9910,860,2024-03-25 19:19:44
9911,412,2022-06-28 13:59:43
9912,905,2020-01-20 21:36:40
9913,201,2022-05-11 16:26:32
9914,282,2023-12-29 23:01:33
9915,610,2023-10-05 18:11:21
9916,895,2024-10-15 05:36:30
9917,666,2022-01-25 12:24:36
9918,838,2021-08-22 06:51:58
9919,594,2021-08-07 10:28:47
9920,387,2021-10-12 15:15:40
9921,963,2023-05-30 22:52:56
9922,730,2026-01-22 22:38:45
9923,683,2025-04-23 01:46:43
9924,383,2025-03-29 05:12:49
9925,851,2022-09-13 08:40:16
9926,605,2024-10-29 13:25:06
9927,985,2023-12-18 03:59:19
9928,729,2024-05-01 02:34:03
9929,452,2025-10-03 12:10:32
9930,262,2026-02-26 12:48:47
9931,251,2025-10-30 22:33:30
9932,952,2021-11-24 08:16:38
9933,309,2022-11-09 00:48:15
9934,420,2024-01-15 02:33:27
9935,335,2023-08-20 13:51:05
9936,794,2023-05-12 08:03:54
9937,412,2026-01-21 07:44:41
9938,992,2021-02-19 17:15:34
9939,153,2021-05-11 12:37:47
9940,688,2023-01-02 15:26:37
9941,738,2021-07-07 20:53:50
9942,924,2022-04-13 15:31:38
9943,214,2022-10-11 20:39:35
9944,920,2020-01-10 02:49:43
9945,605,2021-10-08 05:59:51
9946,153,2020-11-10 12:13:06
9947,344,2024-02-12 05:01:00
9948,729,2021-09-19 07:37:06
9949,653,2021-09-14 06:04:59
9950,100,2022-09-19 12:40:48
9951,334,2022-06-07 21:04:18
9952,131,2020-01-20 18:35:11
9953,342,2021-11-18 15:02:11
9954,494,2021-05-15 17:38:58
9955,214,2025-06-05 05:02:53
9956,696,2022-01-19 19:22:38
9957,668,2022-09-30 03:42:49
9958,608,2025-06-13 20:20:25
9959,281,2026-06-14 22:44:00
9960,796,2020-01-24 22:06:41
9961,314,2020-11-20 14:24:55
9962,336,2022-05-20 05:18:54
9963,201,2025-12-09 07:16:13
9964,223,2025-09-21 15:07:23
9965,391,2020-10-24 10:18:46
9966,475,2023-06-01 13:39:07
9967,422,2025-03-20 20:03:57
9968,435,2026-03-12 14:00:08
9969,936,2021-07-30 17:11:57
9970,353,2022-11-08 01:02:39
9971,228,2025-10-29 00:55:55
9972,794,2022-04-07 09:40:45
9973,954,2021-04-12 05:53:13
9974,243,2021-04-08 12:42:43
9975,627,2020-04-12 11:55:38
9976,125,2022-05-29 05:16:44
9977,539,2026-02-15 07:08:43
9978,216,2023-12-05 05:45:28
9979,711,2021-10-18 11:09:41
9980,921,2020-06-24 05:05:14
9981,696,2021-02-08 13:29:36
9982,154,2023-04-03 05:33:57
9983,513,2022-05-31 05:56:24
9984,475,2020-04-18 03:47:48
9985,505,2024-06-30 14:32:07
9986,696,2024-11-08 14:50:53
9987,398,2026-01-08 13:47:08
9988,970,2020-01-29 05:20:06
9989,785,2022-02-12 16:25:55
9990,872,2021-11-24 13:28:14
9991,154,2020-03-05 05:10:02
9992,609,2026-06-06 09:05:30
9993,334,2023-10-16 06:41:54
9994,225,2023-03-04 21:00:23
9995,666,2022-03-19 02:38:33
9996,638,2020-10-31 01:42:21
9997,153,2025-01-06 10:50:20
9998,493,2025-12-01 08:32:20
9999,218,2026-02-21 09:26:59
